[       1ms] [ERROR] Loading the image 'https://cdn.simpleicons.org/supabase/0D0E14' violates the following Content Security Policy directive: "img-src 'self' data: blob: https://res.cloudinary.com". The action has been blocked. @ https://traceo-ljwsxigry-syaakiirrmfs-projects.vercel.app/:0
[       4ms] [ERROR] Loading the image 'https://cdn.simpleicons.org/nextdotjs/0D0E14' violates the following Content Security Policy directive: "img-src 'self' data: blob: https://res.cloudinary.com". The action has been blocked. @ https://traceo-ljwsxigry-syaakiirrmfs-projects.vercel.app/:0
[       5ms] [ERROR] Loading the image 'https://cdn.simpleicons.org/cloudinary/0D0E14' violates the following Content Security Policy directive: "img-src 'self' data: blob: https://res.cloudinary.com". The action has been blocked. @ https://traceo-ljwsxigry-syaakiirrmfs-projects.vercel.app/:0
[       5ms] [ERROR] Loading the image 'https://cdn.simpleicons.org/google/0D0E14' violates the following Content Security Policy directive: "img-src 'self' data: blob: https://res.cloudinary.com". The action has been blocked. @ https://traceo-ljwsxigry-syaakiirrmfs-projects.vercel.app/:0
[      52ms] [ERROR] Loading the image 'https://cdn.simpleicons.org/supabase/0D0E14' violates the following Content Security Policy directive: "img-src 'self' data: blob: https://res.cloudinary.com". The action has been blocked. @ https://traceo-ljwsxigry-syaakiirrmfs-projects.vercel.app/:0
[      53ms] [ERROR] Loading the image 'https://cdn.simpleicons.org/nextdotjs/0D0E14' violates the following Content Security Policy directive: "img-src 'self' data: blob: https://res.cloudinary.com". The action has been blocked. @ https://traceo-ljwsxigry-syaakiirrmfs-projects.vercel.app/:0
[      54ms] [ERROR] Loading the image 'https://cdn.simpleicons.org/cloudinary/0D0E14' violates the following Content Security Policy directive: "img-src 'self' data: blob: https://res.cloudinary.com". The action has been blocked. @ https://traceo-ljwsxigry-syaakiirrmfs-projects.vercel.app/:0
[      54ms] [ERROR] Loading the image 'https://cdn.simpleicons.org/google/0D0E14' violates the following Content Security Policy directive: "img-src 'self' data: blob: https://res.cloudinary.com". The action has been blocked. @ https://traceo-ljwsxigry-syaakiirrmfs-projects.vercel.app/:0
[      55ms] [ERROR] Loading media from  'https://future.co/images/homepage/glassy-orb/orb-purple.webm' violates the following Content Security Policy directive: "default-src 'self'". Note that 'media-src' was not explicitly set, so 'default-src' is used as a fallback. The action has been blocked. @ https://traceo-ljwsxigry-syaakiirrmfs-projects.vercel.app/:0
[     942ms] [ERROR] Loading the script 'https://vercel.live/_next-live/feedback/feedback.js' violates the following Content Security Policy directive: "script-src 'self' 'unsafe-inline' https://va.vercel-scripts.com". Note that 'script-src-elem' was not explicitly set, so 'script-src' is used as a fallback. The action has been blocked. @ https://traceo-ljwsxigry-syaakiirrmfs-projects.vercel.app/_next/static/chunks/turbopack-2gk1rgmey-bma.js:4
[  164612ms] [ERROR] Loading the script 'https://vercel.live/_next-live/feedback/feedback.js' violates the following Content Security Policy directive: "script-src 'self' 'unsafe-inline' https://va.vercel-scripts.com". Note that 'script-src-elem' was not explicitly set, so 'script-src' is used as a fallback. The action has been blocked. @ https://traceo-ljwsxigry-syaakiirrmfs-projects.vercel.app/_next/static/chunks/turbopack-2gk1rgmey-bma.js:4
[  729615ms] [LOG] %c
▲

__  __                                     _            __
\ \/ /___  __  __   _________ _____       (_)_  _______/ /_
 \  / __ \/ / / /  / ___/ __ `/ __ \     / / / / / ___/ __/
 / / /_/ / /_/ /  / /__/ /_/ / / / /    / / /_/ (__  ) /_
/_/\____/\__,_/   \___/\__,_/_/ /_/  __/ /\__,_/____/\__/
         __    _          __  __    /___/
   _____/ /_  (_)___     / /_/ /_  (_)___  ____ ______
  / ___/ __ \/ / __ \   / __/ __ \/ / __ \/ __ `/ ___/
 (__  ) / / / / /_/ /  / /_/ / / / / / / / /_/ (__  )
/____/_/ /_/_/ .___/   \__/_/ /_/_/_/ /_/\__, /____/
            /_/                         /____/
  

Hello!

- Open Source https://vercel.com/oss
- Careers https://vercel.com/careers
- Status https://www.vercel-status.com

 font-family: "Geist Mono", monospace; white-space: pre; line-height: 1; @ https://vercel.com/_next/static/immutable/chunks/1ez_xjl8u_-5_.js:78
[  740318ms] [WARNING] Deprecated API for given entry type. @ https://vercel.com/_next/static/immutable/chunks/2z1mfeti2mxfn.js:18
[  748134ms] [WARNING] The resource https://vercel.com/_next/static/immutable/chunks/3-8o8rgv2oz7a.css was preloaded using link preload but not used within a few seconds from the window's load event. Please make sure it has an appropriate `as` value and it is preloaded intentionally. @ https://vercel.com/syaakiirrmfs-projects:0
[  748134ms] [WARNING] The resource https://vercel.com/_next/static/immutable/chunks/3flhcz7cw314y.css was preloaded using link preload but not used within a few seconds from the window's load event. Please make sure it has an appropriate `as` value and it is preloaded intentionally. @ https://vercel.com/syaakiirrmfs-projects:0
[  753522ms] [WARNING] The resource https://vercel.com/_next/static/immutable/chunks/3-8o8rgv2oz7a.css was preloaded using link preload but not used within a few seconds from the window's load event. Please make sure it has an appropriate `as` value and it is preloaded intentionally. @ https://vercel.com/syaakiirrmfs-projects:0
[  753524ms] [WARNING] The resource https://vercel.com/_next/static/immutable/chunks/3flhcz7cw314y.css was preloaded using link preload but not used within a few seconds from the window's load event. Please make sure it has an appropriate `as` value and it is preloaded intentionally. @ https://vercel.com/syaakiirrmfs-projects:0
[  798372ms] [ERROR] Error: Missing param(s) [project] in link to route "/[teamSlug]/[project]"
    at https://vercel.com/_next/static/immutable/chunks/3qi00qrpi2qml.js:2:2570
    at https://vercel.com/_next/static/immutable/chunks/3qi00qrpi2qml.js:2:3908
    at aj (https://vercel.com/_next/static/immutable/chunks/1ez_xjl8u_-5_.js:109:66413)
    at ic (https://vercel.com/_next/static/immutable/chunks/1ez_xjl8u_-5_.js:109:87432)
    at iL (https://vercel.com/_next/static/immutable/chunks/1ez_xjl8u_-5_.js:109:99301)
    at sZ (https://vercel.com/_next/static/immutable/chunks/1ez_xjl8u_-5_.js:109:145139)
    at https://vercel.com/_next/static/immutable/chunks/1ez_xjl8u_-5_.js:109:140046
    at sU (https://vercel.com/_next/static/immutable/chunks/1ez_xjl8u_-5_.js:109:140147)
    at ck (https://vercel.com/_next/static/immutable/chunks/1ez_xjl8u_-5_.js:109:174862)
    at MessagePort.C (https://vercel.com/_next/static/immutable/chunks/1ez_xjl8u_-5_.js:109:235590) {attributes: Object} @ https://vercel.com/_next/static/immutable/chunks/2sl1aftc4weqx.js:8
[  798663ms] [ERROR] Error: Missing param(s) [project] in link to route "/[teamSlug]/[project]"
    at https://vercel.com/_next/static/immutable/chunks/3qi00qrpi2qml.js:2:2570
    at https://vercel.com/_next/static/immutable/chunks/3qi00qrpi2qml.js:2:3908
    at aj (https://vercel.com/_next/static/immutable/chunks/1ez_xjl8u_-5_.js:109:66413)
    at ic (https://vercel.com/_next/static/immutable/chunks/1ez_xjl8u_-5_.js:109:87432)
    at iL (https://vercel.com/_next/static/immutable/chunks/1ez_xjl8u_-5_.js:109:99301)
    at sZ (https://vercel.com/_next/static/immutable/chunks/1ez_xjl8u_-5_.js:109:145139)
    at https://vercel.com/_next/static/immutable/chunks/1ez_xjl8u_-5_.js:109:140046
    at sU (https://vercel.com/_next/static/immutable/chunks/1ez_xjl8u_-5_.js:109:140147)
    at ck (https://vercel.com/_next/static/immutable/chunks/1ez_xjl8u_-5_.js:109:174862)
    at MessagePort.C (https://vercel.com/_next/static/immutable/chunks/1ez_xjl8u_-5_.js:109:235590) {attributes: Object} @ https://vercel.com/_next/static/immutable/chunks/2sl1aftc4weqx.js:8
[  798840ms] [ERROR] Failed to load resource: the server responded with a status of 429 () @ https://o205439.ingest.sentry.io/api/1323670/envelope/?sentry_key=d00780d432ac4ccf882f60dd02062e14&sentry_version=7&sentry_client=sentry.javascript.browser%2F7.111.0:0
[  799108ms] [ERROR] Error: Missing param(s) [project] in link to route "/[teamSlug]/[project]"
    at https://vercel.com/_next/static/immutable/chunks/3qi00qrpi2qml.js:2:2570
    at https://vercel.com/_next/static/immutable/chunks/3qi00qrpi2qml.js:2:3908
    at aj (https://vercel.com/_next/static/immutable/chunks/1ez_xjl8u_-5_.js:109:66413)
    at ic (https://vercel.com/_next/static/immutable/chunks/1ez_xjl8u_-5_.js:109:87432)
    at iL (https://vercel.com/_next/static/immutable/chunks/1ez_xjl8u_-5_.js:109:99301)
    at sZ (https://vercel.com/_next/static/immutable/chunks/1ez_xjl8u_-5_.js:109:145139)
    at https://vercel.com/_next/static/immutable/chunks/1ez_xjl8u_-5_.js:109:140046
    at sU (https://vercel.com/_next/static/immutable/chunks/1ez_xjl8u_-5_.js:109:140147)
    at ck (https://vercel.com/_next/static/immutable/chunks/1ez_xjl8u_-5_.js:109:174862)
    at MessagePort.C (https://vercel.com/_next/static/immutable/chunks/1ez_xjl8u_-5_.js:109:235590) {attributes: Object} @ https://vercel.com/_next/static/immutable/chunks/2sl1aftc4weqx.js:8
[  799115ms] [ERROR] Error: Missing param(s) [project] in link to route "/[teamSlug]/[project]"
    at https://vercel.com/_next/static/immutable/chunks/3qi00qrpi2qml.js:2:2570
    at https://vercel.com/_next/static/immutable/chunks/3qi00qrpi2qml.js:2:5203
    at Object.oE [as useMemo] (https://vercel.com/_next/static/immutable/chunks/1ez_xjl8u_-5_.js:109:75491)
    at push.r.useMemo (https://vercel.com/_next/static/immutable/chunks/3yj28cgcsk539.js:2:22543)
    at https://vercel.com/_next/static/immutable/chunks/3qi00qrpi2qml.js:2:4527
    at tx (https://vercel.com/_next/static/immutable/chunks/2j7mrzldu8mz6.js:2:70041)
    at aj (https://vercel.com/_next/static/immutable/chunks/1ez_xjl8u_-5_.js:109:66413)
    at ic (https://vercel.com/_next/static/immutable/chunks/1ez_xjl8u_-5_.js:109:87432)
    at iL (https://vercel.com/_next/static/immutable/chunks/1ez_xjl8u_-5_.js:109:99301)
    at sZ (https://vercel.com/_next/static/immutable/chunks/1ez_xjl8u_-5_.js:109:145139)
    at https://vercel.com/_next/static/immutable/chunks/1ez_xjl8u_-5_.js:109:140046
    at sU (https://vercel.com/_next/static/immutable/chunks/1ez_xjl8u_-5_.js:109:140147)
    at ck (https://vercel.com/_next/static/immutable/chunks/1ez_xjl8u_-5_.js:109:174862)
    at MessagePort.C (https://vercel.com/_next/static/immutable/chunks/1ez_xjl8u_-5_.js:109:235590) {attributes: Object} @ https://vercel.com/_next/static/immutable/chunks/2sl1aftc4weqx.js:8
[  799116ms] [ERROR] Error: Missing param(s) [project] in link to route "/[teamSlug]/[project]/deployments"
    at https://vercel.com/_next/static/immutable/chunks/3qi00qrpi2qml.js:2:2570
    at https://vercel.com/_next/static/immutable/chunks/3qi00qrpi2qml.js:2:5203
    at Object.oE [as useMemo] (https://vercel.com/_next/static/immutable/chunks/1ez_xjl8u_-5_.js:109:75491)
    at push.r.useMemo (https://vercel.com/_next/static/immutable/chunks/3yj28cgcsk539.js:2:22543)
    at https://vercel.com/_next/static/immutable/chunks/3qi00qrpi2qml.js:2:4527
    at tx (https://vercel.com/_next/static/immutable/chunks/2j7mrzldu8mz6.js:2:70041)
    at aj (https://vercel.com/_next/static/immutable/chunks/1ez_xjl8u_-5_.js:109:66413)
    at ic (https://vercel.com/_next/static/immutable/chunks/1ez_xjl8u_-5_.js:109:87432)
    at iL (https://vercel.com/_next/static/immutable/chunks/1ez_xjl8u_-5_.js:109:99301)
    at sZ (https://vercel.com/_next/static/immutable/chunks/1ez_xjl8u_-5_.js:109:145139)
    at https://vercel.com/_next/static/immutable/chunks/1ez_xjl8u_-5_.js:109:140046
    at sU (https://vercel.com/_next/static/immutable/chunks/1ez_xjl8u_-5_.js:109:140147)
    at ck (https://vercel.com/_next/static/immutable/chunks/1ez_xjl8u_-5_.js:109:174862)
    at MessagePort.C (https://vercel.com/_next/static/immutable/chunks/1ez_xjl8u_-5_.js:109:235590) {attributes: Object} @ https://vercel.com/_next/static/immutable/chunks/2sl1aftc4weqx.js:8
[  799118ms] [ERROR] Error: Missing param(s) [project] in link to route "/[teamSlug]/[project]/logs"
    at https://vercel.com/_next/static/immutable/chunks/3qi00qrpi2qml.js:2:2570
    at https://vercel.com/_next/static/immutable/chunks/3qi00qrpi2qml.js:2:5203
    at Object.oE [as useMemo] (https://vercel.com/_next/static/immutable/chunks/1ez_xjl8u_-5_.js:109:75491)
    at push.r.useMemo (https://vercel.com/_next/static/immutable/chunks/3yj28cgcsk539.js:2:22543)
    at https://vercel.com/_next/static/immutable/chunks/3qi00qrpi2qml.js:2:4527
    at tx (https://vercel.com/_next/static/immutable/chunks/2j7mrzldu8mz6.js:2:70041)
    at aj (https://vercel.com/_next/static/immutable/chunks/1ez_xjl8u_-5_.js:109:66413)
    at ic (https://vercel.com/_next/static/immutable/chunks/1ez_xjl8u_-5_.js:109:87432)
    at iL (https://vercel.com/_next/static/immutable/chunks/1ez_xjl8u_-5_.js:109:99301)
    at sZ (https://vercel.com/_next/static/immutable/chunks/1ez_xjl8u_-5_.js:109:145139)
    at https://vercel.com/_next/static/immutable/chunks/1ez_xjl8u_-5_.js:109:140046
    at sU (https://vercel.com/_next/static/immutable/chunks/1ez_xjl8u_-5_.js:109:140147)
    at ck (https://vercel.com/_next/static/immutable/chunks/1ez_xjl8u_-5_.js:109:174862)
    at MessagePort.C (https://vercel.com/_next/static/immutable/chunks/1ez_xjl8u_-5_.js:109:235590) {attributes: Object} @ https://vercel.com/_next/static/immutable/chunks/2sl1aftc4weqx.js:8
[  799119ms] [ERROR] Error: Missing param(s) [project] in link to route "/[teamSlug]/[project]/analytics"
    at https://vercel.com/_next/static/immutable/chunks/3qi00qrpi2qml.js:2:2570
    at https://vercel.com/_next/static/immutable/chunks/3qi00qrpi2qml.js:2:5203
    at Object.oE [as useMemo] (https://vercel.com/_next/static/immutable/chunks/1ez_xjl8u_-5_.js:109:75491)
    at push.r.useMemo (https://vercel.com/_next/static/immutable/chunks/3yj28cgcsk539.js:2:22543)
    at https://vercel.com/_next/static/immutable/chunks/3qi00qrpi2qml.js:2:4527
    at tx (https://vercel.com/_next/static/immutable/chunks/2j7mrzldu8mz6.js:2:70041)
    at aj (https://vercel.com/_next/static/immutable/chunks/1ez_xjl8u_-5_.js:109:66413)
    at ic (https://vercel.com/_next/static/immutable/chunks/1ez_xjl8u_-5_.js:109:87432)
    at iL (https://vercel.com/_next/static/immutable/chunks/1ez_xjl8u_-5_.js:109:99301)
    at sZ (https://vercel.com/_next/static/immutable/chunks/1ez_xjl8u_-5_.js:109:145139)
    at https://vercel.com/_next/static/immutable/chunks/1ez_xjl8u_-5_.js:109:140046
    at sU (https://vercel.com/_next/static/immutable/chunks/1ez_xjl8u_-5_.js:109:140147)
    at ck (https://vercel.com/_next/static/immutable/chunks/1ez_xjl8u_-5_.js:109:174862)
    at MessagePort.C (https://vercel.com/_next/static/immutable/chunks/1ez_xjl8u_-5_.js:109:235590) {attributes: Object} @ https://vercel.com/_next/static/immutable/chunks/2sl1aftc4weqx.js:8
[  799120ms] [ERROR] Error: Missing param(s) [project] in link to route "/[teamSlug]/[project]/speed-insights"
    at https://vercel.com/_next/static/immutable/chunks/3qi00qrpi2qml.js:2:2570
    at https://vercel.com/_next/static/immutable/chunks/3qi00qrpi2qml.js:2:5203
    at Object.oE [as useMemo] (https://vercel.com/_next/static/immutable/chunks/1ez_xjl8u_-5_.js:109:75491)
    at push.r.useMemo (https://vercel.com/_next/static/immutable/chunks/3yj28cgcsk539.js:2:22543)
    at https://vercel.com/_next/static/immutable/chunks/3qi00qrpi2qml.js:2:4527
    at tx (https://vercel.com/_next/static/immutable/chunks/2j7mrzldu8mz6.js:2:70041)
    at aj (https://vercel.com/_next/static/immutable/chunks/1ez_xjl8u_-5_.js:109:66413)
    at ic (https://vercel.com/_next/static/immutable/chunks/1ez_xjl8u_-5_.js:109:87432)
    at iL (https://vercel.com/_next/static/immutable/chunks/1ez_xjl8u_-5_.js:109:99301)
    at sZ (https://vercel.com/_next/static/immutable/chunks/1ez_xjl8u_-5_.js:109:145139)
    at https://vercel.com/_next/static/immutable/chunks/1ez_xjl8u_-5_.js:109:140046
    at sU (https://vercel.com/_next/static/immutable/chunks/1ez_xjl8u_-5_.js:109:140147)
    at ck (https://vercel.com/_next/static/immutable/chunks/1ez_xjl8u_-5_.js:109:174862)
    at MessagePort.C (https://vercel.com/_next/static/immutable/chunks/1ez_xjl8u_-5_.js:109:235590) {attributes: Object} @ https://vercel.com/_next/static/immutable/chunks/2sl1aftc4weqx.js:8
[  799122ms] [ERROR] Error: Missing param(s) [project] in link to route "/[teamSlug]/[project]/observability"
    at https://vercel.com/_next/static/immutable/chunks/3qi00qrpi2qml.js:2:2570
    at https://vercel.com/_next/static/immutable/chunks/3qi00qrpi2qml.js:2:5203
    at Object.oE [as useMemo] (https://vercel.com/_next/static/immutable/chunks/1ez_xjl8u_-5_.js:109:75491)
    at push.r.useMemo (https://vercel.com/_next/static/immutable/chunks/3yj28cgcsk539.js:2:22543)
    at https://vercel.com/_next/static/immutable/chunks/3qi00qrpi2qml.js:2:4527
    at tx (https://vercel.com/_next/static/immutable/chunks/2j7mrzldu8mz6.js:2:70041)
    at aj (https://vercel.com/_next/static/immutable/chunks/1ez_xjl8u_-5_.js:109:66413)
    at ic (https://vercel.com/_next/static/immutable/chunks/1ez_xjl8u_-5_.js:109:87432)
    at iL (https://vercel.com/_next/static/immutable/chunks/1ez_xjl8u_-5_.js:109:99301)
    at sZ (https://vercel.com/_next/static/immutable/chunks/1ez_xjl8u_-5_.js:109:145139)
    at https://vercel.com/_next/static/immutable/chunks/1ez_xjl8u_-5_.js:109:140046
    at sU (https://vercel.com/_next/static/immutable/chunks/1ez_xjl8u_-5_.js:109:140147)
    at ck (https://vercel.com/_next/static/immutable/chunks/1ez_xjl8u_-5_.js:109:174862)
    at MessagePort.C (https://vercel.com/_next/static/immutable/chunks/1ez_xjl8u_-5_.js:109:235590) {attributes: Object} @ https://vercel.com/_next/static/immutable/chunks/2sl1aftc4weqx.js:8
[  799123ms] [ERROR] Error: Missing param(s) [project] in link to route "/[teamSlug]/[project]/firewall"
    at https://vercel.com/_next/static/immutable/chunks/3qi00qrpi2qml.js:2:2570
    at https://vercel.com/_next/static/immutable/chunks/3qi00qrpi2qml.js:2:5203
    at Object.oE [as useMemo] (https://vercel.com/_next/static/immutable/chunks/1ez_xjl8u_-5_.js:109:75491)
    at push.r.useMemo (https://vercel.com/_next/static/immutable/chunks/3yj28cgcsk539.js:2:22543)
    at https://vercel.com/_next/static/immutable/chunks/3qi00qrpi2qml.js:2:4527
    at tx (https://vercel.com/_next/static/immutable/chunks/2j7mrzldu8mz6.js:2:70041)
    at aj (https://vercel.com/_next/static/immutable/chunks/1ez_xjl8u_-5_.js:109:66413)
    at ic (https://vercel.com/_next/static/immutable/chunks/1ez_xjl8u_-5_.js:109:87432)
    at iL (https://vercel.com/_next/static/immutable/chunks/1ez_xjl8u_-5_.js:109:99301)
    at sZ (https://vercel.com/_next/static/immutable/chunks/1ez_xjl8u_-5_.js:109:145139)
    at https://vercel.com/_next/static/immutable/chunks/1ez_xjl8u_-5_.js:109:140046
    at sU (https://vercel.com/_next/static/immutable/chunks/1ez_xjl8u_-5_.js:109:140147)
    at ck (https://vercel.com/_next/static/immutable/chunks/1ez_xjl8u_-5_.js:109:174862)
    at MessagePort.C (https://vercel.com/_next/static/immutable/chunks/1ez_xjl8u_-5_.js:109:235590) {attributes: Object} @ https://vercel.com/_next/static/immutable/chunks/2sl1aftc4weqx.js:8
[  799123ms] [ERROR] Error: Missing param(s) [project] in link to route "/[teamSlug]/[project]/cdn"
    at https://vercel.com/_next/static/immutable/chunks/3qi00qrpi2qml.js:2:2570
    at https://vercel.com/_next/static/immutable/chunks/3qi00qrpi2qml.js:2:5203
    at Object.oE [as useMemo] (https://vercel.com/_next/static/immutable/chunks/1ez_xjl8u_-5_.js:109:75491)
    at push.r.useMemo (https://vercel.com/_next/static/immutable/chunks/3yj28cgcsk539.js:2:22543)
    at https://vercel.com/_next/static/immutable/chunks/3qi00qrpi2qml.js:2:4527
    at tx (https://vercel.com/_next/static/immutable/chunks/2j7mrzldu8mz6.js:2:70041)
    at aj (https://vercel.com/_next/static/immutable/chunks/1ez_xjl8u_-5_.js:109:66413)
    at ic (https://vercel.com/_next/static/immutable/chunks/1ez_xjl8u_-5_.js:109:87432)
    at iL (https://vercel.com/_next/static/immutable/chunks/1ez_xjl8u_-5_.js:109:99301)
    at sZ (https://vercel.com/_next/static/immutable/chunks/1ez_xjl8u_-5_.js:109:145139)
    at https://vercel.com/_next/static/immutable/chunks/1ez_xjl8u_-5_.js:109:140046
    at sU (https://vercel.com/_next/static/immutable/chunks/1ez_xjl8u_-5_.js:109:140147)
    at ck (https://vercel.com/_next/static/immutable/chunks/1ez_xjl8u_-5_.js:109:174862)
    at MessagePort.C (https://vercel.com/_next/static/immutable/chunks/1ez_xjl8u_-5_.js:109:235590) {attributes: Object} @ https://vercel.com/_next/static/immutable/chunks/2sl1aftc4weqx.js:8
[  799124ms] [ERROR] Error: Missing param(s) [project] in link to route "/[teamSlug]/[project]/settings/environment-variables"
    at https://vercel.com/_next/static/immutable/chunks/3qi00qrpi2qml.js:2:2570
    at https://vercel.com/_next/static/immutable/chunks/3qi00qrpi2qml.js:2:5203
    at Object.oE [as useMemo] (https://vercel.com/_next/static/immutable/chunks/1ez_xjl8u_-5_.js:109:75491)
    at push.r.useMemo (https://vercel.com/_next/static/immutable/chunks/3yj28cgcsk539.js:2:22543)
    at https://vercel.com/_next/static/immutable/chunks/3qi00qrpi2qml.js:2:4527
    at tx (https://vercel.com/_next/static/immutable/chunks/2j7mrzldu8mz6.js:2:70041)
    at aj (https://vercel.com/_next/static/immutable/chunks/1ez_xjl8u_-5_.js:109:66413)
    at ic (https://vercel.com/_next/static/immutable/chunks/1ez_xjl8u_-5_.js:109:87432)
    at iL (https://vercel.com/_next/static/immutable/chunks/1ez_xjl8u_-5_.js:109:99301)
    at sZ (https://vercel.com/_next/static/immutable/chunks/1ez_xjl8u_-5_.js:109:145139)
    at https://vercel.com/_next/static/immutable/chunks/1ez_xjl8u_-5_.js:109:140046
    at sU (https://vercel.com/_next/static/immutable/chunks/1ez_xjl8u_-5_.js:109:140147)
    at ck (https://vercel.com/_next/static/immutable/chunks/1ez_xjl8u_-5_.js:109:174862)
    at MessagePort.C (https://vercel.com/_next/static/immutable/chunks/1ez_xjl8u_-5_.js:109:235590) {attributes: Object} @ https://vercel.com/_next/static/immutable/chunks/2sl1aftc4weqx.js:8
[  799131ms] [ERROR] Error: Missing param(s) [project] in link to route "/[teamSlug]/[project]/settings/domains"
    at https://vercel.com/_next/static/immutable/chunks/3qi00qrpi2qml.js:2:2570
    at https://vercel.com/_next/static/immutable/chunks/3qi00qrpi2qml.js:2:5203
    at Object.oE [as useMemo] (https://vercel.com/_next/static/immutable/chunks/1ez_xjl8u_-5_.js:109:75491)
    at push.r.useMemo (https://vercel.com/_next/static/immutable/chunks/3yj28cgcsk539.js:2:22543)
    at https://vercel.com/_next/static/immutable/chunks/3qi00qrpi2qml.js:2:4527
    at tx (https://vercel.com/_next/static/immutable/chunks/2j7mrzldu8mz6.js:2:70041)
    at aj (https://vercel.com/_next/static/immutable/chunks/1ez_xjl8u_-5_.js:109:66413)
    at ic (https://vercel.com/_next/static/immutable/chunks/1ez_xjl8u_-5_.js:109:87432)
    at iL (https://vercel.com/_next/static/immutable/chunks/1ez_xjl8u_-5_.js:109:99301)
    at sZ (https://vercel.com/_next/static/immutable/chunks/1ez_xjl8u_-5_.js:109:145139)
    at https://vercel.com/_next/static/immutable/chunks/1ez_xjl8u_-5_.js:109:140046
    at sU (https://vercel.com/_next/static/immutable/chunks/1ez_xjl8u_-5_.js:109:140147)
    at ck (https://vercel.com/_next/static/immutable/chunks/1ez_xjl8u_-5_.js:109:174862)
    at MessagePort.C (https://vercel.com/_next/static/immutable/chunks/1ez_xjl8u_-5_.js:109:235590) {attributes: Object} @ https://vercel.com/_next/static/immutable/chunks/2sl1aftc4weqx.js:8
[  799132ms] [ERROR] Error: Missing param(s) [project] in link to route "/[teamSlug]/[project]/connect"
    at https://vercel.com/_next/static/immutable/chunks/3qi00qrpi2qml.js:2:2570
    at https://vercel.com/_next/static/immutable/chunks/3qi00qrpi2qml.js:2:5203
    at Object.oE [as useMemo] (https://vercel.com/_next/static/immutable/chunks/1ez_xjl8u_-5_.js:109:75491)
    at push.r.useMemo (https://vercel.com/_next/static/immutable/chunks/3yj28cgcsk539.js:2:22543)
    at https://vercel.com/_next/static/immutable/chunks/3qi00qrpi2qml.js:2:4527
    at tx (https://vercel.com/_next/static/immutable/chunks/2j7mrzldu8mz6.js:2:70041)
    at aj (https://vercel.com/_next/static/immutable/chunks/1ez_xjl8u_-5_.js:109:66413)
    at ic (https://vercel.com/_next/static/immutable/chunks/1ez_xjl8u_-5_.js:109:87432)
    at iL (https://vercel.com/_next/static/immutable/chunks/1ez_xjl8u_-5_.js:109:99301)
    at sZ (https://vercel.com/_next/static/immutable/chunks/1ez_xjl8u_-5_.js:109:145139)
    at https://vercel.com/_next/static/immutable/chunks/1ez_xjl8u_-5_.js:109:140046
    at sU (https://vercel.com/_next/static/immutable/chunks/1ez_xjl8u_-5_.js:109:140147)
    at ck (https://vercel.com/_next/static/immutable/chunks/1ez_xjl8u_-5_.js:109:174862)
    at MessagePort.C (https://vercel.com/_next/static/immutable/chunks/1ez_xjl8u_-5_.js:109:235590) {attributes: Object} @ https://vercel.com/_next/static/immutable/chunks/2sl1aftc4weqx.js:8
[  799133ms] [ERROR] Error: Missing param(s) [project] in link to route "/[teamSlug]/[project]/settings/integrations"
    at https://vercel.com/_next/static/immutable/chunks/3qi00qrpi2qml.js:2:2570
    at https://vercel.com/_next/static/immutable/chunks/3qi00qrpi2qml.js:2:5203
    at Object.oE [as useMemo] (https://vercel.com/_next/static/immutable/chunks/1ez_xjl8u_-5_.js:109:75491)
    at push.r.useMemo (https://vercel.com/_next/static/immutable/chunks/3yj28cgcsk539.js:2:22543)
    at https://vercel.com/_next/static/immutable/chunks/3qi00qrpi2qml.js:2:4527
    at tx (https://vercel.com/_next/static/immutable/chunks/2j7mrzldu8mz6.js:2:70041)
    at aj (https://vercel.com/_next/static/immutable/chunks/1ez_xjl8u_-5_.js:109:66413)
    at ic (https://vercel.com/_next/static/immutable/chunks/1ez_xjl8u_-5_.js:109:87432)
    at iL (https://vercel.com/_next/static/immutable/chunks/1ez_xjl8u_-5_.js:109:99301)
    at sZ (https://vercel.com/_next/static/immutable/chunks/1ez_xjl8u_-5_.js:109:145139)
    at https://vercel.com/_next/static/immutable/chunks/1ez_xjl8u_-5_.js:109:140046
    at sU (https://vercel.com/_next/static/immutable/chunks/1ez_xjl8u_-5_.js:109:140147)
    at ck (https://vercel.com/_next/static/immutable/chunks/1ez_xjl8u_-5_.js:109:174862)
    at MessagePort.C (https://vercel.com/_next/static/immutable/chunks/1ez_xjl8u_-5_.js:109:235590) {attributes: Object} @ https://vercel.com/_next/static/immutable/chunks/2sl1aftc4weqx.js:8
[  799134ms] [ERROR] Error: Missing param(s) [project] in link to route "/[teamSlug]/[project]/stores"
    at https://vercel.com/_next/static/immutable/chunks/3qi00qrpi2qml.js:2:2570
    at https://vercel.com/_next/static/immutable/chunks/3qi00qrpi2qml.js:2:5203
    at Object.oE [as useMemo] (https://vercel.com/_next/static/immutable/chunks/1ez_xjl8u_-5_.js:109:75491)
    at push.r.useMemo (https://vercel.com/_next/static/immutable/chunks/3yj28cgcsk539.js:2:22543)
    at https://vercel.com/_next/static/immutable/chunks/3qi00qrpi2qml.js:2:4527
    at tx (https://vercel.com/_next/static/immutable/chunks/2j7mrzldu8mz6.js:2:70041)
    at aj (https://vercel.com/_next/static/immutable/chunks/1ez_xjl8u_-5_.js:109:66413)
    at ic (https://vercel.com/_next/static/immutable/chunks/1ez_xjl8u_-5_.js:109:87432)
    at iL (https://vercel.com/_next/static/immutable/chunks/1ez_xjl8u_-5_.js:109:99301)
    at sZ (https://vercel.com/_next/static/immutable/chunks/1ez_xjl8u_-5_.js:109:145139)
    at https://vercel.com/_next/static/immutable/chunks/1ez_xjl8u_-5_.js:109:140046
    at sU (https://vercel.com/_next/static/immutable/chunks/1ez_xjl8u_-5_.js:109:140147)
    at ck (https://vercel.com/_next/static/immutable/chunks/1ez_xjl8u_-5_.js:109:174862)
    at MessagePort.C (https://vercel.com/_next/static/immutable/chunks/1ez_xjl8u_-5_.js:109:235590) {attributes: Object} @ https://vercel.com/_next/static/immutable/chunks/2sl1aftc4weqx.js:8
[  799135ms] [ERROR] Error: Missing param(s) [project] in link to route "/[teamSlug]/[project]/flags"
    at https://vercel.com/_next/static/immutable/chunks/3qi00qrpi2qml.js:2:2570
    at https://vercel.com/_next/static/immutable/chunks/3qi00qrpi2qml.js:2:5203
    at Object.oE [as useMemo] (https://vercel.com/_next/static/immutable/chunks/1ez_xjl8u_-5_.js:109:75491)
    at push.r.useMemo (https://vercel.com/_next/static/immutable/chunks/3yj28cgcsk539.js:2:22543)
    at https://vercel.com/_next/static/immutable/chunks/3qi00qrpi2qml.js:2:4527
    at tx (https://vercel.com/_next/static/immutable/chunks/2j7mrzldu8mz6.js:2:70041)
    at aj (https://vercel.com/_next/static/immutable/chunks/1ez_xjl8u_-5_.js:109:66413)
    at ic (https://vercel.com/_next/static/immutable/chunks/1ez_xjl8u_-5_.js:109:87432)
    at iL (https://vercel.com/_next/static/immutable/chunks/1ez_xjl8u_-5_.js:109:99301)
    at sZ (https://vercel.com/_next/static/immutable/chunks/1ez_xjl8u_-5_.js:109:145139)
    at https://vercel.com/_next/static/immutable/chunks/1ez_xjl8u_-5_.js:109:140046
    at sU (https://vercel.com/_next/static/immutable/chunks/1ez_xjl8u_-5_.js:109:140147)
    at ck (https://vercel.com/_next/static/immutable/chunks/1ez_xjl8u_-5_.js:109:174862)
    at MessagePort.C (https://vercel.com/_next/static/immutable/chunks/1ez_xjl8u_-5_.js:109:235590) {attributes: Object} @ https://vercel.com/_next/static/immutable/chunks/2sl1aftc4weqx.js:8
[  799136ms] [ERROR] Error: Missing param(s) [project] in link to route "/[teamSlug]/[project]/agent"
    at https://vercel.com/_next/static/immutable/chunks/3qi00qrpi2qml.js:2:2570
    at https://vercel.com/_next/static/immutable/chunks/3qi00qrpi2qml.js:2:5203
    at Object.oE [as useMemo] (https://vercel.com/_next/static/immutable/chunks/1ez_xjl8u_-5_.js:109:75491)
    at push.r.useMemo (https://vercel.com/_next/static/immutable/chunks/3yj28cgcsk539.js:2:22543)
    at https://vercel.com/_next/static/immutable/chunks/3qi00qrpi2qml.js:2:4527
    at tx (https://vercel.com/_next/static/immutable/chunks/2j7mrzldu8mz6.js:2:70041)
    at aj (https://vercel.com/_next/static/immutable/chunks/1ez_xjl8u_-5_.js:109:66413)
    at ic (https://vercel.com/_next/static/immutable/chunks/1ez_xjl8u_-5_.js:109:87432)
    at iL (https://vercel.com/_next/static/immutable/chunks/1ez_xjl8u_-5_.js:109:99301)
    at sZ (https://vercel.com/_next/static/immutable/chunks/1ez_xjl8u_-5_.js:109:145139)
    at https://vercel.com/_next/static/immutable/chunks/1ez_xjl8u_-5_.js:109:140046
    at sU (https://vercel.com/_next/static/immutable/chunks/1ez_xjl8u_-5_.js:109:140147)
    at ck (https://vercel.com/_next/static/immutable/chunks/1ez_xjl8u_-5_.js:109:174862)
    at MessagePort.C (https://vercel.com/_next/static/immutable/chunks/1ez_xjl8u_-5_.js:109:235590) {attributes: Object} @ https://vercel.com/_next/static/immutable/chunks/2sl1aftc4weqx.js:8
[  799137ms] [ERROR] Error: Missing param(s) [project] in link to route "/[teamSlug]/[project]/ai-gateway"
    at https://vercel.com/_next/static/immutable/chunks/3qi00qrpi2qml.js:2:2570
    at https://vercel.com/_next/static/immutable/chunks/3qi00qrpi2qml.js:2:5203
    at Object.oE [as useMemo] (https://vercel.com/_next/static/immutable/chunks/1ez_xjl8u_-5_.js:109:75491)
    at push.r.useMemo (https://vercel.com/_next/static/immutable/chunks/3yj28cgcsk539.js:2:22543)
    at https://vercel.com/_next/static/immutable/chunks/3qi00qrpi2qml.js:2:4527
    at tx (https://vercel.com/_next/static/immutable/chunks/2j7mrzldu8mz6.js:2:70041)
    at aj (https://vercel.com/_next/static/immutable/chunks/1ez_xjl8u_-5_.js:109:66413)
    at ic (https://vercel.com/_next/static/immutable/chunks/1ez_xjl8u_-5_.js:109:87432)
    at iL (https://vercel.com/_next/static/immutable/chunks/1ez_xjl8u_-5_.js:109:99301)
    at sZ (https://vercel.com/_next/static/immutable/chunks/1ez_xjl8u_-5_.js:109:145139)
    at https://vercel.com/_next/static/immutable/chunks/1ez_xjl8u_-5_.js:109:140046
    at sU (https://vercel.com/_next/static/immutable/chunks/1ez_xjl8u_-5_.js:109:140147)
    at ck (https://vercel.com/_next/static/immutable/chunks/1ez_xjl8u_-5_.js:109:174862)
    at MessagePort.C (https://vercel.com/_next/static/immutable/chunks/1ez_xjl8u_-5_.js:109:235590) {attributes: Object} @ https://vercel.com/_next/static/immutable/chunks/2sl1aftc4weqx.js:8
[  799138ms] [ERROR] Error: Missing param(s) [project] in link to route "/[teamSlug]/[project]/sandboxes"
    at https://vercel.com/_next/static/immutable/chunks/3qi00qrpi2qml.js:2:2570
    at https://vercel.com/_next/static/immutable/chunks/3qi00qrpi2qml.js:2:5203
    at Object.oE [as useMemo] (https://vercel.com/_next/static/immutable/chunks/1ez_xjl8u_-5_.js:109:75491)
    at push.r.useMemo (https://vercel.com/_next/static/immutable/chunks/3yj28cgcsk539.js:2:22543)
    at https://vercel.com/_next/static/immutable/chunks/3qi00qrpi2qml.js:2:4527
    at tx (https://vercel.com/_next/static/immutable/chunks/2j7mrzldu8mz6.js:2:70041)
    at aj (https://vercel.com/_next/static/immutable/chunks/1ez_xjl8u_-5_.js:109:66413)
    at ic (https://vercel.com/_next/static/immutable/chunks/1ez_xjl8u_-5_.js:109:87432)
    at iL (https://vercel.com/_next/static/immutable/chunks/1ez_xjl8u_-5_.js:109:99301)
    at sZ (https://vercel.com/_next/static/immutable/chunks/1ez_xjl8u_-5_.js:109:145139)
    at https://vercel.com/_next/static/immutable/chunks/1ez_xjl8u_-5_.js:109:140046
    at sU (https://vercel.com/_next/static/immutable/chunks/1ez_xjl8u_-5_.js:109:140147)
    at ck (https://vercel.com/_next/static/immutable/chunks/1ez_xjl8u_-5_.js:109:174862)
    at MessagePort.C (https://vercel.com/_next/static/immutable/chunks/1ez_xjl8u_-5_.js:109:235590) {attributes: Object} @ https://vercel.com/_next/static/immutable/chunks/2sl1aftc4weqx.js:8
[  799139ms] [ERROR] Error: Missing param(s) [project] in link to route "/[teamSlug]/[project]/workflows"
    at https://vercel.com/_next/static/immutable/chunks/3qi00qrpi2qml.js:2:2570
    at https://vercel.com/_next/static/immutable/chunks/3qi00qrpi2qml.js:2:5203
    at Object.oE [as useMemo] (https://vercel.com/_next/static/immutable/chunks/1ez_xjl8u_-5_.js:109:75491)
    at push.r.useMemo (https://vercel.com/_next/static/immutable/chunks/3yj28cgcsk539.js:2:22543)
    at https://vercel.com/_next/static/immutable/chunks/3qi00qrpi2qml.js:2:4527
    at tx (https://vercel.com/_next/static/immutable/chunks/2j7mrzldu8mz6.js:2:70041)
    at aj (https://vercel.com/_next/static/immutable/chunks/1ez_xjl8u_-5_.js:109:66413)
    at ic (https://vercel.com/_next/static/immutable/chunks/1ez_xjl8u_-5_.js:109:87432)
    at iL (https://vercel.com/_next/static/immutable/chunks/1ez_xjl8u_-5_.js:109:99301)
    at sZ (https://vercel.com/_next/static/immutable/chunks/1ez_xjl8u_-5_.js:109:145139)
    at https://vercel.com/_next/static/immutable/chunks/1ez_xjl8u_-5_.js:109:140046
    at sU (https://vercel.com/_next/static/immutable/chunks/1ez_xjl8u_-5_.js:109:140147)
    at ck (https://vercel.com/_next/static/immutable/chunks/1ez_xjl8u_-5_.js:109:174862)
    at MessagePort.C (https://vercel.com/_next/static/immutable/chunks/1ez_xjl8u_-5_.js:109:235590) {attributes: Object} @ https://vercel.com/_next/static/immutable/chunks/2sl1aftc4weqx.js:8
[  799140ms] [ERROR] Error: Missing param(s) [project] in link to route "/[teamSlug]/[project]/images"
    at https://vercel.com/_next/static/immutable/chunks/3qi00qrpi2qml.js:2:2570
    at https://vercel.com/_next/static/immutable/chunks/3qi00qrpi2qml.js:2:5203
    at Object.oE [as useMemo] (https://vercel.com/_next/static/immutable/chunks/1ez_xjl8u_-5_.js:109:75491)
    at push.r.useMemo (https://vercel.com/_next/static/immutable/chunks/3yj28cgcsk539.js:2:22543)
    at https://vercel.com/_next/static/immutable/chunks/3qi00qrpi2qml.js:2:4527
    at tx (https://vercel.com/_next/static/immutable/chunks/2j7mrzldu8mz6.js:2:70041)
    at aj (https://vercel.com/_next/static/immutable/chunks/1ez_xjl8u_-5_.js:109:66413)
    at ic (https://vercel.com/_next/static/immutable/chunks/1ez_xjl8u_-5_.js:109:87432)
    at iL (https://vercel.com/_next/static/immutable/chunks/1ez_xjl8u_-5_.js:109:99301)
    at sZ (https://vercel.com/_next/static/immutable/chunks/1ez_xjl8u_-5_.js:109:145139)
    at https://vercel.com/_next/static/immutable/chunks/1ez_xjl8u_-5_.js:109:140046
    at sU (https://vercel.com/_next/static/immutable/chunks/1ez_xjl8u_-5_.js:109:140147)
    at ck (https://vercel.com/_next/static/immutable/chunks/1ez_xjl8u_-5_.js:109:174862)
    at MessagePort.C (https://vercel.com/_next/static/immutable/chunks/1ez_xjl8u_-5_.js:109:235590) {attributes: Object} @ https://vercel.com/_next/static/immutable/chunks/2sl1aftc4weqx.js:8
[  799141ms] [ERROR] Error: Missing param(s) [project] in link to route "/[teamSlug]/[project]/usage"
    at https://vercel.com/_next/static/immutable/chunks/3qi00qrpi2qml.js:2:2570
    at https://vercel.com/_next/static/immutable/chunks/3qi00qrpi2qml.js:2:5203
    at Object.oE [as useMemo] (https://vercel.com/_next/static/immutable/chunks/1ez_xjl8u_-5_.js:109:75491)
    at push.r.useMemo (https://vercel.com/_next/static/immutable/chunks/3yj28cgcsk539.js:2:22543)
    at https://vercel.com/_next/static/immutable/chunks/3qi00qrpi2qml.js:2:4527
    at tx (https://vercel.com/_next/static/immutable/chunks/2j7mrzldu8mz6.js:2:70041)
    at aj (https://vercel.com/_next/static/immutable/chunks/1ez_xjl8u_-5_.js:109:66413)
    at ic (https://vercel.com/_next/static/immutable/chunks/1ez_xjl8u_-5_.js:109:87432)
    at iL (https://vercel.com/_next/static/immutable/chunks/1ez_xjl8u_-5_.js:109:99301)
    at sZ (https://vercel.com/_next/static/immutable/chunks/1ez_xjl8u_-5_.js:109:145139)
    at https://vercel.com/_next/static/immutable/chunks/1ez_xjl8u_-5_.js:109:140046
    at sU (https://vercel.com/_next/static/immutable/chunks/1ez_xjl8u_-5_.js:109:140147)
    at ck (https://vercel.com/_next/static/immutable/chunks/1ez_xjl8u_-5_.js:109:174862)
    at MessagePort.C (https://vercel.com/_next/static/immutable/chunks/1ez_xjl8u_-5_.js:109:235590) {attributes: Object} @ https://vercel.com/_next/static/immutable/chunks/2sl1aftc4weqx.js:8
[  799141ms] [ERROR] Error: Missing param(s) [project] in link to route "/[teamSlug]/[project]/support"
    at https://vercel.com/_next/static/immutable/chunks/3qi00qrpi2qml.js:2:2570
    at https://vercel.com/_next/static/immutable/chunks/3qi00qrpi2qml.js:2:5203
    at Object.oE [as useMemo] (https://vercel.com/_next/static/immutable/chunks/1ez_xjl8u_-5_.js:109:75491)
    at push.r.useMemo (https://vercel.com/_next/static/immutable/chunks/3yj28cgcsk539.js:2:22543)
    at https://vercel.com/_next/static/immutable/chunks/3qi00qrpi2qml.js:2:4527
    at tx (https://vercel.com/_next/static/immutable/chunks/2j7mrzldu8mz6.js:2:70041)
    at aj (https://vercel.com/_next/static/immutable/chunks/1ez_xjl8u_-5_.js:109:66413)
    at ic (https://vercel.com/_next/static/immutable/chunks/1ez_xjl8u_-5_.js:109:87432)
    at iL (https://vercel.com/_next/static/immutable/chunks/1ez_xjl8u_-5_.js:109:99301)
    at sZ (https://vercel.com/_next/static/immutable/chunks/1ez_xjl8u_-5_.js:109:145139)
    at https://vercel.com/_next/static/immutable/chunks/1ez_xjl8u_-5_.js:109:140046
    at sU (https://vercel.com/_next/static/immutable/chunks/1ez_xjl8u_-5_.js:109:140147)
    at ck (https://vercel.com/_next/static/immutable/chunks/1ez_xjl8u_-5_.js:109:174862)
    at MessagePort.C (https://vercel.com/_next/static/immutable/chunks/1ez_xjl8u_-5_.js:109:235590) {attributes: Object} @ https://vercel.com/_next/static/immutable/chunks/2sl1aftc4weqx.js:8
[  799142ms] [ERROR] Error: Missing param(s) [project] in link to route "/[teamSlug]/[project]/settings"
    at https://vercel.com/_next/static/immutable/chunks/3qi00qrpi2qml.js:2:2570
    at https://vercel.com/_next/static/immutable/chunks/3qi00qrpi2qml.js:2:5203
    at Object.oE [as useMemo] (https://vercel.com/_next/static/immutable/chunks/1ez_xjl8u_-5_.js:109:75491)
    at push.r.useMemo (https://vercel.com/_next/static/immutable/chunks/3yj28cgcsk539.js:2:22543)
    at https://vercel.com/_next/static/immutable/chunks/3qi00qrpi2qml.js:2:4527
    at tx (https://vercel.com/_next/static/immutable/chunks/2j7mrzldu8mz6.js:2:70041)
    at aj (https://vercel.com/_next/static/immutable/chunks/1ez_xjl8u_-5_.js:109:66413)
    at ic (https://vercel.com/_next/static/immutable/chunks/1ez_xjl8u_-5_.js:109:87432)
    at iL (https://vercel.com/_next/static/immutable/chunks/1ez_xjl8u_-5_.js:109:99301)
    at sZ (https://vercel.com/_next/static/immutable/chunks/1ez_xjl8u_-5_.js:109:145139)
    at https://vercel.com/_next/static/immutable/chunks/1ez_xjl8u_-5_.js:109:140046
    at sU (https://vercel.com/_next/static/immutable/chunks/1ez_xjl8u_-5_.js:109:140147)
    at ck (https://vercel.com/_next/static/immutable/chunks/1ez_xjl8u_-5_.js:109:174862)
    at MessagePort.C (https://vercel.com/_next/static/immutable/chunks/1ez_xjl8u_-5_.js:109:235590) {attributes: Object} @ https://vercel.com/_next/static/immutable/chunks/2sl1aftc4weqx.js:8
[  799245ms] [ERROR] Error: Missing param(s) [project] in link to route "/[teamSlug]/[project]"
    at https://vercel.com/_next/static/immutable/chunks/3qi00qrpi2qml.js:2:2570
    at https://vercel.com/_next/static/immutable/chunks/3qi00qrpi2qml.js:2:3908
    at aj (https://vercel.com/_next/static/immutable/chunks/1ez_xjl8u_-5_.js:109:66413)
    at ic (https://vercel.com/_next/static/immutable/chunks/1ez_xjl8u_-5_.js:109:87432)
    at iL (https://vercel.com/_next/static/immutable/chunks/1ez_xjl8u_-5_.js:109:99301)
    at sZ (https://vercel.com/_next/static/immutable/chunks/1ez_xjl8u_-5_.js:109:145139)
    at https://vercel.com/_next/static/immutable/chunks/1ez_xjl8u_-5_.js:109:140046
    at sU (https://vercel.com/_next/static/immutable/chunks/1ez_xjl8u_-5_.js:109:140147)
    at ck (https://vercel.com/_next/static/immutable/chunks/1ez_xjl8u_-5_.js:109:174862)
    at MessagePort.C (https://vercel.com/_next/static/immutable/chunks/1ez_xjl8u_-5_.js:109:235590) {attributes: Object} @ https://vercel.com/_next/static/immutable/chunks/2sl1aftc4weqx.js:8
[  799254ms] [ERROR] Error: Missing param(s) [project] in link to route "/[teamSlug]/[project]"
    at https://vercel.com/_next/static/immutable/chunks/3qi00qrpi2qml.js:2:2570
    at https://vercel.com/_next/static/immutable/chunks/3qi00qrpi2qml.js:2:5203
    at Object.oE [as useMemo] (https://vercel.com/_next/static/immutable/chunks/1ez_xjl8u_-5_.js:109:75491)
    at push.r.useMemo (https://vercel.com/_next/static/immutable/chunks/3yj28cgcsk539.js:2:22543)
    at https://vercel.com/_next/static/immutable/chunks/3qi00qrpi2qml.js:2:4527
    at tx (https://vercel.com/_next/static/immutable/chunks/2j7mrzldu8mz6.js:2:70041)
    at aj (https://vercel.com/_next/static/immutable/chunks/1ez_xjl8u_-5_.js:109:66413)
    at ic (https://vercel.com/_next/static/immutable/chunks/1ez_xjl8u_-5_.js:109:87432)
    at iL (https://vercel.com/_next/static/immutable/chunks/1ez_xjl8u_-5_.js:109:99301)
    at sZ (https://vercel.com/_next/static/immutable/chunks/1ez_xjl8u_-5_.js:109:145139)
    at https://vercel.com/_next/static/immutable/chunks/1ez_xjl8u_-5_.js:109:140046
    at sU (https://vercel.com/_next/static/immutable/chunks/1ez_xjl8u_-5_.js:109:140147)
    at ck (https://vercel.com/_next/static/immutable/chunks/1ez_xjl8u_-5_.js:109:174862)
    at MessagePort.C (https://vercel.com/_next/static/immutable/chunks/1ez_xjl8u_-5_.js:109:235590) {attributes: Object} @ https://vercel.com/_next/static/immutable/chunks/2sl1aftc4weqx.js:8
[  799255ms] [ERROR] Error: Missing param(s) [project] in link to route "/[teamSlug]/[project]/deployments"
    at https://vercel.com/_next/static/immutable/chunks/3qi00qrpi2qml.js:2:2570
    at https://vercel.com/_next/static/immutable/chunks/3qi00qrpi2qml.js:2:5203
    at Object.oE [as useMemo] (https://vercel.com/_next/static/immutable/chunks/1ez_xjl8u_-5_.js:109:75491)
    at push.r.useMemo (https://vercel.com/_next/static/immutable/chunks/3yj28cgcsk539.js:2:22543)
    at https://vercel.com/_next/static/immutable/chunks/3qi00qrpi2qml.js:2:4527
    at tx (https://vercel.com/_next/static/immutable/chunks/2j7mrzldu8mz6.js:2:70041)
    at aj (https://vercel.com/_next/static/immutable/chunks/1ez_xjl8u_-5_.js:109:66413)
    at ic (https://vercel.com/_next/static/immutable/chunks/1ez_xjl8u_-5_.js:109:87432)
    at iL (https://vercel.com/_next/static/immutable/chunks/1ez_xjl8u_-5_.js:109:99301)
    at sZ (https://vercel.com/_next/static/immutable/chunks/1ez_xjl8u_-5_.js:109:145139)
    at https://vercel.com/_next/static/immutable/chunks/1ez_xjl8u_-5_.js:109:140046
    at sU (https://vercel.com/_next/static/immutable/chunks/1ez_xjl8u_-5_.js:109:140147)
    at ck (https://vercel.com/_next/static/immutable/chunks/1ez_xjl8u_-5_.js:109:174862)
    at MessagePort.C (https://vercel.com/_next/static/immutable/chunks/1ez_xjl8u_-5_.js:109:235590) {attributes: Object} @ https://vercel.com/_next/static/immutable/chunks/2sl1aftc4weqx.js:8
[  799256ms] [ERROR] Error: Missing param(s) [project] in link to route "/[teamSlug]/[project]/logs"
    at https://vercel.com/_next/static/immutable/chunks/3qi00qrpi2qml.js:2:2570
    at https://vercel.com/_next/static/immutable/chunks/3qi00qrpi2qml.js:2:5203
    at Object.oE [as useMemo] (https://vercel.com/_next/static/immutable/chunks/1ez_xjl8u_-5_.js:109:75491)
    at push.r.useMemo (https://vercel.com/_next/static/immutable/chunks/3yj28cgcsk539.js:2:22543)
    at https://vercel.com/_next/static/immutable/chunks/3qi00qrpi2qml.js:2:4527
    at tx (https://vercel.com/_next/static/immutable/chunks/2j7mrzldu8mz6.js:2:70041)
    at aj (https://vercel.com/_next/static/immutable/chunks/1ez_xjl8u_-5_.js:109:66413)
    at ic (https://vercel.com/_next/static/immutable/chunks/1ez_xjl8u_-5_.js:109:87432)
    at iL (https://vercel.com/_next/static/immutable/chunks/1ez_xjl8u_-5_.js:109:99301)
    at sZ (https://vercel.com/_next/static/immutable/chunks/1ez_xjl8u_-5_.js:109:145139)
    at https://vercel.com/_next/static/immutable/chunks/1ez_xjl8u_-5_.js:109:140046
    at sU (https://vercel.com/_next/static/immutable/chunks/1ez_xjl8u_-5_.js:109:140147)
    at ck (https://vercel.com/_next/static/immutable/chunks/1ez_xjl8u_-5_.js:109:174862)
    at MessagePort.C (https://vercel.com/_next/static/immutable/chunks/1ez_xjl8u_-5_.js:109:235590) {attributes: Object} @ https://vercel.com/_next/static/immutable/chunks/2sl1aftc4weqx.js:8
[  799257ms] [ERROR] Error: Missing param(s) [project] in link to route "/[teamSlug]/[project]/analytics"
    at https://vercel.com/_next/static/immutable/chunks/3qi00qrpi2qml.js:2:2570
    at https://vercel.com/_next/static/immutable/chunks/3qi00qrpi2qml.js:2:5203
    at Object.oE [as useMemo] (https://vercel.com/_next/static/immutable/chunks/1ez_xjl8u_-5_.js:109:75491)
    at push.r.useMemo (https://vercel.com/_next/static/immutable/chunks/3yj28cgcsk539.js:2:22543)
    at https://vercel.com/_next/static/immutable/chunks/3qi00qrpi2qml.js:2:4527
    at tx (https://vercel.com/_next/static/immutable/chunks/2j7mrzldu8mz6.js:2:70041)
    at aj (https://vercel.com/_next/static/immutable/chunks/1ez_xjl8u_-5_.js:109:66413)
    at ic (https://vercel.com/_next/static/immutable/chunks/1ez_xjl8u_-5_.js:109:87432)
    at iL (https://vercel.com/_next/static/immutable/chunks/1ez_xjl8u_-5_.js:109:99301)
    at sZ (https://vercel.com/_next/static/immutable/chunks/1ez_xjl8u_-5_.js:109:145139)
    at https://vercel.com/_next/static/immutable/chunks/1ez_xjl8u_-5_.js:109:140046
    at sU (https://vercel.com/_next/static/immutable/chunks/1ez_xjl8u_-5_.js:109:140147)
    at ck (https://vercel.com/_next/static/immutable/chunks/1ez_xjl8u_-5_.js:109:174862)
    at MessagePort.C (https://vercel.com/_next/static/immutable/chunks/1ez_xjl8u_-5_.js:109:235590) {attributes: Object} @ https://vercel.com/_next/static/immutable/chunks/2sl1aftc4weqx.js:8
[  799258ms] [ERROR] Error: Missing param(s) [project] in link to route "/[teamSlug]/[project]/speed-insights"
    at https://vercel.com/_next/static/immutable/chunks/3qi00qrpi2qml.js:2:2570
    at https://vercel.com/_next/static/immutable/chunks/3qi00qrpi2qml.js:2:5203
    at Object.oE [as useMemo] (https://vercel.com/_next/static/immutable/chunks/1ez_xjl8u_-5_.js:109:75491)
    at push.r.useMemo (https://vercel.com/_next/static/immutable/chunks/3yj28cgcsk539.js:2:22543)
    at https://vercel.com/_next/static/immutable/chunks/3qi00qrpi2qml.js:2:4527
    at tx (https://vercel.com/_next/static/immutable/chunks/2j7mrzldu8mz6.js:2:70041)
    at aj (https://vercel.com/_next/static/immutable/chunks/1ez_xjl8u_-5_.js:109:66413)
    at ic (https://vercel.com/_next/static/immutable/chunks/1ez_xjl8u_-5_.js:109:87432)
    at iL (https://vercel.com/_next/static/immutable/chunks/1ez_xjl8u_-5_.js:109:99301)
    at sZ (https://vercel.com/_next/static/immutable/chunks/1ez_xjl8u_-5_.js:109:145139)
    at https://vercel.com/_next/static/immutable/chunks/1ez_xjl8u_-5_.js:109:140046
    at sU (https://vercel.com/_next/static/immutable/chunks/1ez_xjl8u_-5_.js:109:140147)
    at ck (https://vercel.com/_next/static/immutable/chunks/1ez_xjl8u_-5_.js:109:174862)
    at MessagePort.C (https://vercel.com/_next/static/immutable/chunks/1ez_xjl8u_-5_.js:109:235590) {attributes: Object} @ https://vercel.com/_next/static/immutable/chunks/2sl1aftc4weqx.js:8
[  799259ms] [ERROR] Error: Missing param(s) [project] in link to route "/[teamSlug]/[project]/observability"
    at https://vercel.com/_next/static/immutable/chunks/3qi00qrpi2qml.js:2:2570
    at https://vercel.com/_next/static/immutable/chunks/3qi00qrpi2qml.js:2:5203
    at Object.oE [as useMemo] (https://vercel.com/_next/static/immutable/chunks/1ez_xjl8u_-5_.js:109:75491)
    at push.r.useMemo (https://vercel.com/_next/static/immutable/chunks/3yj28cgcsk539.js:2:22543)
    at https://vercel.com/_next/static/immutable/chunks/3qi00qrpi2qml.js:2:4527
    at tx (https://vercel.com/_next/static/immutable/chunks/2j7mrzldu8mz6.js:2:70041)
    at aj (https://vercel.com/_next/static/immutable/chunks/1ez_xjl8u_-5_.js:109:66413)
    at ic (https://vercel.com/_next/static/immutable/chunks/1ez_xjl8u_-5_.js:109:87432)
    at iL (https://vercel.com/_next/static/immutable/chunks/1ez_xjl8u_-5_.js:109:99301)
    at sZ (https://vercel.com/_next/static/immutable/chunks/1ez_xjl8u_-5_.js:109:145139)
    at https://vercel.com/_next/static/immutable/chunks/1ez_xjl8u_-5_.js:109:140046
    at sU (https://vercel.com/_next/static/immutable/chunks/1ez_xjl8u_-5_.js:109:140147)
    at ck (https://vercel.com/_next/static/immutable/chunks/1ez_xjl8u_-5_.js:109:174862)
    at MessagePort.C (https://vercel.com/_next/static/immutable/chunks/1ez_xjl8u_-5_.js:109:235590) {attributes: Object} @ https://vercel.com/_next/static/immutable/chunks/2sl1aftc4weqx.js:8
[  799261ms] [ERROR] Error: Missing param(s) [project] in link to route "/[teamSlug]/[project]/firewall"
    at https://vercel.com/_next/static/immutable/chunks/3qi00qrpi2qml.js:2:2570
    at https://vercel.com/_next/static/immutable/chunks/3qi00qrpi2qml.js:2:5203
    at Object.oE [as useMemo] (https://vercel.com/_next/static/immutable/chunks/1ez_xjl8u_-5_.js:109:75491)
    at push.r.useMemo (https://vercel.com/_next/static/immutable/chunks/3yj28cgcsk539.js:2:22543)
    at https://vercel.com/_next/static/immutable/chunks/3qi00qrpi2qml.js:2:4527
    at tx (https://vercel.com/_next/static/immutable/chunks/2j7mrzldu8mz6.js:2:70041)
    at aj (https://vercel.com/_next/static/immutable/chunks/1ez_xjl8u_-5_.js:109:66413)
    at ic (https://vercel.com/_next/static/immutable/chunks/1ez_xjl8u_-5_.js:109:87432)
    at iL (https://vercel.com/_next/static/immutable/chunks/1ez_xjl8u_-5_.js:109:99301)
    at sZ (https://vercel.com/_next/static/immutable/chunks/1ez_xjl8u_-5_.js:109:145139)
    at https://vercel.com/_next/static/immutable/chunks/1ez_xjl8u_-5_.js:109:140046
    at sU (https://vercel.com/_next/static/immutable/chunks/1ez_xjl8u_-5_.js:109:140147)
    at ck (https://vercel.com/_next/static/immutable/chunks/1ez_xjl8u_-5_.js:109:174862)
    at MessagePort.C (https://vercel.com/_next/static/immutable/chunks/1ez_xjl8u_-5_.js:109:235590) {attributes: Object} @ https://vercel.com/_next/static/immutable/chunks/2sl1aftc4weqx.js:8
[  799262ms] [ERROR] Error: Missing param(s) [project] in link to route "/[teamSlug]/[project]/cdn"
    at https://vercel.com/_next/static/immutable/chunks/3qi00qrpi2qml.js:2:2570
    at https://vercel.com/_next/static/immutable/chunks/3qi00qrpi2qml.js:2:5203
    at Object.oE [as useMemo] (https://vercel.com/_next/static/immutable/chunks/1ez_xjl8u_-5_.js:109:75491)
    at push.r.useMemo (https://vercel.com/_next/static/immutable/chunks/3yj28cgcsk539.js:2:22543)
    at https://vercel.com/_next/static/immutable/chunks/3qi00qrpi2qml.js:2:4527
    at tx (https://vercel.com/_next/static/immutable/chunks/2j7mrzldu8mz6.js:2:70041)
    at aj (https://vercel.com/_next/static/immutable/chunks/1ez_xjl8u_-5_.js:109:66413)
    at ic (https://vercel.com/_next/static/immutable/chunks/1ez_xjl8u_-5_.js:109:87432)
    at iL (https://vercel.com/_next/static/immutable/chunks/1ez_xjl8u_-5_.js:109:99301)
    at sZ (https://vercel.com/_next/static/immutable/chunks/1ez_xjl8u_-5_.js:109:145139)
    at https://vercel.com/_next/static/immutable/chunks/1ez_xjl8u_-5_.js:109:140046
    at sU (https://vercel.com/_next/static/immutable/chunks/1ez_xjl8u_-5_.js:109:140147)
    at ck (https://vercel.com/_next/static/immutable/chunks/1ez_xjl8u_-5_.js:109:174862)
    at MessagePort.C (https://vercel.com/_next/static/immutable/chunks/1ez_xjl8u_-5_.js:109:235590) {attributes: Object} @ https://vercel.com/_next/static/immutable/chunks/2sl1aftc4weqx.js:8
[  799264ms] [ERROR] Error: Missing param(s) [project] in link to route "/[teamSlug]/[project]/settings/environment-variables"
    at https://vercel.com/_next/static/immutable/chunks/3qi00qrpi2qml.js:2:2570
    at https://vercel.com/_next/static/immutable/chunks/3qi00qrpi2qml.js:2:5203
    at Object.oE [as useMemo] (https://vercel.com/_next/static/immutable/chunks/1ez_xjl8u_-5_.js:109:75491)
    at push.r.useMemo (https://vercel.com/_next/static/immutable/chunks/3yj28cgcsk539.js:2:22543)
    at https://vercel.com/_next/static/immutable/chunks/3qi00qrpi2qml.js:2:4527
    at tx (https://vercel.com/_next/static/immutable/chunks/2j7mrzldu8mz6.js:2:70041)
    at aj (https://vercel.com/_next/static/immutable/chunks/1ez_xjl8u_-5_.js:109:66413)
    at ic (https://vercel.com/_next/static/immutable/chunks/1ez_xjl8u_-5_.js:109:87432)
    at iL (https://vercel.com/_next/static/immutable/chunks/1ez_xjl8u_-5_.js:109:99301)
    at sZ (https://vercel.com/_next/static/immutable/chunks/1ez_xjl8u_-5_.js:109:145139)
    at https://vercel.com/_next/static/immutable/chunks/1ez_xjl8u_-5_.js:109:140046
    at sU (https://vercel.com/_next/static/immutable/chunks/1ez_xjl8u_-5_.js:109:140147)
    at ck (https://vercel.com/_next/static/immutable/chunks/1ez_xjl8u_-5_.js:109:174862)
    at MessagePort.C (https://vercel.com/_next/static/immutable/chunks/1ez_xjl8u_-5_.js:109:235590) {attributes: Object} @ https://vercel.com/_next/static/immutable/chunks/2sl1aftc4weqx.js:8
[  799265ms] [ERROR] Error: Missing param(s) [project] in link to route "/[teamSlug]/[project]/settings/domains"
    at https://vercel.com/_next/static/immutable/chunks/3qi00qrpi2qml.js:2:2570
    at https://vercel.com/_next/static/immutable/chunks/3qi00qrpi2qml.js:2:5203
    at Object.oE [as useMemo] (https://vercel.com/_next/static/immutable/chunks/1ez_xjl8u_-5_.js:109:75491)
    at push.r.useMemo (https://vercel.com/_next/static/immutable/chunks/3yj28cgcsk539.js:2:22543)
    at https://vercel.com/_next/static/immutable/chunks/3qi00qrpi2qml.js:2:4527
    at tx (https://vercel.com/_next/static/immutable/chunks/2j7mrzldu8mz6.js:2:70041)
    at aj (https://vercel.com/_next/static/immutable/chunks/1ez_xjl8u_-5_.js:109:66413)
    at ic (https://vercel.com/_next/static/immutable/chunks/1ez_xjl8u_-5_.js:109:87432)
    at iL (https://vercel.com/_next/static/immutable/chunks/1ez_xjl8u_-5_.js:109:99301)
    at sZ (https://vercel.com/_next/static/immutable/chunks/1ez_xjl8u_-5_.js:109:145139)
    at https://vercel.com/_next/static/immutable/chunks/1ez_xjl8u_-5_.js:109:140046
    at sU (https://vercel.com/_next/static/immutable/chunks/1ez_xjl8u_-5_.js:109:140147)
    at ck (https://vercel.com/_next/static/immutable/chunks/1ez_xjl8u_-5_.js:109:174862)
    at MessagePort.C (https://vercel.com/_next/static/immutable/chunks/1ez_xjl8u_-5_.js:109:235590) {attributes: Object} @ https://vercel.com/_next/static/immutable/chunks/2sl1aftc4weqx.js:8
[  799266ms] [ERROR] Error: Missing param(s) [project] in link to route "/[teamSlug]/[project]/connect"
    at https://vercel.com/_next/static/immutable/chunks/3qi00qrpi2qml.js:2:2570
    at https://vercel.com/_next/static/immutable/chunks/3qi00qrpi2qml.js:2:5203
    at Object.oE [as useMemo] (https://vercel.com/_next/static/immutable/chunks/1ez_xjl8u_-5_.js:109:75491)
    at push.r.useMemo (https://vercel.com/_next/static/immutable/chunks/3yj28cgcsk539.js:2:22543)
    at https://vercel.com/_next/static/immutable/chunks/3qi00qrpi2qml.js:2:4527
    at tx (https://vercel.com/_next/static/immutable/chunks/2j7mrzldu8mz6.js:2:70041)
    at aj (https://vercel.com/_next/static/immutable/chunks/1ez_xjl8u_-5_.js:109:66413)
    at ic (https://vercel.com/_next/static/immutable/chunks/1ez_xjl8u_-5_.js:109:87432)
    at iL (https://vercel.com/_next/static/immutable/chunks/1ez_xjl8u_-5_.js:109:99301)
    at sZ (https://vercel.com/_next/static/immutable/chunks/1ez_xjl8u_-5_.js:109:145139)
    at https://vercel.com/_next/static/immutable/chunks/1ez_xjl8u_-5_.js:109:140046
    at sU (https://vercel.com/_next/static/immutable/chunks/1ez_xjl8u_-5_.js:109:140147)
    at ck (https://vercel.com/_next/static/immutable/chunks/1ez_xjl8u_-5_.js:109:174862)
    at MessagePort.C (https://vercel.com/_next/static/immutable/chunks/1ez_xjl8u_-5_.js:109:235590) {attributes: Object} @ https://vercel.com/_next/static/immutable/chunks/2sl1aftc4weqx.js:8
[  799267ms] [ERROR] Error: Missing param(s) [project] in link to route "/[teamSlug]/[project]/settings/integrations"
    at https://vercel.com/_next/static/immutable/chunks/3qi00qrpi2qml.js:2:2570
    at https://vercel.com/_next/static/immutable/chunks/3qi00qrpi2qml.js:2:5203
    at Object.oE [as useMemo] (https://vercel.com/_next/static/immutable/chunks/1ez_xjl8u_-5_.js:109:75491)
    at push.r.useMemo (https://vercel.com/_next/static/immutable/chunks/3yj28cgcsk539.js:2:22543)
    at https://vercel.com/_next/static/immutable/chunks/3qi00qrpi2qml.js:2:4527
    at tx (https://vercel.com/_next/static/immutable/chunks/2j7mrzldu8mz6.js:2:70041)
    at aj (https://vercel.com/_next/static/immutable/chunks/1ez_xjl8u_-5_.js:109:66413)
    at ic (https://vercel.com/_next/static/immutable/chunks/1ez_xjl8u_-5_.js:109:87432)
    at iL (https://vercel.com/_next/static/immutable/chunks/1ez_xjl8u_-5_.js:109:99301)
    at sZ (https://vercel.com/_next/static/immutable/chunks/1ez_xjl8u_-5_.js:109:145139)
    at https://vercel.com/_next/static/immutable/chunks/1ez_xjl8u_-5_.js:109:140046
    at sU (https://vercel.com/_next/static/immutable/chunks/1ez_xjl8u_-5_.js:109:140147)
    at ck (https://vercel.com/_next/static/immutable/chunks/1ez_xjl8u_-5_.js:109:174862)
    at MessagePort.C (https://vercel.com/_next/static/immutable/chunks/1ez_xjl8u_-5_.js:109:235590) {attributes: Object} @ https://vercel.com/_next/static/immutable/chunks/2sl1aftc4weqx.js:8
[  799268ms] [ERROR] Error: Missing param(s) [project] in link to route "/[teamSlug]/[project]/stores"
    at https://vercel.com/_next/static/immutable/chunks/3qi00qrpi2qml.js:2:2570
    at https://vercel.com/_next/static/immutable/chunks/3qi00qrpi2qml.js:2:5203
    at Object.oE [as useMemo] (https://vercel.com/_next/static/immutable/chunks/1ez_xjl8u_-5_.js:109:75491)
    at push.r.useMemo (https://vercel.com/_next/static/immutable/chunks/3yj28cgcsk539.js:2:22543)
    at https://vercel.com/_next/static/immutable/chunks/3qi00qrpi2qml.js:2:4527
    at tx (https://vercel.com/_next/static/immutable/chunks/2j7mrzldu8mz6.js:2:70041)
    at aj (https://vercel.com/_next/static/immutable/chunks/1ez_xjl8u_-5_.js:109:66413)
    at ic (https://vercel.com/_next/static/immutable/chunks/1ez_xjl8u_-5_.js:109:87432)
    at iL (https://vercel.com/_next/static/immutable/chunks/1ez_xjl8u_-5_.js:109:99301)
    at sZ (https://vercel.com/_next/static/immutable/chunks/1ez_xjl8u_-5_.js:109:145139)
    at https://vercel.com/_next/static/immutable/chunks/1ez_xjl8u_-5_.js:109:140046
    at sU (https://vercel.com/_next/static/immutable/chunks/1ez_xjl8u_-5_.js:109:140147)
    at ck (https://vercel.com/_next/static/immutable/chunks/1ez_xjl8u_-5_.js:109:174862)
    at MessagePort.C (https://vercel.com/_next/static/immutable/chunks/1ez_xjl8u_-5_.js:109:235590) {attributes: Object} @ https://vercel.com/_next/static/immutable/chunks/2sl1aftc4weqx.js:8
[  799269ms] [ERROR] Error: Missing param(s) [project] in link to route "/[teamSlug]/[project]/flags"
    at https://vercel.com/_next/static/immutable/chunks/3qi00qrpi2qml.js:2:2570
    at https://vercel.com/_next/static/immutable/chunks/3qi00qrpi2qml.js:2:5203
    at Object.oE [as useMemo] (https://vercel.com/_next/static/immutable/chunks/1ez_xjl8u_-5_.js:109:75491)
    at push.r.useMemo (https://vercel.com/_next/static/immutable/chunks/3yj28cgcsk539.js:2:22543)
    at https://vercel.com/_next/static/immutable/chunks/3qi00qrpi2qml.js:2:4527
    at tx (https://vercel.com/_next/static/immutable/chunks/2j7mrzldu8mz6.js:2:70041)
    at aj (https://vercel.com/_next/static/immutable/chunks/1ez_xjl8u_-5_.js:109:66413)
    at ic (https://vercel.com/_next/static/immutable/chunks/1ez_xjl8u_-5_.js:109:87432)
    at iL (https://vercel.com/_next/static/immutable/chunks/1ez_xjl8u_-5_.js:109:99301)
    at sZ (https://vercel.com/_next/static/immutable/chunks/1ez_xjl8u_-5_.js:109:145139)
    at https://vercel.com/_next/static/immutable/chunks/1ez_xjl8u_-5_.js:109:140046
    at sU (https://vercel.com/_next/static/immutable/chunks/1ez_xjl8u_-5_.js:109:140147)
    at ck (https://vercel.com/_next/static/immutable/chunks/1ez_xjl8u_-5_.js:109:174862)
    at MessagePort.C (https://vercel.com/_next/static/immutable/chunks/1ez_xjl8u_-5_.js:109:235590) {attributes: Object} @ https://vercel.com/_next/static/immutable/chunks/2sl1aftc4weqx.js:8
[  799270ms] [ERROR] Error: Missing param(s) [project] in link to route "/[teamSlug]/[project]/agent"
    at https://vercel.com/_next/static/immutable/chunks/3qi00qrpi2qml.js:2:2570
    at https://vercel.com/_next/static/immutable/chunks/3qi00qrpi2qml.js:2:5203
    at Object.oE [as useMemo] (https://vercel.com/_next/static/immutable/chunks/1ez_xjl8u_-5_.js:109:75491)
    at push.r.useMemo (https://vercel.com/_next/static/immutable/chunks/3yj28cgcsk539.js:2:22543)
    at https://vercel.com/_next/static/immutable/chunks/3qi00qrpi2qml.js:2:4527
    at tx (https://vercel.com/_next/static/immutable/chunks/2j7mrzldu8mz6.js:2:70041)
    at aj (https://vercel.com/_next/static/immutable/chunks/1ez_xjl8u_-5_.js:109:66413)
    at ic (https://vercel.com/_next/static/immutable/chunks/1ez_xjl8u_-5_.js:109:87432)
    at iL (https://vercel.com/_next/static/immutable/chunks/1ez_xjl8u_-5_.js:109:99301)
    at sZ (https://vercel.com/_next/static/immutable/chunks/1ez_xjl8u_-5_.js:109:145139)
    at https://vercel.com/_next/static/immutable/chunks/1ez_xjl8u_-5_.js:109:140046
    at sU (https://vercel.com/_next/static/immutable/chunks/1ez_xjl8u_-5_.js:109:140147)
    at ck (https://vercel.com/_next/static/immutable/chunks/1ez_xjl8u_-5_.js:109:174862)
    at MessagePort.C (https://vercel.com/_next/static/immutable/chunks/1ez_xjl8u_-5_.js:109:235590) {attributes: Object} @ https://vercel.com/_next/static/immutable/chunks/2sl1aftc4weqx.js:8
[  799271ms] [ERROR] Error: Missing param(s) [project] in link to route "/[teamSlug]/[project]/ai-gateway"
    at https://vercel.com/_next/static/immutable/chunks/3qi00qrpi2qml.js:2:2570
    at https://vercel.com/_next/static/immutable/chunks/3qi00qrpi2qml.js:2:5203
    at Object.oE [as useMemo] (https://vercel.com/_next/static/immutable/chunks/1ez_xjl8u_-5_.js:109:75491)
    at push.r.useMemo (https://vercel.com/_next/static/immutable/chunks/3yj28cgcsk539.js:2:22543)
    at https://vercel.com/_next/static/immutable/chunks/3qi00qrpi2qml.js:2:4527
    at tx (https://vercel.com/_next/static/immutable/chunks/2j7mrzldu8mz6.js:2:70041)
    at aj (https://vercel.com/_next/static/immutable/chunks/1ez_xjl8u_-5_.js:109:66413)
    at ic (https://vercel.com/_next/static/immutable/chunks/1ez_xjl8u_-5_.js:109:87432)
    at iL (https://vercel.com/_next/static/immutable/chunks/1ez_xjl8u_-5_.js:109:99301)
    at sZ (https://vercel.com/_next/static/immutable/chunks/1ez_xjl8u_-5_.js:109:145139)
    at https://vercel.com/_next/static/immutable/chunks/1ez_xjl8u_-5_.js:109:140046
    at sU (https://vercel.com/_next/static/immutable/chunks/1ez_xjl8u_-5_.js:109:140147)
    at ck (https://vercel.com/_next/static/immutable/chunks/1ez_xjl8u_-5_.js:109:174862)
    at MessagePort.C (https://vercel.com/_next/static/immutable/chunks/1ez_xjl8u_-5_.js:109:235590) {attributes: Object} @ https://vercel.com/_next/static/immutable/chunks/2sl1aftc4weqx.js:8
[  799272ms] [ERROR] Error: Missing param(s) [project] in link to route "/[teamSlug]/[project]/sandboxes"
    at https://vercel.com/_next/static/immutable/chunks/3qi00qrpi2qml.js:2:2570
    at https://vercel.com/_next/static/immutable/chunks/3qi00qrpi2qml.js:2:5203
    at Object.oE [as useMemo] (https://vercel.com/_next/static/immutable/chunks/1ez_xjl8u_-5_.js:109:75491)
    at push.r.useMemo (https://vercel.com/_next/static/immutable/chunks/3yj28cgcsk539.js:2:22543)
    at https://vercel.com/_next/static/immutable/chunks/3qi00qrpi2qml.js:2:4527
    at tx (https://vercel.com/_next/static/immutable/chunks/2j7mrzldu8mz6.js:2:70041)
    at aj (https://vercel.com/_next/static/immutable/chunks/1ez_xjl8u_-5_.js:109:66413)
    at ic (https://vercel.com/_next/static/immutable/chunks/1ez_xjl8u_-5_.js:109:87432)
    at iL (https://vercel.com/_next/static/immutable/chunks/1ez_xjl8u_-5_.js:109:99301)
    at sZ (https://vercel.com/_next/static/immutable/chunks/1ez_xjl8u_-5_.js:109:145139)
    at https://vercel.com/_next/static/immutable/chunks/1ez_xjl8u_-5_.js:109:140046
    at sU (https://vercel.com/_next/static/immutable/chunks/1ez_xjl8u_-5_.js:109:140147)
    at ck (https://vercel.com/_next/static/immutable/chunks/1ez_xjl8u_-5_.js:109:174862)
    at MessagePort.C (https://vercel.com/_next/static/immutable/chunks/1ez_xjl8u_-5_.js:109:235590) {attributes: Object} @ https://vercel.com/_next/static/immutable/chunks/2sl1aftc4weqx.js:8
[  799273ms] [ERROR] Error: Missing param(s) [project] in link to route "/[teamSlug]/[project]/workflows"
    at https://vercel.com/_next/static/immutable/chunks/3qi00qrpi2qml.js:2:2570
    at https://vercel.com/_next/static/immutable/chunks/3qi00qrpi2qml.js:2:5203
    at Object.oE [as useMemo] (https://vercel.com/_next/static/immutable/chunks/1ez_xjl8u_-5_.js:109:75491)
    at push.r.useMemo (https://vercel.com/_next/static/immutable/chunks/3yj28cgcsk539.js:2:22543)
    at https://vercel.com/_next/static/immutable/chunks/3qi00qrpi2qml.js:2:4527
    at tx (https://vercel.com/_next/static/immutable/chunks/2j7mrzldu8mz6.js:2:70041)
    at aj (https://vercel.com/_next/static/immutable/chunks/1ez_xjl8u_-5_.js:109:66413)
    at ic (https://vercel.com/_next/static/immutable/chunks/1ez_xjl8u_-5_.js:109:87432)
    at iL (https://vercel.com/_next/static/immutable/chunks/1ez_xjl8u_-5_.js:109:99301)
    at sZ (https://vercel.com/_next/static/immutable/chunks/1ez_xjl8u_-5_.js:109:145139)
    at https://vercel.com/_next/static/immutable/chunks/1ez_xjl8u_-5_.js:109:140046
    at sU (https://vercel.com/_next/static/immutable/chunks/1ez_xjl8u_-5_.js:109:140147)
    at ck (https://vercel.com/_next/static/immutable/chunks/1ez_xjl8u_-5_.js:109:174862)
    at MessagePort.C (https://vercel.com/_next/static/immutable/chunks/1ez_xjl8u_-5_.js:109:235590) {attributes: Object} @ https://vercel.com/_next/static/immutable/chunks/2sl1aftc4weqx.js:8
[  799274ms] [ERROR] Error: Missing param(s) [project] in link to route "/[teamSlug]/[project]/images"
    at https://vercel.com/_next/static/immutable/chunks/3qi00qrpi2qml.js:2:2570
    at https://vercel.com/_next/static/immutable/chunks/3qi00qrpi2qml.js:2:5203
    at Object.oE [as useMemo] (https://vercel.com/_next/static/immutable/chunks/1ez_xjl8u_-5_.js:109:75491)
    at push.r.useMemo (https://vercel.com/_next/static/immutable/chunks/3yj28cgcsk539.js:2:22543)
    at https://vercel.com/_next/static/immutable/chunks/3qi00qrpi2qml.js:2:4527
    at tx (https://vercel.com/_next/static/immutable/chunks/2j7mrzldu8mz6.js:2:70041)
    at aj (https://vercel.com/_next/static/immutable/chunks/1ez_xjl8u_-5_.js:109:66413)
    at ic (https://vercel.com/_next/static/immutable/chunks/1ez_xjl8u_-5_.js:109:87432)
    at iL (https://vercel.com/_next/static/immutable/chunks/1ez_xjl8u_-5_.js:109:99301)
    at sZ (https://vercel.com/_next/static/immutable/chunks/1ez_xjl8u_-5_.js:109:145139)
    at https://vercel.com/_next/static/immutable/chunks/1ez_xjl8u_-5_.js:109:140046
    at sU (https://vercel.com/_next/static/immutable/chunks/1ez_xjl8u_-5_.js:109:140147)
    at ck (https://vercel.com/_next/static/immutable/chunks/1ez_xjl8u_-5_.js:109:174862)
    at MessagePort.C (https://vercel.com/_next/static/immutable/chunks/1ez_xjl8u_-5_.js:109:235590) {attributes: Object} @ https://vercel.com/_next/static/immutable/chunks/2sl1aftc4weqx.js:8
[  799275ms] [ERROR] Error: Missing param(s) [project] in link to route "/[teamSlug]/[project]/usage"
    at https://vercel.com/_next/static/immutable/chunks/3qi00qrpi2qml.js:2:2570
    at https://vercel.com/_next/static/immutable/chunks/3qi00qrpi2qml.js:2:5203
    at Object.oE [as useMemo] (https://vercel.com/_next/static/immutable/chunks/1ez_xjl8u_-5_.js:109:75491)
    at push.r.useMemo (https://vercel.com/_next/static/immutable/chunks/3yj28cgcsk539.js:2:22543)
    at https://vercel.com/_next/static/immutable/chunks/3qi00qrpi2qml.js:2:4527
    at tx (https://vercel.com/_next/static/immutable/chunks/2j7mrzldu8mz6.js:2:70041)
    at aj (https://vercel.com/_next/static/immutable/chunks/1ez_xjl8u_-5_.js:109:66413)
    at ic (https://vercel.com/_next/static/immutable/chunks/1ez_xjl8u_-5_.js:109:87432)
    at iL (https://vercel.com/_next/static/immutable/chunks/1ez_xjl8u_-5_.js:109:99301)
    at sZ (https://vercel.com/_next/static/immutable/chunks/1ez_xjl8u_-5_.js:109:145139)
    at https://vercel.com/_next/static/immutable/chunks/1ez_xjl8u_-5_.js:109:140046
    at sU (https://vercel.com/_next/static/immutable/chunks/1ez_xjl8u_-5_.js:109:140147)
    at ck (https://vercel.com/_next/static/immutable/chunks/1ez_xjl8u_-5_.js:109:174862)
    at MessagePort.C (https://vercel.com/_next/static/immutable/chunks/1ez_xjl8u_-5_.js:109:235590) {attributes: Object} @ https://vercel.com/_next/static/immutable/chunks/2sl1aftc4weqx.js:8
[  799276ms] [ERROR] Error: Missing param(s) [project] in link to route "/[teamSlug]/[project]/support"
    at https://vercel.com/_next/static/immutable/chunks/3qi00qrpi2qml.js:2:2570
    at https://vercel.com/_next/static/immutable/chunks/3qi00qrpi2qml.js:2:5203
    at Object.oE [as useMemo] (https://vercel.com/_next/static/immutable/chunks/1ez_xjl8u_-5_.js:109:75491)
    at push.r.useMemo (https://vercel.com/_next/static/immutable/chunks/3yj28cgcsk539.js:2:22543)
    at https://vercel.com/_next/static/immutable/chunks/3qi00qrpi2qml.js:2:4527
    at tx (https://vercel.com/_next/static/immutable/chunks/2j7mrzldu8mz6.js:2:70041)
    at aj (https://vercel.com/_next/static/immutable/chunks/1ez_xjl8u_-5_.js:109:66413)
    at ic (https://vercel.com/_next/static/immutable/chunks/1ez_xjl8u_-5_.js:109:87432)
    at iL (https://vercel.com/_next/static/immutable/chunks/1ez_xjl8u_-5_.js:109:99301)
    at sZ (https://vercel.com/_next/static/immutable/chunks/1ez_xjl8u_-5_.js:109:145139)
    at https://vercel.com/_next/static/immutable/chunks/1ez_xjl8u_-5_.js:109:140046
    at sU (https://vercel.com/_next/static/immutable/chunks/1ez_xjl8u_-5_.js:109:140147)
    at ck (https://vercel.com/_next/static/immutable/chunks/1ez_xjl8u_-5_.js:109:174862)
    at MessagePort.C (https://vercel.com/_next/static/immutable/chunks/1ez_xjl8u_-5_.js:109:235590) {attributes: Object} @ https://vercel.com/_next/static/immutable/chunks/2sl1aftc4weqx.js:8
[  799278ms] [ERROR] Error: Missing param(s) [project] in link to route "/[teamSlug]/[project]/settings"
    at https://vercel.com/_next/static/immutable/chunks/3qi00qrpi2qml.js:2:2570
    at https://vercel.com/_next/static/immutable/chunks/3qi00qrpi2qml.js:2:5203
    at Object.oE [as useMemo] (https://vercel.com/_next/static/immutable/chunks/1ez_xjl8u_-5_.js:109:75491)
    at push.r.useMemo (https://vercel.com/_next/static/immutable/chunks/3yj28cgcsk539.js:2:22543)
    at https://vercel.com/_next/static/immutable/chunks/3qi00qrpi2qml.js:2:4527
    at tx (https://vercel.com/_next/static/immutable/chunks/2j7mrzldu8mz6.js:2:70041)
    at aj (https://vercel.com/_next/static/immutable/chunks/1ez_xjl8u_-5_.js:109:66413)
    at ic (https://vercel.com/_next/static/immutable/chunks/1ez_xjl8u_-5_.js:109:87432)
    at iL (https://vercel.com/_next/static/immutable/chunks/1ez_xjl8u_-5_.js:109:99301)
    at sZ (https://vercel.com/_next/static/immutable/chunks/1ez_xjl8u_-5_.js:109:145139)
    at https://vercel.com/_next/static/immutable/chunks/1ez_xjl8u_-5_.js:109:140046
    at sU (https://vercel.com/_next/static/immutable/chunks/1ez_xjl8u_-5_.js:109:140147)
    at ck (https://vercel.com/_next/static/immutable/chunks/1ez_xjl8u_-5_.js:109:174862)
    at MessagePort.C (https://vercel.com/_next/static/immutable/chunks/1ez_xjl8u_-5_.js:109:235590) {attributes: Object} @ https://vercel.com/_next/static/immutable/chunks/2sl1aftc4weqx.js:8
[  799328ms] [ERROR] Error: Missing param(s) [project] in link to route "/[teamSlug]/[project]"
    at https://vercel.com/_next/static/immutable/chunks/3qi00qrpi2qml.js:2:2570
    at https://vercel.com/_next/static/immutable/chunks/3qi00qrpi2qml.js:2:5203
    at Object.oE [as useMemo] (https://vercel.com/_next/static/immutable/chunks/1ez_xjl8u_-5_.js:109:75491)
    at push.r.useMemo (https://vercel.com/_next/static/immutable/chunks/3yj28cgcsk539.js:2:22543)
    at https://vercel.com/_next/static/immutable/chunks/3qi00qrpi2qml.js:2:4527
    at tx (https://vercel.com/_next/static/immutable/chunks/2j7mrzldu8mz6.js:2:70041)
    at aj (https://vercel.com/_next/static/immutable/chunks/1ez_xjl8u_-5_.js:109:66413)
    at ic (https://vercel.com/_next/static/immutable/chunks/1ez_xjl8u_-5_.js:109:87432)
    at iL (https://vercel.com/_next/static/immutable/chunks/1ez_xjl8u_-5_.js:109:99301)
    at sZ (https://vercel.com/_next/static/immutable/chunks/1ez_xjl8u_-5_.js:109:145139)
    at https://vercel.com/_next/static/immutable/chunks/1ez_xjl8u_-5_.js:109:140046
    at sU (https://vercel.com/_next/static/immutable/chunks/1ez_xjl8u_-5_.js:109:140147)
    at ck (https://vercel.com/_next/static/immutable/chunks/1ez_xjl8u_-5_.js:109:174862)
    at MessagePort.C (https://vercel.com/_next/static/immutable/chunks/1ez_xjl8u_-5_.js:109:235590) {attributes: Object} @ https://vercel.com/_next/static/immutable/chunks/2sl1aftc4weqx.js:8
[  799330ms] [ERROR] Error: Missing param(s) [project] in link to route "/[teamSlug]/[project]/deployments"
    at https://vercel.com/_next/static/immutable/chunks/3qi00qrpi2qml.js:2:2570
    at https://vercel.com/_next/static/immutable/chunks/3qi00qrpi2qml.js:2:5203
    at Object.oE [as useMemo] (https://vercel.com/_next/static/immutable/chunks/1ez_xjl8u_-5_.js:109:75491)
    at push.r.useMemo (https://vercel.com/_next/static/immutable/chunks/3yj28cgcsk539.js:2:22543)
    at https://vercel.com/_next/static/immutable/chunks/3qi00qrpi2qml.js:2:4527
    at tx (https://vercel.com/_next/static/immutable/chunks/2j7mrzldu8mz6.js:2:70041)
    at aj (https://vercel.com/_next/static/immutable/chunks/1ez_xjl8u_-5_.js:109:66413)
    at ic (https://vercel.com/_next/static/immutable/chunks/1ez_xjl8u_-5_.js:109:87432)
    at iL (https://vercel.com/_next/static/immutable/chunks/1ez_xjl8u_-5_.js:109:99301)
    at sZ (https://vercel.com/_next/static/immutable/chunks/1ez_xjl8u_-5_.js:109:145139)
    at https://vercel.com/_next/static/immutable/chunks/1ez_xjl8u_-5_.js:109:140046
    at sU (https://vercel.com/_next/static/immutable/chunks/1ez_xjl8u_-5_.js:109:140147)
    at ck (https://vercel.com/_next/static/immutable/chunks/1ez_xjl8u_-5_.js:109:174862)
    at MessagePort.C (https://vercel.com/_next/static/immutable/chunks/1ez_xjl8u_-5_.js:109:235590) {attributes: Object} @ https://vercel.com/_next/static/immutable/chunks/2sl1aftc4weqx.js:8
[  799331ms] [ERROR] Error: Missing param(s) [project] in link to route "/[teamSlug]/[project]/observability"
    at https://vercel.com/_next/static/immutable/chunks/3qi00qrpi2qml.js:2:2570
    at https://vercel.com/_next/static/immutable/chunks/3qi00qrpi2qml.js:2:5203
    at Object.oE [as useMemo] (https://vercel.com/_next/static/immutable/chunks/1ez_xjl8u_-5_.js:109:75491)
    at push.r.useMemo (https://vercel.com/_next/static/immutable/chunks/3yj28cgcsk539.js:2:22543)
    at https://vercel.com/_next/static/immutable/chunks/3qi00qrpi2qml.js:2:4527
    at tx (https://vercel.com/_next/static/immutable/chunks/2j7mrzldu8mz6.js:2:70041)
    at aj (https://vercel.com/_next/static/immutable/chunks/1ez_xjl8u_-5_.js:109:66413)
    at ic (https://vercel.com/_next/static/immutable/chunks/1ez_xjl8u_-5_.js:109:87432)
    at iL (https://vercel.com/_next/static/immutable/chunks/1ez_xjl8u_-5_.js:109:99301)
    at sZ (https://vercel.com/_next/static/immutable/chunks/1ez_xjl8u_-5_.js:109:145139)
    at https://vercel.com/_next/static/immutable/chunks/1ez_xjl8u_-5_.js:109:140046
    at sU (https://vercel.com/_next/static/immutable/chunks/1ez_xjl8u_-5_.js:109:140147)
    at ck (https://vercel.com/_next/static/immutable/chunks/1ez_xjl8u_-5_.js:109:174862)
    at MessagePort.C (https://vercel.com/_next/static/immutable/chunks/1ez_xjl8u_-5_.js:109:235590) {attributes: Object} @ https://vercel.com/_next/static/immutable/chunks/2sl1aftc4weqx.js:8
[  799332ms] [ERROR] Error: Missing param(s) [project] in link to route "/[teamSlug]/[project]/security"
    at https://vercel.com/_next/static/immutable/chunks/3qi00qrpi2qml.js:2:2570
    at https://vercel.com/_next/static/immutable/chunks/3qi00qrpi2qml.js:2:5203
    at Object.oE [as useMemo] (https://vercel.com/_next/static/immutable/chunks/1ez_xjl8u_-5_.js:109:75491)
    at push.r.useMemo (https://vercel.com/_next/static/immutable/chunks/3yj28cgcsk539.js:2:22543)
    at https://vercel.com/_next/static/immutable/chunks/3qi00qrpi2qml.js:2:4527
    at tx (https://vercel.com/_next/static/immutable/chunks/2j7mrzldu8mz6.js:2:70041)
    at aj (https://vercel.com/_next/static/immutable/chunks/1ez_xjl8u_-5_.js:109:66413)
    at ic (https://vercel.com/_next/static/immutable/chunks/1ez_xjl8u_-5_.js:109:87432)
    at iL (https://vercel.com/_next/static/immutable/chunks/1ez_xjl8u_-5_.js:109:99301)
    at sZ (https://vercel.com/_next/static/immutable/chunks/1ez_xjl8u_-5_.js:109:145139)
    at https://vercel.com/_next/static/immutable/chunks/1ez_xjl8u_-5_.js:109:140046
    at sU (https://vercel.com/_next/static/immutable/chunks/1ez_xjl8u_-5_.js:109:140147)
    at ck (https://vercel.com/_next/static/immutable/chunks/1ez_xjl8u_-5_.js:109:174862)
    at MessagePort.C (https://vercel.com/_next/static/immutable/chunks/1ez_xjl8u_-5_.js:109:235590) {attributes: Object} @ https://vercel.com/_next/static/immutable/chunks/2sl1aftc4weqx.js:8
[  799333ms] [ERROR] Error: Missing param(s) [project] in link to route "/[teamSlug]/[project]/cdn"
    at https://vercel.com/_next/static/immutable/chunks/3qi00qrpi2qml.js:2:2570
    at https://vercel.com/_next/static/immutable/chunks/3qi00qrpi2qml.js:2:5203
    at Object.oE [as useMemo] (https://vercel.com/_next/static/immutable/chunks/1ez_xjl8u_-5_.js:109:75491)
    at push.r.useMemo (https://vercel.com/_next/static/immutable/chunks/3yj28cgcsk539.js:2:22543)
    at https://vercel.com/_next/static/immutable/chunks/3qi00qrpi2qml.js:2:4527
    at tx (https://vercel.com/_next/static/immutable/chunks/2j7mrzldu8mz6.js:2:70041)
    at aj (https://vercel.com/_next/static/immutable/chunks/1ez_xjl8u_-5_.js:109:66413)
    at ic (https://vercel.com/_next/static/immutable/chunks/1ez_xjl8u_-5_.js:109:87432)
    at iL (https://vercel.com/_next/static/immutable/chunks/1ez_xjl8u_-5_.js:109:99301)
    at sZ (https://vercel.com/_next/static/immutable/chunks/1ez_xjl8u_-5_.js:109:145139)
    at https://vercel.com/_next/static/immutable/chunks/1ez_xjl8u_-5_.js:109:140046
    at sU (https://vercel.com/_next/static/immutable/chunks/1ez_xjl8u_-5_.js:109:140147)
    at ck (https://vercel.com/_next/static/immutable/chunks/1ez_xjl8u_-5_.js:109:174862)
    at MessagePort.C (https://vercel.com/_next/static/immutable/chunks/1ez_xjl8u_-5_.js:109:235590) {attributes: Object} @ https://vercel.com/_next/static/immutable/chunks/2sl1aftc4weqx.js:8
[  799334ms] [ERROR] Error: Missing param(s) [project] in link to route "/[teamSlug]/[project]/observability/vercel-functions"
    at https://vercel.com/_next/static/immutable/chunks/3qi00qrpi2qml.js:2:2570
    at https://vercel.com/_next/static/immutable/chunks/3qi00qrpi2qml.js:2:5203
    at Object.oE [as useMemo] (https://vercel.com/_next/static/immutable/chunks/1ez_xjl8u_-5_.js:109:75491)
    at push.r.useMemo (https://vercel.com/_next/static/immutable/chunks/3yj28cgcsk539.js:2:22543)
    at https://vercel.com/_next/static/immutable/chunks/3qi00qrpi2qml.js:2:4527
    at tx (https://vercel.com/_next/static/immutable/chunks/2j7mrzldu8mz6.js:2:70041)
    at aj (https://vercel.com/_next/static/immutable/chunks/1ez_xjl8u_-5_.js:109:66413)
    at ic (https://vercel.com/_next/static/immutable/chunks/1ez_xjl8u_-5_.js:109:87432)
    at iL (https://vercel.com/_next/static/immutable/chunks/1ez_xjl8u_-5_.js:109:99301)
    at sZ (https://vercel.com/_next/static/immutable/chunks/1ez_xjl8u_-5_.js:109:145139)
    at https://vercel.com/_next/static/immutable/chunks/1ez_xjl8u_-5_.js:109:140046
    at sU (https://vercel.com/_next/static/immutable/chunks/1ez_xjl8u_-5_.js:109:140147)
    at ck (https://vercel.com/_next/static/immutable/chunks/1ez_xjl8u_-5_.js:109:174862)
    at MessagePort.C (https://vercel.com/_next/static/immutable/chunks/1ez_xjl8u_-5_.js:109:235590) {attributes: Object} @ https://vercel.com/_next/static/immutable/chunks/2sl1aftc4weqx.js:8
[  799335ms] [ERROR] Error: Missing param(s) [project] in link to route "/[teamSlug]/[project]/ai-gateway"
    at https://vercel.com/_next/static/immutable/chunks/3qi00qrpi2qml.js:2:2570
    at https://vercel.com/_next/static/immutable/chunks/3qi00qrpi2qml.js:2:5203
    at Object.oE [as useMemo] (https://vercel.com/_next/static/immutable/chunks/1ez_xjl8u_-5_.js:109:75491)
    at push.r.useMemo (https://vercel.com/_next/static/immutable/chunks/3yj28cgcsk539.js:2:22543)
    at https://vercel.com/_next/static/immutable/chunks/3qi00qrpi2qml.js:2:4527
    at tx (https://vercel.com/_next/static/immutable/chunks/2j7mrzldu8mz6.js:2:70041)
    at aj (https://vercel.com/_next/static/immutable/chunks/1ez_xjl8u_-5_.js:109:66413)
    at ic (https://vercel.com/_next/static/immutable/chunks/1ez_xjl8u_-5_.js:109:87432)
    at iL (https://vercel.com/_next/static/immutable/chunks/1ez_xjl8u_-5_.js:109:99301)
    at sZ (https://vercel.com/_next/static/immutable/chunks/1ez_xjl8u_-5_.js:109:145139)
    at https://vercel.com/_next/static/immutable/chunks/1ez_xjl8u_-5_.js:109:140046
    at sU (https://vercel.com/_next/static/immutable/chunks/1ez_xjl8u_-5_.js:109:140147)
    at ck (https://vercel.com/_next/static/immutable/chunks/1ez_xjl8u_-5_.js:109:174862)
    at MessagePort.C (https://vercel.com/_next/static/immutable/chunks/1ez_xjl8u_-5_.js:109:235590) {attributes: Object} @ https://vercel.com/_next/static/immutable/chunks/2sl1aftc4weqx.js:8
[  799336ms] [ERROR] Error: Missing param(s) [project] in link to route "/[teamSlug]/[project]/flags"
    at https://vercel.com/_next/static/immutable/chunks/3qi00qrpi2qml.js:2:2570
    at https://vercel.com/_next/static/immutable/chunks/3qi00qrpi2qml.js:2:5203
    at Object.oE [as useMemo] (https://vercel.com/_next/static/immutable/chunks/1ez_xjl8u_-5_.js:109:75491)
    at push.r.useMemo (https://vercel.com/_next/static/immutable/chunks/3yj28cgcsk539.js:2:22543)
    at https://vercel.com/_next/static/immutable/chunks/3qi00qrpi2qml.js:2:4527
    at tx (https://vercel.com/_next/static/immutable/chunks/2j7mrzldu8mz6.js:2:70041)
    at aj (https://vercel.com/_next/static/immutable/chunks/1ez_xjl8u_-5_.js:109:66413)
    at ic (https://vercel.com/_next/static/immutable/chunks/1ez_xjl8u_-5_.js:109:87432)
    at iL (https://vercel.com/_next/static/immutable/chunks/1ez_xjl8u_-5_.js:109:99301)
    at sZ (https://vercel.com/_next/static/immutable/chunks/1ez_xjl8u_-5_.js:109:145139)
    at https://vercel.com/_next/static/immutable/chunks/1ez_xjl8u_-5_.js:109:140046
    at sU (https://vercel.com/_next/static/immutable/chunks/1ez_xjl8u_-5_.js:109:140147)
    at ck (https://vercel.com/_next/static/immutable/chunks/1ez_xjl8u_-5_.js:109:174862)
    at MessagePort.C (https://vercel.com/_next/static/immutable/chunks/1ez_xjl8u_-5_.js:109:235590) {attributes: Object} @ https://vercel.com/_next/static/immutable/chunks/2sl1aftc4weqx.js:8
[  799337ms] [ERROR] Error: Missing param(s) [project] in link to route "/[teamSlug]/[project]/settings/integrations"
    at https://vercel.com/_next/static/immutable/chunks/3qi00qrpi2qml.js:2:2570
    at https://vercel.com/_next/static/immutable/chunks/3qi00qrpi2qml.js:2:5203
    at Object.oE [as useMemo] (https://vercel.com/_next/static/immutable/chunks/1ez_xjl8u_-5_.js:109:75491)
    at push.r.useMemo (https://vercel.com/_next/static/immutable/chunks/3yj28cgcsk539.js:2:22543)
    at https://vercel.com/_next/static/immutable/chunks/3qi00qrpi2qml.js:2:4527
    at tx (https://vercel.com/_next/static/immutable/chunks/2j7mrzldu8mz6.js:2:70041)
    at aj (https://vercel.com/_next/static/immutable/chunks/1ez_xjl8u_-5_.js:109:66413)
    at ic (https://vercel.com/_next/static/immutable/chunks/1ez_xjl8u_-5_.js:109:87432)
    at iL (https://vercel.com/_next/static/immutable/chunks/1ez_xjl8u_-5_.js:109:99301)
    at sZ (https://vercel.com/_next/static/immutable/chunks/1ez_xjl8u_-5_.js:109:145139)
    at https://vercel.com/_next/static/immutable/chunks/1ez_xjl8u_-5_.js:109:140046
    at sU (https://vercel.com/_next/static/immutable/chunks/1ez_xjl8u_-5_.js:109:140147)
    at ck (https://vercel.com/_next/static/immutable/chunks/1ez_xjl8u_-5_.js:109:174862)
    at MessagePort.C (https://vercel.com/_next/static/immutable/chunks/1ez_xjl8u_-5_.js:109:235590) {attributes: Object} @ https://vercel.com/_next/static/immutable/chunks/2sl1aftc4weqx.js:8
[  799337ms] [ERROR] Error: Missing param(s) [project] in link to route "/[teamSlug]/[project]/agent"
    at https://vercel.com/_next/static/immutable/chunks/3qi00qrpi2qml.js:2:2570
    at https://vercel.com/_next/static/immutable/chunks/3qi00qrpi2qml.js:2:5203
    at Object.oE [as useMemo] (https://vercel.com/_next/static/immutable/chunks/1ez_xjl8u_-5_.js:109:75491)
    at push.r.useMemo (https://vercel.com/_next/static/immutable/chunks/3yj28cgcsk539.js:2:22543)
    at https://vercel.com/_next/static/immutable/chunks/3qi00qrpi2qml.js:2:4527
    at tx (https://vercel.com/_next/static/immutable/chunks/2j7mrzldu8mz6.js:2:70041)
    at aj (https://vercel.com/_next/static/immutable/chunks/1ez_xjl8u_-5_.js:109:66413)
    at ic (https://vercel.com/_next/static/immutable/chunks/1ez_xjl8u_-5_.js:109:87432)
    at iL (https://vercel.com/_next/static/immutable/chunks/1ez_xjl8u_-5_.js:109:99301)
    at sZ (https://vercel.com/_next/static/immutable/chunks/1ez_xjl8u_-5_.js:109:145139)
    at https://vercel.com/_next/static/immutable/chunks/1ez_xjl8u_-5_.js:109:140046
    at sU (https://vercel.com/_next/static/immutable/chunks/1ez_xjl8u_-5_.js:109:140147)
    at ck (https://vercel.com/_next/static/immutable/chunks/1ez_xjl8u_-5_.js:109:174862)
    at MessagePort.C (https://vercel.com/_next/static/immutable/chunks/1ez_xjl8u_-5_.js:109:235590) {attributes: Object} @ https://vercel.com/_next/static/immutable/chunks/2sl1aftc4weqx.js:8
[  799338ms] [ERROR] Error: Missing param(s) [project] in link to route "/[teamSlug]/[project]/usage"
    at https://vercel.com/_next/static/immutable/chunks/3qi00qrpi2qml.js:2:2570
    at https://vercel.com/_next/static/immutable/chunks/3qi00qrpi2qml.js:2:5203
    at Object.oE [as useMemo] (https://vercel.com/_next/static/immutable/chunks/1ez_xjl8u_-5_.js:109:75491)
    at push.r.useMemo (https://vercel.com/_next/static/immutable/chunks/3yj28cgcsk539.js:2:22543)
    at https://vercel.com/_next/static/immutable/chunks/3qi00qrpi2qml.js:2:4527
    at tx (https://vercel.com/_next/static/immutable/chunks/2j7mrzldu8mz6.js:2:70041)
    at aj (https://vercel.com/_next/static/immutable/chunks/1ez_xjl8u_-5_.js:109:66413)
    at ic (https://vercel.com/_next/static/immutable/chunks/1ez_xjl8u_-5_.js:109:87432)
    at iL (https://vercel.com/_next/static/immutable/chunks/1ez_xjl8u_-5_.js:109:99301)
    at sZ (https://vercel.com/_next/static/immutable/chunks/1ez_xjl8u_-5_.js:109:145139)
    at https://vercel.com/_next/static/immutable/chunks/1ez_xjl8u_-5_.js:109:140046
    at sU (https://vercel.com/_next/static/immutable/chunks/1ez_xjl8u_-5_.js:109:140147)
    at ck (https://vercel.com/_next/static/immutable/chunks/1ez_xjl8u_-5_.js:109:174862)
    at MessagePort.C (https://vercel.com/_next/static/immutable/chunks/1ez_xjl8u_-5_.js:109:235590) {attributes: Object} @ https://vercel.com/_next/static/immutable/chunks/2sl1aftc4weqx.js:8
[  799339ms] [ERROR] Error: Missing param(s) [project] in link to route "/[teamSlug]/[project]/settings"
    at https://vercel.com/_next/static/immutable/chunks/3qi00qrpi2qml.js:2:2570
    at https://vercel.com/_next/static/immutable/chunks/3qi00qrpi2qml.js:2:5203
    at Object.oE [as useMemo] (https://vercel.com/_next/static/immutable/chunks/1ez_xjl8u_-5_.js:109:75491)
    at push.r.useMemo (https://vercel.com/_next/static/immutable/chunks/3yj28cgcsk539.js:2:22543)
    at https://vercel.com/_next/static/immutable/chunks/3qi00qrpi2qml.js:2:4527
    at tx (https://vercel.com/_next/static/immutable/chunks/2j7mrzldu8mz6.js:2:70041)
    at aj (https://vercel.com/_next/static/immutable/chunks/1ez_xjl8u_-5_.js:109:66413)
    at ic (https://vercel.com/_next/static/immutable/chunks/1ez_xjl8u_-5_.js:109:87432)
    at iL (https://vercel.com/_next/static/immutable/chunks/1ez_xjl8u_-5_.js:109:99301)
    at sZ (https://vercel.com/_next/static/immutable/chunks/1ez_xjl8u_-5_.js:109:145139)
    at https://vercel.com/_next/static/immutable/chunks/1ez_xjl8u_-5_.js:109:140046
    at sU (https://vercel.com/_next/static/immutable/chunks/1ez_xjl8u_-5_.js:109:140147)
    at ck (https://vercel.com/_next/static/immutable/chunks/1ez_xjl8u_-5_.js:109:174862)
    at MessagePort.C (https://vercel.com/_next/static/immutable/chunks/1ez_xjl8u_-5_.js:109:235590) {attributes: Object} @ https://vercel.com/_next/static/immutable/chunks/2sl1aftc4weqx.js:8
[  799340ms] [ERROR] Error: Missing param(s) [project] in link to route "/[teamSlug]/[project]/support"
    at https://vercel.com/_next/static/immutable/chunks/3qi00qrpi2qml.js:2:2570
    at https://vercel.com/_next/static/immutable/chunks/3qi00qrpi2qml.js:2:5203
    at Object.oE [as useMemo] (https://vercel.com/_next/static/immutable/chunks/1ez_xjl8u_-5_.js:109:75491)
    at push.r.useMemo (https://vercel.com/_next/static/immutable/chunks/3yj28cgcsk539.js:2:22543)
    at https://vercel.com/_next/static/immutable/chunks/3qi00qrpi2qml.js:2:4527
    at tx (https://vercel.com/_next/static/immutable/chunks/2j7mrzldu8mz6.js:2:70041)
    at aj (https://vercel.com/_next/static/immutable/chunks/1ez_xjl8u_-5_.js:109:66413)
    at ic (https://vercel.com/_next/static/immutable/chunks/1ez_xjl8u_-5_.js:109:87432)
    at iL (https://vercel.com/_next/static/immutable/chunks/1ez_xjl8u_-5_.js:109:99301)
    at sZ (https://vercel.com/_next/static/immutable/chunks/1ez_xjl8u_-5_.js:109:145139)
    at https://vercel.com/_next/static/immutable/chunks/1ez_xjl8u_-5_.js:109:140046
    at sU (https://vercel.com/_next/static/immutable/chunks/1ez_xjl8u_-5_.js:109:140147)
    at ck (https://vercel.com/_next/static/immutable/chunks/1ez_xjl8u_-5_.js:109:174862)
    at MessagePort.C (https://vercel.com/_next/static/immutable/chunks/1ez_xjl8u_-5_.js:109:235590) {attributes: Object} @ https://vercel.com/_next/static/immutable/chunks/2sl1aftc4weqx.js:8
[  799352ms] [ERROR] Error: Missing param(s) [project] in link to route "/[teamSlug]/[project]/deployments"
    at https://vercel.com/_next/static/immutable/chunks/3qi00qrpi2qml.js:2:2570
    at https://vercel.com/_next/static/immutable/chunks/3qi00qrpi2qml.js:2:5203
    at Object.useMemo (https://vercel.com/_next/static/immutable/chunks/1ez_xjl8u_-5_.js:109:79852)
    at push.r.useMemo (https://vercel.com/_next/static/immutable/chunks/3yj28cgcsk539.js:2:22543)
    at https://vercel.com/_next/static/immutable/chunks/3qi00qrpi2qml.js:2:4527
    at tT (https://vercel.com/_next/static/immutable/chunks/2j7mrzldu8mz6.js:2:83624)
    at aj (https://vercel.com/_next/static/immutable/chunks/1ez_xjl8u_-5_.js:109:66413)
    at ic (https://vercel.com/_next/static/immutable/chunks/1ez_xjl8u_-5_.js:109:87432)
    at iL (https://vercel.com/_next/static/immutable/chunks/1ez_xjl8u_-5_.js:109:99301)
    at sZ (https://vercel.com/_next/static/immutable/chunks/1ez_xjl8u_-5_.js:109:145139)
    at https://vercel.com/_next/static/immutable/chunks/1ez_xjl8u_-5_.js:109:140046
    at sU (https://vercel.com/_next/static/immutable/chunks/1ez_xjl8u_-5_.js:109:140147)
    at ck (https://vercel.com/_next/static/immutable/chunks/1ez_xjl8u_-5_.js:109:174862)
    at MessagePort.C (https://vercel.com/_next/static/immutable/chunks/1ez_xjl8u_-5_.js:109:235590) {attributes: Object} @ https://vercel.com/_next/static/immutable/chunks/2sl1aftc4weqx.js:8
[  799353ms] [ERROR] Error: Missing param(s) [project] in link to route "/[teamSlug]/[project]/settings/environments"
    at https://vercel.com/_next/static/immutable/chunks/3qi00qrpi2qml.js:2:2570
    at https://vercel.com/_next/static/immutable/chunks/3qi00qrpi2qml.js:2:5203
    at Object.useMemo (https://vercel.com/_next/static/immutable/chunks/1ez_xjl8u_-5_.js:109:79852)
    at push.r.useMemo (https://vercel.com/_next/static/immutable/chunks/3yj28cgcsk539.js:2:22543)
    at https://vercel.com/_next/static/immutable/chunks/3qi00qrpi2qml.js:2:4527
    at tT (https://vercel.com/_next/static/immutable/chunks/2j7mrzldu8mz6.js:2:83624)
    at aj (https://vercel.com/_next/static/immutable/chunks/1ez_xjl8u_-5_.js:109:66413)
    at ic (https://vercel.com/_next/static/immutable/chunks/1ez_xjl8u_-5_.js:109:87432)
    at iL (https://vercel.com/_next/static/immutable/chunks/1ez_xjl8u_-5_.js:109:99301)
    at sZ (https://vercel.com/_next/static/immutable/chunks/1ez_xjl8u_-5_.js:109:145139)
    at https://vercel.com/_next/static/immutable/chunks/1ez_xjl8u_-5_.js:109:140046
    at sU (https://vercel.com/_next/static/immutable/chunks/1ez_xjl8u_-5_.js:109:140147)
    at ck (https://vercel.com/_next/static/immutable/chunks/1ez_xjl8u_-5_.js:109:174862)
    at MessagePort.C (https://vercel.com/_next/static/immutable/chunks/1ez_xjl8u_-5_.js:109:235590) {attributes: Object} @ https://vercel.com/_next/static/immutable/chunks/2sl1aftc4weqx.js:8
[  799354ms] [ERROR] Error: Missing param(s) [project] in link to route "/[teamSlug]/[project]/settings/build-and-deployment"
    at https://vercel.com/_next/static/immutable/chunks/3qi00qrpi2qml.js:2:2570
    at https://vercel.com/_next/static/immutable/chunks/3qi00qrpi2qml.js:2:5203
    at Object.useMemo (https://vercel.com/_next/static/immutable/chunks/1ez_xjl8u_-5_.js:109:79852)
    at push.r.useMemo (https://vercel.com/_next/static/immutable/chunks/3yj28cgcsk539.js:2:22543)
    at https://vercel.com/_next/static/immutable/chunks/3qi00qrpi2qml.js:2:4527
    at tT (https://vercel.com/_next/static/immutable/chunks/2j7mrzldu8mz6.js:2:83624)
    at aj (https://vercel.com/_next/static/immutable/chunks/1ez_xjl8u_-5_.js:109:66413)
    at ic (https://vercel.com/_next/static/immutable/chunks/1ez_xjl8u_-5_.js:109:87432)
    at iL (https://vercel.com/_next/static/immutable/chunks/1ez_xjl8u_-5_.js:109:99301)
    at sZ (https://vercel.com/_next/static/immutable/chunks/1ez_xjl8u_-5_.js:109:145139)
    at https://vercel.com/_next/static/immutable/chunks/1ez_xjl8u_-5_.js:109:140046
    at sU (https://vercel.com/_next/static/immutable/chunks/1ez_xjl8u_-5_.js:109:140147)
    at ck (https://vercel.com/_next/static/immutable/chunks/1ez_xjl8u_-5_.js:109:174862)
    at MessagePort.C (https://vercel.com/_next/static/immutable/chunks/1ez_xjl8u_-5_.js:109:235590) {attributes: Object} @ https://vercel.com/_next/static/immutable/chunks/2sl1aftc4weqx.js:8
[  799355ms] [ERROR] Error: Missing param(s) [project] in link to route "/[teamSlug]/[project]/observability/build-diagnostics"
    at https://vercel.com/_next/static/immutable/chunks/3qi00qrpi2qml.js:2:2570
    at https://vercel.com/_next/static/immutable/chunks/3qi00qrpi2qml.js:2:5203
    at Object.useMemo (https://vercel.com/_next/static/immutable/chunks/1ez_xjl8u_-5_.js:109:79852)
    at push.r.useMemo (https://vercel.com/_next/static/immutable/chunks/3yj28cgcsk539.js:2:22543)
    at https://vercel.com/_next/static/immutable/chunks/3qi00qrpi2qml.js:2:4527
    at tT (https://vercel.com/_next/static/immutable/chunks/2j7mrzldu8mz6.js:2:83624)
    at aj (https://vercel.com/_next/static/immutable/chunks/1ez_xjl8u_-5_.js:109:66413)
    at ic (https://vercel.com/_next/static/immutable/chunks/1ez_xjl8u_-5_.js:109:87432)
    at iL (https://vercel.com/_next/static/immutable/chunks/1ez_xjl8u_-5_.js:109:99301)
    at sZ (https://vercel.com/_next/static/immutable/chunks/1ez_xjl8u_-5_.js:109:145139)
    at https://vercel.com/_next/static/immutable/chunks/1ez_xjl8u_-5_.js:109:140046
    at sU (https://vercel.com/_next/static/immutable/chunks/1ez_xjl8u_-5_.js:109:140147)
    at ck (https://vercel.com/_next/static/immutable/chunks/1ez_xjl8u_-5_.js:109:174862)
    at MessagePort.C (https://vercel.com/_next/static/immutable/chunks/1ez_xjl8u_-5_.js:109:235590) {attributes: Object} @ https://vercel.com/_next/static/immutable/chunks/2sl1aftc4weqx.js:8
[  799356ms] [ERROR] Error: Missing param(s) [project] in link to route "/[teamSlug]/[project]/settings/git"
    at https://vercel.com/_next/static/immutable/chunks/3qi00qrpi2qml.js:2:2570
    at https://vercel.com/_next/static/immutable/chunks/3qi00qrpi2qml.js:2:5203
    at Object.useMemo (https://vercel.com/_next/static/immutable/chunks/1ez_xjl8u_-5_.js:109:79852)
    at push.r.useMemo (https://vercel.com/_next/static/immutable/chunks/3yj28cgcsk539.js:2:22543)
    at https://vercel.com/_next/static/immutable/chunks/3qi00qrpi2qml.js:2:4527
    at tT (https://vercel.com/_next/static/immutable/chunks/2j7mrzldu8mz6.js:2:83624)
    at aj (https://vercel.com/_next/static/immutable/chunks/1ez_xjl8u_-5_.js:109:66413)
    at ic (https://vercel.com/_next/static/immutable/chunks/1ez_xjl8u_-5_.js:109:87432)
    at iL (https://vercel.com/_next/static/immutable/chunks/1ez_xjl8u_-5_.js:109:99301)
    at sZ (https://vercel.com/_next/static/immutable/chunks/1ez_xjl8u_-5_.js:109:145139)
    at https://vercel.com/_next/static/immutable/chunks/1ez_xjl8u_-5_.js:109:140046
    at sU (https://vercel.com/_next/static/immutable/chunks/1ez_xjl8u_-5_.js:109:140147)
    at ck (https://vercel.com/_next/static/immutable/chunks/1ez_xjl8u_-5_.js:109:174862)
    at MessagePort.C (https://vercel.com/_next/static/immutable/chunks/1ez_xjl8u_-5_.js:109:235590) {attributes: Object} @ https://vercel.com/_next/static/immutable/chunks/2sl1aftc4weqx.js:8
[  799415ms] [ERROR] Error: Missing param(s) [project] in link to route "/[teamSlug]/[project]"
    at https://vercel.com/_next/static/immutable/chunks/3qi00qrpi2qml.js:2:2570
    at https://vercel.com/_next/static/immutable/chunks/3qi00qrpi2qml.js:2:3908
    at aj (https://vercel.com/_next/static/immutable/chunks/1ez_xjl8u_-5_.js:109:66413)
    at ic (https://vercel.com/_next/static/immutable/chunks/1ez_xjl8u_-5_.js:109:87432)
    at iL (https://vercel.com/_next/static/immutable/chunks/1ez_xjl8u_-5_.js:109:99301)
    at sZ (https://vercel.com/_next/static/immutable/chunks/1ez_xjl8u_-5_.js:109:145139)
    at https://vercel.com/_next/static/immutable/chunks/1ez_xjl8u_-5_.js:109:140046
    at sU (https://vercel.com/_next/static/immutable/chunks/1ez_xjl8u_-5_.js:109:140147)
    at ck (https://vercel.com/_next/static/immutable/chunks/1ez_xjl8u_-5_.js:109:174862)
    at MessagePort.C (https://vercel.com/_next/static/immutable/chunks/1ez_xjl8u_-5_.js:109:235590) {attributes: Object} @ https://vercel.com/_next/static/immutable/chunks/2sl1aftc4weqx.js:8
[  799418ms] [ERROR] Error: Missing param(s) [project] in link to route "/[teamSlug]/[project]/deployments"
    at https://vercel.com/_next/static/immutable/chunks/3qi00qrpi2qml.js:2:2570
    at https://vercel.com/_next/static/immutable/chunks/3qi00qrpi2qml.js:2:3908
    at aj (https://vercel.com/_next/static/immutable/chunks/1ez_xjl8u_-5_.js:109:66413)
    at ic (https://vercel.com/_next/static/immutable/chunks/1ez_xjl8u_-5_.js:109:87432)
    at iL (https://vercel.com/_next/static/immutable/chunks/1ez_xjl8u_-5_.js:109:99301)
    at sZ (https://vercel.com/_next/static/immutable/chunks/1ez_xjl8u_-5_.js:109:145139)
    at https://vercel.com/_next/static/immutable/chunks/1ez_xjl8u_-5_.js:109:140046
    at sU (https://vercel.com/_next/static/immutable/chunks/1ez_xjl8u_-5_.js:109:140147)
    at ck (https://vercel.com/_next/static/immutable/chunks/1ez_xjl8u_-5_.js:109:174862)
    at MessagePort.C (https://vercel.com/_next/static/immutable/chunks/1ez_xjl8u_-5_.js:109:235590) {attributes: Object} @ https://vercel.com/_next/static/immutable/chunks/2sl1aftc4weqx.js:8
[  799425ms] [ERROR] Error: Missing param(s) [project] in link to route "/[teamSlug]/[project]/deployments"
    at https://vercel.com/_next/static/immutable/chunks/3qi00qrpi2qml.js:2:2570
    at https://vercel.com/_next/static/immutable/chunks/3qi00qrpi2qml.js:2:3908
    at aj (https://vercel.com/_next/static/immutable/chunks/1ez_xjl8u_-5_.js:109:66413)
    at ic (https://vercel.com/_next/static/immutable/chunks/1ez_xjl8u_-5_.js:109:87432)
    at iL (https://vercel.com/_next/static/immutable/chunks/1ez_xjl8u_-5_.js:109:99301)
    at sZ (https://vercel.com/_next/static/immutable/chunks/1ez_xjl8u_-5_.js:109:145139)
    at https://vercel.com/_next/static/immutable/chunks/1ez_xjl8u_-5_.js:109:140046
    at sU (https://vercel.com/_next/static/immutable/chunks/1ez_xjl8u_-5_.js:109:140147)
    at ck (https://vercel.com/_next/static/immutable/chunks/1ez_xjl8u_-5_.js:109:174862)
    at MessagePort.C (https://vercel.com/_next/static/immutable/chunks/1ez_xjl8u_-5_.js:109:235590) {attributes: Object} @ https://vercel.com/_next/static/immutable/chunks/2sl1aftc4weqx.js:8
[  799442ms] [ERROR] Error: Missing param(s) [project], [id] in link to route "/[teamSlug]/[project]/[id]"
    at https://vercel.com/_next/static/immutable/chunks/3qi00qrpi2qml.js:2:2570
    at https://vercel.com/_next/static/immutable/chunks/3qi00qrpi2qml.js:2:5203
    at Object.useMemo (https://vercel.com/_next/static/immutable/chunks/1ez_xjl8u_-5_.js:109:79852)
    at push.r.useMemo (https://vercel.com/_next/static/immutable/chunks/3yj28cgcsk539.js:2:22543)
    at https://vercel.com/_next/static/immutable/chunks/3qi00qrpi2qml.js:2:4527
    at c (https://vercel.com/_next/static/immutable/chunks/3oc81hqdy7vft.js:2:5164)
    at aj (https://vercel.com/_next/static/immutable/chunks/1ez_xjl8u_-5_.js:109:66413)
    at ic (https://vercel.com/_next/static/immutable/chunks/1ez_xjl8u_-5_.js:109:87432)
    at iL (https://vercel.com/_next/static/immutable/chunks/1ez_xjl8u_-5_.js:109:99301)
    at sZ (https://vercel.com/_next/static/immutable/chunks/1ez_xjl8u_-5_.js:109:145139)
    at https://vercel.com/_next/static/immutable/chunks/1ez_xjl8u_-5_.js:109:140046
    at sU (https://vercel.com/_next/static/immutable/chunks/1ez_xjl8u_-5_.js:109:140147)
    at ck (https://vercel.com/_next/static/immutable/chunks/1ez_xjl8u_-5_.js:109:174862)
    at MessagePort.C (https://vercel.com/_next/static/immutable/chunks/1ez_xjl8u_-5_.js:109:235590) {attributes: Object} @ https://vercel.com/_next/static/immutable/chunks/2sl1aftc4weqx.js:8
[  799444ms] [ERROR] Error: Missing param(s) [project], [id] in link to route "/[teamSlug]/[project]/[id]/logs"
    at https://vercel.com/_next/static/immutable/chunks/3qi00qrpi2qml.js:2:2570
    at https://vercel.com/_next/static/immutable/chunks/3qi00qrpi2qml.js:2:5203
    at Object.useMemo (https://vercel.com/_next/static/immutable/chunks/1ez_xjl8u_-5_.js:109:79852)
    at push.r.useMemo (https://vercel.com/_next/static/immutable/chunks/3yj28cgcsk539.js:2:22543)
    at https://vercel.com/_next/static/immutable/chunks/3qi00qrpi2qml.js:2:4527
    at c (https://vercel.com/_next/static/immutable/chunks/3oc81hqdy7vft.js:2:5164)
    at aj (https://vercel.com/_next/static/immutable/chunks/1ez_xjl8u_-5_.js:109:66413)
    at ic (https://vercel.com/_next/static/immutable/chunks/1ez_xjl8u_-5_.js:109:87432)
    at iL (https://vercel.com/_next/static/immutable/chunks/1ez_xjl8u_-5_.js:109:99301)
    at sZ (https://vercel.com/_next/static/immutable/chunks/1ez_xjl8u_-5_.js:109:145139)
    at https://vercel.com/_next/static/immutable/chunks/1ez_xjl8u_-5_.js:109:140046
    at sU (https://vercel.com/_next/static/immutable/chunks/1ez_xjl8u_-5_.js:109:140147)
    at ck (https://vercel.com/_next/static/immutable/chunks/1ez_xjl8u_-5_.js:109:174862)
    at MessagePort.C (https://vercel.com/_next/static/immutable/chunks/1ez_xjl8u_-5_.js:109:235590) {attributes: Object} @ https://vercel.com/_next/static/immutable/chunks/2sl1aftc4weqx.js:8
[  799446ms] [ERROR] Error: Missing param(s) [project], [id] in link to route "/[teamSlug]/[project]/[id]/resources"
    at https://vercel.com/_next/static/immutable/chunks/3qi00qrpi2qml.js:2:2570
    at https://vercel.com/_next/static/immutable/chunks/3qi00qrpi2qml.js:2:5203
    at Object.useMemo (https://vercel.com/_next/static/immutable/chunks/1ez_xjl8u_-5_.js:109:79852)
    at push.r.useMemo (https://vercel.com/_next/static/immutable/chunks/3yj28cgcsk539.js:2:22543)
    at https://vercel.com/_next/static/immutable/chunks/3qi00qrpi2qml.js:2:4527
    at c (https://vercel.com/_next/static/immutable/chunks/3oc81hqdy7vft.js:2:5164)
    at aj (https://vercel.com/_next/static/immutable/chunks/1ez_xjl8u_-5_.js:109:66413)
    at ic (https://vercel.com/_next/static/immutable/chunks/1ez_xjl8u_-5_.js:109:87432)
    at iL (https://vercel.com/_next/static/immutable/chunks/1ez_xjl8u_-5_.js:109:99301)
    at sZ (https://vercel.com/_next/static/immutable/chunks/1ez_xjl8u_-5_.js:109:145139)
    at https://vercel.com/_next/static/immutable/chunks/1ez_xjl8u_-5_.js:109:140046
    at sU (https://vercel.com/_next/static/immutable/chunks/1ez_xjl8u_-5_.js:109:140147)
    at ck (https://vercel.com/_next/static/immutable/chunks/1ez_xjl8u_-5_.js:109:174862)
    at MessagePort.C (https://vercel.com/_next/static/immutable/chunks/1ez_xjl8u_-5_.js:109:235590) {attributes: Object} @ https://vercel.com/_next/static/immutable/chunks/2sl1aftc4weqx.js:8
[  799447ms] [ERROR] Error: Missing param(s) [project], [id] in link to route "/[teamSlug]/[project]/[id]/source"
    at https://vercel.com/_next/static/immutable/chunks/3qi00qrpi2qml.js:2:2570
    at https://vercel.com/_next/static/immutable/chunks/3qi00qrpi2qml.js:2:5203
    at Object.useMemo (https://vercel.com/_next/static/immutable/chunks/1ez_xjl8u_-5_.js:109:79852)
    at push.r.useMemo (https://vercel.com/_next/static/immutable/chunks/3yj28cgcsk539.js:2:22543)
    at https://vercel.com/_next/static/immutable/chunks/3qi00qrpi2qml.js:2:4527
    at c (https://vercel.com/_next/static/immutable/chunks/3oc81hqdy7vft.js:2:5164)
    at aj (https://vercel.com/_next/static/immutable/chunks/1ez_xjl8u_-5_.js:109:66413)
    at ic (https://vercel.com/_next/static/immutable/chunks/1ez_xjl8u_-5_.js:109:87432)
    at iL (https://vercel.com/_next/static/immutable/chunks/1ez_xjl8u_-5_.js:109:99301)
    at sZ (https://vercel.com/_next/static/immutable/chunks/1ez_xjl8u_-5_.js:109:145139)
    at https://vercel.com/_next/static/immutable/chunks/1ez_xjl8u_-5_.js:109:140046
    at sU (https://vercel.com/_next/static/immutable/chunks/1ez_xjl8u_-5_.js:109:140147)
    at ck (https://vercel.com/_next/static/immutable/chunks/1ez_xjl8u_-5_.js:109:174862)
    at MessagePort.C (https://vercel.com/_next/static/immutable/chunks/1ez_xjl8u_-5_.js:109:235590) {attributes: Object} @ https://vercel.com/_next/static/immutable/chunks/2sl1aftc4weqx.js:8
[  799448ms] [ERROR] Error: Missing param(s) [project], [id] in link to route "/[teamSlug]/[project]/[id]/og"
    at https://vercel.com/_next/static/immutable/chunks/3qi00qrpi2qml.js:2:2570
    at https://vercel.com/_next/static/immutable/chunks/3qi00qrpi2qml.js:2:5203
    at Object.useMemo (https://vercel.com/_next/static/immutable/chunks/1ez_xjl8u_-5_.js:109:79852)
    at push.r.useMemo (https://vercel.com/_next/static/immutable/chunks/3yj28cgcsk539.js:2:22543)
    at https://vercel.com/_next/static/immutable/chunks/3qi00qrpi2qml.js:2:4527
    at c (https://vercel.com/_next/static/immutable/chunks/3oc81hqdy7vft.js:2:5164)
    at aj (https://vercel.com/_next/static/immutable/chunks/1ez_xjl8u_-5_.js:109:66413)
    at ic (https://vercel.com/_next/static/immutable/chunks/1ez_xjl8u_-5_.js:109:87432)
    at iL (https://vercel.com/_next/static/immutable/chunks/1ez_xjl8u_-5_.js:109:99301)
    at sZ (https://vercel.com/_next/static/immutable/chunks/1ez_xjl8u_-5_.js:109:145139)
    at https://vercel.com/_next/static/immutable/chunks/1ez_xjl8u_-5_.js:109:140046
    at sU (https://vercel.com/_next/static/immutable/chunks/1ez_xjl8u_-5_.js:109:140147)
    at ck (https://vercel.com/_next/static/immutable/chunks/1ez_xjl8u_-5_.js:109:174862)
    at MessagePort.C (https://vercel.com/_next/static/immutable/chunks/1ez_xjl8u_-5_.js:109:235590) {attributes: Object} @ https://vercel.com/_next/static/immutable/chunks/2sl1aftc4weqx.js:8
[  799517ms] [ERROR] Error: Missing param(s) [project] in link to route "/[teamSlug]/[project]/logs"
    at https://vercel.com/_next/static/immutable/chunks/3qi00qrpi2qml.js:2:2570
    at push.e.s.route (https://vercel.com/_next/static/immutable/chunks/3qi00qrpi2qml.js:2:3588)
    at aj (https://vercel.com/_next/static/immutable/chunks/1ez_xjl8u_-5_.js:109:66413)
    at ic (https://vercel.com/_next/static/immutable/chunks/1ez_xjl8u_-5_.js:109:87432)
    at iL (https://vercel.com/_next/static/immutable/chunks/1ez_xjl8u_-5_.js:109:99301)
    at sZ (https://vercel.com/_next/static/immutable/chunks/1ez_xjl8u_-5_.js:109:145139)
    at https://vercel.com/_next/static/immutable/chunks/1ez_xjl8u_-5_.js:109:140046
    at sU (https://vercel.com/_next/static/immutable/chunks/1ez_xjl8u_-5_.js:109:140147)
    at ck (https://vercel.com/_next/static/immutable/chunks/1ez_xjl8u_-5_.js:109:174862)
    at MessagePort.C (https://vercel.com/_next/static/immutable/chunks/1ez_xjl8u_-5_.js:109:235590) {attributes: Object} @ https://vercel.com/_next/static/immutable/chunks/2sl1aftc4weqx.js:8
[  799641ms] [ERROR] Error: Missing param(s) [project] in link to route "/[teamSlug]/[project]"
    at https://vercel.com/_next/static/immutable/chunks/3qi00qrpi2qml.js:2:2570
    at https://vercel.com/_next/static/immutable/chunks/3qi00qrpi2qml.js:2:3908
    at aj (https://vercel.com/_next/static/immutable/chunks/1ez_xjl8u_-5_.js:109:66413)
    at ic (https://vercel.com/_next/static/immutable/chunks/1ez_xjl8u_-5_.js:109:87432)
    at iL (https://vercel.com/_next/static/immutable/chunks/1ez_xjl8u_-5_.js:109:99301)
    at sZ (https://vercel.com/_next/static/immutable/chunks/1ez_xjl8u_-5_.js:109:145139)
    at https://vercel.com/_next/static/immutable/chunks/1ez_xjl8u_-5_.js:109:140046
    at sU (https://vercel.com/_next/static/immutable/chunks/1ez_xjl8u_-5_.js:109:140147)
    at ck (https://vercel.com/_next/static/immutable/chunks/1ez_xjl8u_-5_.js:109:174862)
    at MessagePort.C (https://vercel.com/_next/static/immutable/chunks/1ez_xjl8u_-5_.js:109:235590) {attributes: Object} @ https://vercel.com/_next/static/immutable/chunks/2sl1aftc4weqx.js:8
[  799651ms] [ERROR] Error: Missing param(s) [project] in link to route "/[teamSlug]/[project]"
    at https://vercel.com/_next/static/immutable/chunks/3qi00qrpi2qml.js:2:2570
    at https://vercel.com/_next/static/immutable/chunks/3qi00qrpi2qml.js:2:5203
    at Object.oE [as useMemo] (https://vercel.com/_next/static/immutable/chunks/1ez_xjl8u_-5_.js:109:75491)
    at push.r.useMemo (https://vercel.com/_next/static/immutable/chunks/3yj28cgcsk539.js:2:22543)
    at https://vercel.com/_next/static/immutable/chunks/3qi00qrpi2qml.js:2:4527
    at tx (https://vercel.com/_next/static/immutable/chunks/2j7mrzldu8mz6.js:2:70041)
    at aj (https://vercel.com/_next/static/immutable/chunks/1ez_xjl8u_-5_.js:109:66413)
    at ic (https://vercel.com/_next/static/immutable/chunks/1ez_xjl8u_-5_.js:109:87432)
    at iL (https://vercel.com/_next/static/immutable/chunks/1ez_xjl8u_-5_.js:109:99301)
    at sZ (https://vercel.com/_next/static/immutable/chunks/1ez_xjl8u_-5_.js:109:145139)
    at https://vercel.com/_next/static/immutable/chunks/1ez_xjl8u_-5_.js:109:140046
    at sU (https://vercel.com/_next/static/immutable/chunks/1ez_xjl8u_-5_.js:109:140147)
    at ck (https://vercel.com/_next/static/immutable/chunks/1ez_xjl8u_-5_.js:109:174862)
    at MessagePort.C (https://vercel.com/_next/static/immutable/chunks/1ez_xjl8u_-5_.js:109:235590) {attributes: Object} @ https://vercel.com/_next/static/immutable/chunks/2sl1aftc4weqx.js:8
[  799652ms] [ERROR] Error: Missing param(s) [project] in link to route "/[teamSlug]/[project]/deployments"
    at https://vercel.com/_next/static/immutable/chunks/3qi00qrpi2qml.js:2:2570
    at https://vercel.com/_next/static/immutable/chunks/3qi00qrpi2qml.js:2:5203
    at Object.oE [as useMemo] (https://vercel.com/_next/static/immutable/chunks/1ez_xjl8u_-5_.js:109:75491)
    at push.r.useMemo (https://vercel.com/_next/static/immutable/chunks/3yj28cgcsk539.js:2:22543)
    at https://vercel.com/_next/static/immutable/chunks/3qi00qrpi2qml.js:2:4527
    at tx (https://vercel.com/_next/static/immutable/chunks/2j7mrzldu8mz6.js:2:70041)
    at aj (https://vercel.com/_next/static/immutable/chunks/1ez_xjl8u_-5_.js:109:66413)
    at ic (https://vercel.com/_next/static/immutable/chunks/1ez_xjl8u_-5_.js:109:87432)
    at iL (https://vercel.com/_next/static/immutable/chunks/1ez_xjl8u_-5_.js:109:99301)
    at sZ (https://vercel.com/_next/static/immutable/chunks/1ez_xjl8u_-5_.js:109:145139)
    at https://vercel.com/_next/static/immutable/chunks/1ez_xjl8u_-5_.js:109:140046
    at sU (https://vercel.com/_next/static/immutable/chunks/1ez_xjl8u_-5_.js:109:140147)
    at ck (https://vercel.com/_next/static/immutable/chunks/1ez_xjl8u_-5_.js:109:174862)
    at MessagePort.C (https://vercel.com/_next/static/immutable/chunks/1ez_xjl8u_-5_.js:109:235590) {attributes: Object} @ https://vercel.com/_next/static/immutable/chunks/2sl1aftc4weqx.js:8
[  799654ms] [ERROR] Error: Missing param(s) [project] in link to route "/[teamSlug]/[project]/logs"
    at https://vercel.com/_next/static/immutable/chunks/3qi00qrpi2qml.js:2:2570
    at https://vercel.com/_next/static/immutable/chunks/3qi00qrpi2qml.js:2:5203
    at Object.oE [as useMemo] (https://vercel.com/_next/static/immutable/chunks/1ez_xjl8u_-5_.js:109:75491)
    at push.r.useMemo (https://vercel.com/_next/static/immutable/chunks/3yj28cgcsk539.js:2:22543)
    at https://vercel.com/_next/static/immutable/chunks/3qi00qrpi2qml.js:2:4527
    at tx (https://vercel.com/_next/static/immutable/chunks/2j7mrzldu8mz6.js:2:70041)
    at aj (https://vercel.com/_next/static/immutable/chunks/1ez_xjl8u_-5_.js:109:66413)
    at ic (https://vercel.com/_next/static/immutable/chunks/1ez_xjl8u_-5_.js:109:87432)
    at iL (https://vercel.com/_next/static/immutable/chunks/1ez_xjl8u_-5_.js:109:99301)
    at sZ (https://vercel.com/_next/static/immutable/chunks/1ez_xjl8u_-5_.js:109:145139)
    at https://vercel.com/_next/static/immutable/chunks/1ez_xjl8u_-5_.js:109:140046
    at sU (https://vercel.com/_next/static/immutable/chunks/1ez_xjl8u_-5_.js:109:140147)
    at ck (https://vercel.com/_next/static/immutable/chunks/1ez_xjl8u_-5_.js:109:174862)
    at MessagePort.C (https://vercel.com/_next/static/immutable/chunks/1ez_xjl8u_-5_.js:109:235590) {attributes: Object} @ https://vercel.com/_next/static/immutable/chunks/2sl1aftc4weqx.js:8
[  799655ms] [ERROR] Error: Missing param(s) [project] in link to route "/[teamSlug]/[project]/analytics"
    at https://vercel.com/_next/static/immutable/chunks/3qi00qrpi2qml.js:2:2570
    at https://vercel.com/_next/static/immutable/chunks/3qi00qrpi2qml.js:2:5203
    at Object.oE [as useMemo] (https://vercel.com/_next/static/immutable/chunks/1ez_xjl8u_-5_.js:109:75491)
    at push.r.useMemo (https://vercel.com/_next/static/immutable/chunks/3yj28cgcsk539.js:2:22543)
    at https://vercel.com/_next/static/immutable/chunks/3qi00qrpi2qml.js:2:4527
    at tx (https://vercel.com/_next/static/immutable/chunks/2j7mrzldu8mz6.js:2:70041)
    at aj (https://vercel.com/_next/static/immutable/chunks/1ez_xjl8u_-5_.js:109:66413)
    at ic (https://vercel.com/_next/static/immutable/chunks/1ez_xjl8u_-5_.js:109:87432)
    at iL (https://vercel.com/_next/static/immutable/chunks/1ez_xjl8u_-5_.js:109:99301)
    at sZ (https://vercel.com/_next/static/immutable/chunks/1ez_xjl8u_-5_.js:109:145139)
    at https://vercel.com/_next/static/immutable/chunks/1ez_xjl8u_-5_.js:109:140046
    at sU (https://vercel.com/_next/static/immutable/chunks/1ez_xjl8u_-5_.js:109:140147)
    at ck (https://vercel.com/_next/static/immutable/chunks/1ez_xjl8u_-5_.js:109:174862)
    at MessagePort.C (https://vercel.com/_next/static/immutable/chunks/1ez_xjl8u_-5_.js:109:235590) {attributes: Object} @ https://vercel.com/_next/static/immutable/chunks/2sl1aftc4weqx.js:8
[  799656ms] [ERROR] Error: Missing param(s) [project] in link to route "/[teamSlug]/[project]/speed-insights"
    at https://vercel.com/_next/static/immutable/chunks/3qi00qrpi2qml.js:2:2570
    at https://vercel.com/_next/static/immutable/chunks/3qi00qrpi2qml.js:2:5203
    at Object.oE [as useMemo] (https://vercel.com/_next/static/immutable/chunks/1ez_xjl8u_-5_.js:109:75491)
    at push.r.useMemo (https://vercel.com/_next/static/immutable/chunks/3yj28cgcsk539.js:2:22543)
    at https://vercel.com/_next/static/immutable/chunks/3qi00qrpi2qml.js:2:4527
    at tx (https://vercel.com/_next/static/immutable/chunks/2j7mrzldu8mz6.js:2:70041)
    at aj (https://vercel.com/_next/static/immutable/chunks/1ez_xjl8u_-5_.js:109:66413)
    at ic (https://vercel.com/_next/static/immutable/chunks/1ez_xjl8u_-5_.js:109:87432)
    at iL (https://vercel.com/_next/static/immutable/chunks/1ez_xjl8u_-5_.js:109:99301)
    at sZ (https://vercel.com/_next/static/immutable/chunks/1ez_xjl8u_-5_.js:109:145139)
    at https://vercel.com/_next/static/immutable/chunks/1ez_xjl8u_-5_.js:109:140046
    at sU (https://vercel.com/_next/static/immutable/chunks/1ez_xjl8u_-5_.js:109:140147)
    at ck (https://vercel.com/_next/static/immutable/chunks/1ez_xjl8u_-5_.js:109:174862)
    at MessagePort.C (https://vercel.com/_next/static/immutable/chunks/1ez_xjl8u_-5_.js:109:235590) {attributes: Object} @ https://vercel.com/_next/static/immutable/chunks/2sl1aftc4weqx.js:8
[  799657ms] [ERROR] Error: Missing param(s) [project] in link to route "/[teamSlug]/[project]/observability"
    at https://vercel.com/_next/static/immutable/chunks/3qi00qrpi2qml.js:2:2570
    at https://vercel.com/_next/static/immutable/chunks/3qi00qrpi2qml.js:2:5203
    at Object.oE [as useMemo] (https://vercel.com/_next/static/immutable/chunks/1ez_xjl8u_-5_.js:109:75491)
    at push.r.useMemo (https://vercel.com/_next/static/immutable/chunks/3yj28cgcsk539.js:2:22543)
    at https://vercel.com/_next/static/immutable/chunks/3qi00qrpi2qml.js:2:4527
    at tx (https://vercel.com/_next/static/immutable/chunks/2j7mrzldu8mz6.js:2:70041)
    at aj (https://vercel.com/_next/static/immutable/chunks/1ez_xjl8u_-5_.js:109:66413)
    at ic (https://vercel.com/_next/static/immutable/chunks/1ez_xjl8u_-5_.js:109:87432)
    at iL (https://vercel.com/_next/static/immutable/chunks/1ez_xjl8u_-5_.js:109:99301)
    at sZ (https://vercel.com/_next/static/immutable/chunks/1ez_xjl8u_-5_.js:109:145139)
    at https://vercel.com/_next/static/immutable/chunks/1ez_xjl8u_-5_.js:109:140046
    at sU (https://vercel.com/_next/static/immutable/chunks/1ez_xjl8u_-5_.js:109:140147)
    at ck (https://vercel.com/_next/static/immutable/chunks/1ez_xjl8u_-5_.js:109:174862)
    at MessagePort.C (https://vercel.com/_next/static/immutable/chunks/1ez_xjl8u_-5_.js:109:235590) {attributes: Object} @ https://vercel.com/_next/static/immutable/chunks/2sl1aftc4weqx.js:8
[  799658ms] [ERROR] Error: Missing param(s) [project] in link to route "/[teamSlug]/[project]/firewall"
    at https://vercel.com/_next/static/immutable/chunks/3qi00qrpi2qml.js:2:2570
    at https://vercel.com/_next/static/immutable/chunks/3qi00qrpi2qml.js:2:5203
    at Object.oE [as useMemo] (https://vercel.com/_next/static/immutable/chunks/1ez_xjl8u_-5_.js:109:75491)
    at push.r.useMemo (https://vercel.com/_next/static/immutable/chunks/3yj28cgcsk539.js:2:22543)
    at https://vercel.com/_next/static/immutable/chunks/3qi00qrpi2qml.js:2:4527
    at tx (https://vercel.com/_next/static/immutable/chunks/2j7mrzldu8mz6.js:2:70041)
    at aj (https://vercel.com/_next/static/immutable/chunks/1ez_xjl8u_-5_.js:109:66413)
    at ic (https://vercel.com/_next/static/immutable/chunks/1ez_xjl8u_-5_.js:109:87432)
    at iL (https://vercel.com/_next/static/immutable/chunks/1ez_xjl8u_-5_.js:109:99301)
    at sZ (https://vercel.com/_next/static/immutable/chunks/1ez_xjl8u_-5_.js:109:145139)
    at https://vercel.com/_next/static/immutable/chunks/1ez_xjl8u_-5_.js:109:140046
    at sU (https://vercel.com/_next/static/immutable/chunks/1ez_xjl8u_-5_.js:109:140147)
    at ck (https://vercel.com/_next/static/immutable/chunks/1ez_xjl8u_-5_.js:109:174862)
    at MessagePort.C (https://vercel.com/_next/static/immutable/chunks/1ez_xjl8u_-5_.js:109:235590) {attributes: Object} @ https://vercel.com/_next/static/immutable/chunks/2sl1aftc4weqx.js:8
[  799659ms] [ERROR] Error: Missing param(s) [project] in link to route "/[teamSlug]/[project]/cdn"
    at https://vercel.com/_next/static/immutable/chunks/3qi00qrpi2qml.js:2:2570
    at https://vercel.com/_next/static/immutable/chunks/3qi00qrpi2qml.js:2:5203
    at Object.oE [as useMemo] (https://vercel.com/_next/static/immutable/chunks/1ez_xjl8u_-5_.js:109:75491)
    at push.r.useMemo (https://vercel.com/_next/static/immutable/chunks/3yj28cgcsk539.js:2:22543)
    at https://vercel.com/_next/static/immutable/chunks/3qi00qrpi2qml.js:2:4527
    at tx (https://vercel.com/_next/static/immutable/chunks/2j7mrzldu8mz6.js:2:70041)
    at aj (https://vercel.com/_next/static/immutable/chunks/1ez_xjl8u_-5_.js:109:66413)
    at ic (https://vercel.com/_next/static/immutable/chunks/1ez_xjl8u_-5_.js:109:87432)
    at iL (https://vercel.com/_next/static/immutable/chunks/1ez_xjl8u_-5_.js:109:99301)
    at sZ (https://vercel.com/_next/static/immutable/chunks/1ez_xjl8u_-5_.js:109:145139)
    at https://vercel.com/_next/static/immutable/chunks/1ez_xjl8u_-5_.js:109:140046
    at sU (https://vercel.com/_next/static/immutable/chunks/1ez_xjl8u_-5_.js:109:140147)
    at ck (https://vercel.com/_next/static/immutable/chunks/1ez_xjl8u_-5_.js:109:174862)
    at MessagePort.C (https://vercel.com/_next/static/immutable/chunks/1ez_xjl8u_-5_.js:109:235590) {attributes: Object} @ https://vercel.com/_next/static/immutable/chunks/2sl1aftc4weqx.js:8
[  799660ms] [ERROR] Error: Missing param(s) [project] in link to route "/[teamSlug]/[project]/settings/environment-variables"
    at https://vercel.com/_next/static/immutable/chunks/3qi00qrpi2qml.js:2:2570
    at https://vercel.com/_next/static/immutable/chunks/3qi00qrpi2qml.js:2:5203
    at Object.oE [as useMemo] (https://vercel.com/_next/static/immutable/chunks/1ez_xjl8u_-5_.js:109:75491)
    at push.r.useMemo (https://vercel.com/_next/static/immutable/chunks/3yj28cgcsk539.js:2:22543)
    at https://vercel.com/_next/static/immutable/chunks/3qi00qrpi2qml.js:2:4527
    at tx (https://vercel.com/_next/static/immutable/chunks/2j7mrzldu8mz6.js:2:70041)
    at aj (https://vercel.com/_next/static/immutable/chunks/1ez_xjl8u_-5_.js:109:66413)
    at ic (https://vercel.com/_next/static/immutable/chunks/1ez_xjl8u_-5_.js:109:87432)
    at iL (https://vercel.com/_next/static/immutable/chunks/1ez_xjl8u_-5_.js:109:99301)
    at sZ (https://vercel.com/_next/static/immutable/chunks/1ez_xjl8u_-5_.js:109:145139)
    at https://vercel.com/_next/static/immutable/chunks/1ez_xjl8u_-5_.js:109:140046
    at sU (https://vercel.com/_next/static/immutable/chunks/1ez_xjl8u_-5_.js:109:140147)
    at ck (https://vercel.com/_next/static/immutable/chunks/1ez_xjl8u_-5_.js:109:174862)
    at MessagePort.C (https://vercel.com/_next/static/immutable/chunks/1ez_xjl8u_-5_.js:109:235590) {attributes: Object} @ https://vercel.com/_next/static/immutable/chunks/2sl1aftc4weqx.js:8
[  799662ms] [ERROR] Error: Missing param(s) [project] in link to route "/[teamSlug]/[project]/settings/domains"
    at https://vercel.com/_next/static/immutable/chunks/3qi00qrpi2qml.js:2:2570
    at https://vercel.com/_next/static/immutable/chunks/3qi00qrpi2qml.js:2:5203
    at Object.oE [as useMemo] (https://vercel.com/_next/static/immutable/chunks/1ez_xjl8u_-5_.js:109:75491)
    at push.r.useMemo (https://vercel.com/_next/static/immutable/chunks/3yj28cgcsk539.js:2:22543)
    at https://vercel.com/_next/static/immutable/chunks/3qi00qrpi2qml.js:2:4527
    at tx (https://vercel.com/_next/static/immutable/chunks/2j7mrzldu8mz6.js:2:70041)
    at aj (https://vercel.com/_next/static/immutable/chunks/1ez_xjl8u_-5_.js:109:66413)
    at ic (https://vercel.com/_next/static/immutable/chunks/1ez_xjl8u_-5_.js:109:87432)
    at iL (https://vercel.com/_next/static/immutable/chunks/1ez_xjl8u_-5_.js:109:99301)
    at sZ (https://vercel.com/_next/static/immutable/chunks/1ez_xjl8u_-5_.js:109:145139)
    at https://vercel.com/_next/static/immutable/chunks/1ez_xjl8u_-5_.js:109:140046
    at sU (https://vercel.com/_next/static/immutable/chunks/1ez_xjl8u_-5_.js:109:140147)
    at ck (https://vercel.com/_next/static/immutable/chunks/1ez_xjl8u_-5_.js:109:174862)
    at MessagePort.C (https://vercel.com/_next/static/immutable/chunks/1ez_xjl8u_-5_.js:109:235590) {attributes: Object} @ https://vercel.com/_next/static/immutable/chunks/2sl1aftc4weqx.js:8
[  799664ms] [ERROR] Error: Missing param(s) [project] in link to route "/[teamSlug]/[project]/connect"
    at https://vercel.com/_next/static/immutable/chunks/3qi00qrpi2qml.js:2:2570
    at https://vercel.com/_next/static/immutable/chunks/3qi00qrpi2qml.js:2:5203
    at Object.oE [as useMemo] (https://vercel.com/_next/static/immutable/chunks/1ez_xjl8u_-5_.js:109:75491)
    at push.r.useMemo (https://vercel.com/_next/static/immutable/chunks/3yj28cgcsk539.js:2:22543)
    at https://vercel.com/_next/static/immutable/chunks/3qi00qrpi2qml.js:2:4527
    at tx (https://vercel.com/_next/static/immutable/chunks/2j7mrzldu8mz6.js:2:70041)
    at aj (https://vercel.com/_next/static/immutable/chunks/1ez_xjl8u_-5_.js:109:66413)
    at ic (https://vercel.com/_next/static/immutable/chunks/1ez_xjl8u_-5_.js:109:87432)
    at iL (https://vercel.com/_next/static/immutable/chunks/1ez_xjl8u_-5_.js:109:99301)
    at sZ (https://vercel.com/_next/static/immutable/chunks/1ez_xjl8u_-5_.js:109:145139)
    at https://vercel.com/_next/static/immutable/chunks/1ez_xjl8u_-5_.js:109:140046
    at sU (https://vercel.com/_next/static/immutable/chunks/1ez_xjl8u_-5_.js:109:140147)
    at ck (https://vercel.com/_next/static/immutable/chunks/1ez_xjl8u_-5_.js:109:174862)
    at MessagePort.C (https://vercel.com/_next/static/immutable/chunks/1ez_xjl8u_-5_.js:109:235590) {attributes: Object} @ https://vercel.com/_next/static/immutable/chunks/2sl1aftc4weqx.js:8
[  799665ms] [ERROR] Error: Missing param(s) [project] in link to route "/[teamSlug]/[project]/settings/integrations"
    at https://vercel.com/_next/static/immutable/chunks/3qi00qrpi2qml.js:2:2570
    at https://vercel.com/_next/static/immutable/chunks/3qi00qrpi2qml.js:2:5203
    at Object.oE [as useMemo] (https://vercel.com/_next/static/immutable/chunks/1ez_xjl8u_-5_.js:109:75491)
    at push.r.useMemo (https://vercel.com/_next/static/immutable/chunks/3yj28cgcsk539.js:2:22543)
    at https://vercel.com/_next/static/immutable/chunks/3qi00qrpi2qml.js:2:4527
    at tx (https://vercel.com/_next/static/immutable/chunks/2j7mrzldu8mz6.js:2:70041)
    at aj (https://vercel.com/_next/static/immutable/chunks/1ez_xjl8u_-5_.js:109:66413)
    at ic (https://vercel.com/_next/static/immutable/chunks/1ez_xjl8u_-5_.js:109:87432)
    at iL (https://vercel.com/_next/static/immutable/chunks/1ez_xjl8u_-5_.js:109:99301)
    at sZ (https://vercel.com/_next/static/immutable/chunks/1ez_xjl8u_-5_.js:109:145139)
    at https://vercel.com/_next/static/immutable/chunks/1ez_xjl8u_-5_.js:109:140046
    at sU (https://vercel.com/_next/static/immutable/chunks/1ez_xjl8u_-5_.js:109:140147)
    at ck (https://vercel.com/_next/static/immutable/chunks/1ez_xjl8u_-5_.js:109:174862)
    at MessagePort.C (https://vercel.com/_next/static/immutable/chunks/1ez_xjl8u_-5_.js:109:235590) {attributes: Object} @ https://vercel.com/_next/static/immutable/chunks/2sl1aftc4weqx.js:8
[  799666ms] [ERROR] Error: Missing param(s) [project] in link to route "/[teamSlug]/[project]/stores"
    at https://vercel.com/_next/static/immutable/chunks/3qi00qrpi2qml.js:2:2570
    at https://vercel.com/_next/static/immutable/chunks/3qi00qrpi2qml.js:2:5203
    at Object.oE [as useMemo] (https://vercel.com/_next/static/immutable/chunks/1ez_xjl8u_-5_.js:109:75491)
    at push.r.useMemo (https://vercel.com/_next/static/immutable/chunks/3yj28cgcsk539.js:2:22543)
    at https://vercel.com/_next/static/immutable/chunks/3qi00qrpi2qml.js:2:4527
    at tx (https://vercel.com/_next/static/immutable/chunks/2j7mrzldu8mz6.js:2:70041)
    at aj (https://vercel.com/_next/static/immutable/chunks/1ez_xjl8u_-5_.js:109:66413)
    at ic (https://vercel.com/_next/static/immutable/chunks/1ez_xjl8u_-5_.js:109:87432)
    at iL (https://vercel.com/_next/static/immutable/chunks/1ez_xjl8u_-5_.js:109:99301)
    at sZ (https://vercel.com/_next/static/immutable/chunks/1ez_xjl8u_-5_.js:109:145139)
    at https://vercel.com/_next/static/immutable/chunks/1ez_xjl8u_-5_.js:109:140046
    at sU (https://vercel.com/_next/static/immutable/chunks/1ez_xjl8u_-5_.js:109:140147)
    at ck (https://vercel.com/_next/static/immutable/chunks/1ez_xjl8u_-5_.js:109:174862)
    at MessagePort.C (https://vercel.com/_next/static/immutable/chunks/1ez_xjl8u_-5_.js:109:235590) {attributes: Object} @ https://vercel.com/_next/static/immutable/chunks/2sl1aftc4weqx.js:8
[  799668ms] [ERROR] Error: Missing param(s) [project] in link to route "/[teamSlug]/[project]/flags"
    at https://vercel.com/_next/static/immutable/chunks/3qi00qrpi2qml.js:2:2570
    at https://vercel.com/_next/static/immutable/chunks/3qi00qrpi2qml.js:2:5203
    at Object.oE [as useMemo] (https://vercel.com/_next/static/immutable/chunks/1ez_xjl8u_-5_.js:109:75491)
    at push.r.useMemo (https://vercel.com/_next/static/immutable/chunks/3yj28cgcsk539.js:2:22543)
    at https://vercel.com/_next/static/immutable/chunks/3qi00qrpi2qml.js:2:4527
    at tx (https://vercel.com/_next/static/immutable/chunks/2j7mrzldu8mz6.js:2:70041)
    at aj (https://vercel.com/_next/static/immutable/chunks/1ez_xjl8u_-5_.js:109:66413)
    at ic (https://vercel.com/_next/static/immutable/chunks/1ez_xjl8u_-5_.js:109:87432)
    at iL (https://vercel.com/_next/static/immutable/chunks/1ez_xjl8u_-5_.js:109:99301)
    at sZ (https://vercel.com/_next/static/immutable/chunks/1ez_xjl8u_-5_.js:109:145139)
    at https://vercel.com/_next/static/immutable/chunks/1ez_xjl8u_-5_.js:109:140046
    at sU (https://vercel.com/_next/static/immutable/chunks/1ez_xjl8u_-5_.js:109:140147)
    at ck (https://vercel.com/_next/static/immutable/chunks/1ez_xjl8u_-5_.js:109:174862)
    at MessagePort.C (https://vercel.com/_next/static/immutable/chunks/1ez_xjl8u_-5_.js:109:235590) {attributes: Object} @ https://vercel.com/_next/static/immutable/chunks/2sl1aftc4weqx.js:8
[  799669ms] [ERROR] Error: Missing param(s) [project] in link to route "/[teamSlug]/[project]/agent"
    at https://vercel.com/_next/static/immutable/chunks/3qi00qrpi2qml.js:2:2570
    at https://vercel.com/_next/static/immutable/chunks/3qi00qrpi2qml.js:2:5203
    at Object.oE [as useMemo] (https://vercel.com/_next/static/immutable/chunks/1ez_xjl8u_-5_.js:109:75491)
    at push.r.useMemo (https://vercel.com/_next/static/immutable/chunks/3yj28cgcsk539.js:2:22543)
    at https://vercel.com/_next/static/immutable/chunks/3qi00qrpi2qml.js:2:4527
    at tx (https://vercel.com/_next/static/immutable/chunks/2j7mrzldu8mz6.js:2:70041)
    at aj (https://vercel.com/_next/static/immutable/chunks/1ez_xjl8u_-5_.js:109:66413)
    at ic (https://vercel.com/_next/static/immutable/chunks/1ez_xjl8u_-5_.js:109:87432)
    at iL (https://vercel.com/_next/static/immutable/chunks/1ez_xjl8u_-5_.js:109:99301)
    at sZ (https://vercel.com/_next/static/immutable/chunks/1ez_xjl8u_-5_.js:109:145139)
    at https://vercel.com/_next/static/immutable/chunks/1ez_xjl8u_-5_.js:109:140046
    at sU (https://vercel.com/_next/static/immutable/chunks/1ez_xjl8u_-5_.js:109:140147)
    at ck (https://vercel.com/_next/static/immutable/chunks/1ez_xjl8u_-5_.js:109:174862)
    at MessagePort.C (https://vercel.com/_next/static/immutable/chunks/1ez_xjl8u_-5_.js:109:235590) {attributes: Object} @ https://vercel.com/_next/static/immutable/chunks/2sl1aftc4weqx.js:8
[  799671ms] [ERROR] Error: Missing param(s) [project] in link to route "/[teamSlug]/[project]/ai-gateway"
    at https://vercel.com/_next/static/immutable/chunks/3qi00qrpi2qml.js:2:2570
    at https://vercel.com/_next/static/immutable/chunks/3qi00qrpi2qml.js:2:5203
    at Object.oE [as useMemo] (https://vercel.com/_next/static/immutable/chunks/1ez_xjl8u_-5_.js:109:75491)
    at push.r.useMemo (https://vercel.com/_next/static/immutable/chunks/3yj28cgcsk539.js:2:22543)
    at https://vercel.com/_next/static/immutable/chunks/3qi00qrpi2qml.js:2:4527
    at tx (https://vercel.com/_next/static/immutable/chunks/2j7mrzldu8mz6.js:2:70041)
    at aj (https://vercel.com/_next/static/immutable/chunks/1ez_xjl8u_-5_.js:109:66413)
    at ic (https://vercel.com/_next/static/immutable/chunks/1ez_xjl8u_-5_.js:109:87432)
    at iL (https://vercel.com/_next/static/immutable/chunks/1ez_xjl8u_-5_.js:109:99301)
    at sZ (https://vercel.com/_next/static/immutable/chunks/1ez_xjl8u_-5_.js:109:145139)
    at https://vercel.com/_next/static/immutable/chunks/1ez_xjl8u_-5_.js:109:140046
    at sU (https://vercel.com/_next/static/immutable/chunks/1ez_xjl8u_-5_.js:109:140147)
    at ck (https://vercel.com/_next/static/immutable/chunks/1ez_xjl8u_-5_.js:109:174862)
    at MessagePort.C (https://vercel.com/_next/static/immutable/chunks/1ez_xjl8u_-5_.js:109:235590) {attributes: Object} @ https://vercel.com/_next/static/immutable/chunks/2sl1aftc4weqx.js:8
[  799673ms] [ERROR] Error: Missing param(s) [project] in link to route "/[teamSlug]/[project]/sandboxes"
    at https://vercel.com/_next/static/immutable/chunks/3qi00qrpi2qml.js:2:2570
    at https://vercel.com/_next/static/immutable/chunks/3qi00qrpi2qml.js:2:5203
    at Object.oE [as useMemo] (https://vercel.com/_next/static/immutable/chunks/1ez_xjl8u_-5_.js:109:75491)
    at push.r.useMemo (https://vercel.com/_next/static/immutable/chunks/3yj28cgcsk539.js:2:22543)
    at https://vercel.com/_next/static/immutable/chunks/3qi00qrpi2qml.js:2:4527
    at tx (https://vercel.com/_next/static/immutable/chunks/2j7mrzldu8mz6.js:2:70041)
    at aj (https://vercel.com/_next/static/immutable/chunks/1ez_xjl8u_-5_.js:109:66413)
    at ic (https://vercel.com/_next/static/immutable/chunks/1ez_xjl8u_-5_.js:109:87432)
    at iL (https://vercel.com/_next/static/immutable/chunks/1ez_xjl8u_-5_.js:109:99301)
    at sZ (https://vercel.com/_next/static/immutable/chunks/1ez_xjl8u_-5_.js:109:145139)
    at https://vercel.com/_next/static/immutable/chunks/1ez_xjl8u_-5_.js:109:140046
    at sU (https://vercel.com/_next/static/immutable/chunks/1ez_xjl8u_-5_.js:109:140147)
    at ck (https://vercel.com/_next/static/immutable/chunks/1ez_xjl8u_-5_.js:109:174862)
    at MessagePort.C (https://vercel.com/_next/static/immutable/chunks/1ez_xjl8u_-5_.js:109:235590) {attributes: Object} @ https://vercel.com/_next/static/immutable/chunks/2sl1aftc4weqx.js:8
[  799674ms] [ERROR] Error: Missing param(s) [project] in link to route "/[teamSlug]/[project]/workflows"
    at https://vercel.com/_next/static/immutable/chunks/3qi00qrpi2qml.js:2:2570
    at https://vercel.com/_next/static/immutable/chunks/3qi00qrpi2qml.js:2:5203
    at Object.oE [as useMemo] (https://vercel.com/_next/static/immutable/chunks/1ez_xjl8u_-5_.js:109:75491)
    at push.r.useMemo (https://vercel.com/_next/static/immutable/chunks/3yj28cgcsk539.js:2:22543)
    at https://vercel.com/_next/static/immutable/chunks/3qi00qrpi2qml.js:2:4527
    at tx (https://vercel.com/_next/static/immutable/chunks/2j7mrzldu8mz6.js:2:70041)
    at aj (https://vercel.com/_next/static/immutable/chunks/1ez_xjl8u_-5_.js:109:66413)
    at ic (https://vercel.com/_next/static/immutable/chunks/1ez_xjl8u_-5_.js:109:87432)
    at iL (https://vercel.com/_next/static/immutable/chunks/1ez_xjl8u_-5_.js:109:99301)
    at sZ (https://vercel.com/_next/static/immutable/chunks/1ez_xjl8u_-5_.js:109:145139)
    at https://vercel.com/_next/static/immutable/chunks/1ez_xjl8u_-5_.js:109:140046
    at sU (https://vercel.com/_next/static/immutable/chunks/1ez_xjl8u_-5_.js:109:140147)
    at ck (https://vercel.com/_next/static/immutable/chunks/1ez_xjl8u_-5_.js:109:174862)
    at MessagePort.C (https://vercel.com/_next/static/immutable/chunks/1ez_xjl8u_-5_.js:109:235590) {attributes: Object} @ https://vercel.com/_next/static/immutable/chunks/2sl1aftc4weqx.js:8
[  799675ms] [ERROR] Error: Missing param(s) [project] in link to route "/[teamSlug]/[project]/images"
    at https://vercel.com/_next/static/immutable/chunks/3qi00qrpi2qml.js:2:2570
    at https://vercel.com/_next/static/immutable/chunks/3qi00qrpi2qml.js:2:5203
    at Object.oE [as useMemo] (https://vercel.com/_next/static/immutable/chunks/1ez_xjl8u_-5_.js:109:75491)
    at push.r.useMemo (https://vercel.com/_next/static/immutable/chunks/3yj28cgcsk539.js:2:22543)
    at https://vercel.com/_next/static/immutable/chunks/3qi00qrpi2qml.js:2:4527
    at tx (https://vercel.com/_next/static/immutable/chunks/2j7mrzldu8mz6.js:2:70041)
    at aj (https://vercel.com/_next/static/immutable/chunks/1ez_xjl8u_-5_.js:109:66413)
    at ic (https://vercel.com/_next/static/immutable/chunks/1ez_xjl8u_-5_.js:109:87432)
    at iL (https://vercel.com/_next/static/immutable/chunks/1ez_xjl8u_-5_.js:109:99301)
    at sZ (https://vercel.com/_next/static/immutable/chunks/1ez_xjl8u_-5_.js:109:145139)
    at https://vercel.com/_next/static/immutable/chunks/1ez_xjl8u_-5_.js:109:140046
    at sU (https://vercel.com/_next/static/immutable/chunks/1ez_xjl8u_-5_.js:109:140147)
    at ck (https://vercel.com/_next/static/immutable/chunks/1ez_xjl8u_-5_.js:109:174862)
    at MessagePort.C (https://vercel.com/_next/static/immutable/chunks/1ez_xjl8u_-5_.js:109:235590) {attributes: Object} @ https://vercel.com/_next/static/immutable/chunks/2sl1aftc4weqx.js:8
[  799676ms] [ERROR] Error: Missing param(s) [project] in link to route "/[teamSlug]/[project]/usage"
    at https://vercel.com/_next/static/immutable/chunks/3qi00qrpi2qml.js:2:2570
    at https://vercel.com/_next/static/immutable/chunks/3qi00qrpi2qml.js:2:5203
    at Object.oE [as useMemo] (https://vercel.com/_next/static/immutable/chunks/1ez_xjl8u_-5_.js:109:75491)
    at push.r.useMemo (https://vercel.com/_next/static/immutable/chunks/3yj28cgcsk539.js:2:22543)
    at https://vercel.com/_next/static/immutable/chunks/3qi00qrpi2qml.js:2:4527
    at tx (https://vercel.com/_next/static/immutable/chunks/2j7mrzldu8mz6.js:2:70041)
    at aj (https://vercel.com/_next/static/immutable/chunks/1ez_xjl8u_-5_.js:109:66413)
    at ic (https://vercel.com/_next/static/immutable/chunks/1ez_xjl8u_-5_.js:109:87432)
    at iL (https://vercel.com/_next/static/immutable/chunks/1ez_xjl8u_-5_.js:109:99301)
    at sZ (https://vercel.com/_next/static/immutable/chunks/1ez_xjl8u_-5_.js:109:145139)
    at https://vercel.com/_next/static/immutable/chunks/1ez_xjl8u_-5_.js:109:140046
    at sU (https://vercel.com/_next/static/immutable/chunks/1ez_xjl8u_-5_.js:109:140147)
    at ck (https://vercel.com/_next/static/immutable/chunks/1ez_xjl8u_-5_.js:109:174862)
    at MessagePort.C (https://vercel.com/_next/static/immutable/chunks/1ez_xjl8u_-5_.js:109:235590) {attributes: Object} @ https://vercel.com/_next/static/immutable/chunks/2sl1aftc4weqx.js:8
[  799677ms] [ERROR] Error: Missing param(s) [project] in link to route "/[teamSlug]/[project]/support"
    at https://vercel.com/_next/static/immutable/chunks/3qi00qrpi2qml.js:2:2570
    at https://vercel.com/_next/static/immutable/chunks/3qi00qrpi2qml.js:2:5203
    at Object.oE [as useMemo] (https://vercel.com/_next/static/immutable/chunks/1ez_xjl8u_-5_.js:109:75491)
    at push.r.useMemo (https://vercel.com/_next/static/immutable/chunks/3yj28cgcsk539.js:2:22543)
    at https://vercel.com/_next/static/immutable/chunks/3qi00qrpi2qml.js:2:4527
    at tx (https://vercel.com/_next/static/immutable/chunks/2j7mrzldu8mz6.js:2:70041)
    at aj (https://vercel.com/_next/static/immutable/chunks/1ez_xjl8u_-5_.js:109:66413)
    at ic (https://vercel.com/_next/static/immutable/chunks/1ez_xjl8u_-5_.js:109:87432)
    at iL (https://vercel.com/_next/static/immutable/chunks/1ez_xjl8u_-5_.js:109:99301)
    at sZ (https://vercel.com/_next/static/immutable/chunks/1ez_xjl8u_-5_.js:109:145139)
    at https://vercel.com/_next/static/immutable/chunks/1ez_xjl8u_-5_.js:109:140046
    at sU (https://vercel.com/_next/static/immutable/chunks/1ez_xjl8u_-5_.js:109:140147)
    at ck (https://vercel.com/_next/static/immutable/chunks/1ez_xjl8u_-5_.js:109:174862)
    at MessagePort.C (https://vercel.com/_next/static/immutable/chunks/1ez_xjl8u_-5_.js:109:235590) {attributes: Object} @ https://vercel.com/_next/static/immutable/chunks/2sl1aftc4weqx.js:8
[  799678ms] [ERROR] Error: Missing param(s) [project] in link to route "/[teamSlug]/[project]/settings"
    at https://vercel.com/_next/static/immutable/chunks/3qi00qrpi2qml.js:2:2570
    at https://vercel.com/_next/static/immutable/chunks/3qi00qrpi2qml.js:2:5203
    at Object.oE [as useMemo] (https://vercel.com/_next/static/immutable/chunks/1ez_xjl8u_-5_.js:109:75491)
    at push.r.useMemo (https://vercel.com/_next/static/immutable/chunks/3yj28cgcsk539.js:2:22543)
    at https://vercel.com/_next/static/immutable/chunks/3qi00qrpi2qml.js:2:4527
    at tx (https://vercel.com/_next/static/immutable/chunks/2j7mrzldu8mz6.js:2:70041)
    at aj (https://vercel.com/_next/static/immutable/chunks/1ez_xjl8u_-5_.js:109:66413)
    at ic (https://vercel.com/_next/static/immutable/chunks/1ez_xjl8u_-5_.js:109:87432)
    at iL (https://vercel.com/_next/static/immutable/chunks/1ez_xjl8u_-5_.js:109:99301)
    at sZ (https://vercel.com/_next/static/immutable/chunks/1ez_xjl8u_-5_.js:109:145139)
    at https://vercel.com/_next/static/immutable/chunks/1ez_xjl8u_-5_.js:109:140046
    at sU (https://vercel.com/_next/static/immutable/chunks/1ez_xjl8u_-5_.js:109:140147)
    at ck (https://vercel.com/_next/static/immutable/chunks/1ez_xjl8u_-5_.js:109:174862)
    at MessagePort.C (https://vercel.com/_next/static/immutable/chunks/1ez_xjl8u_-5_.js:109:235590) {attributes: Object} @ https://vercel.com/_next/static/immutable/chunks/2sl1aftc4weqx.js:8
[  799706ms] [ERROR] Error: Missing param(s) [project] in link to route "/[teamSlug]/[project]"
    at https://vercel.com/_next/static/immutable/chunks/3qi00qrpi2qml.js:2:2570
    at https://vercel.com/_next/static/immutable/chunks/3qi00qrpi2qml.js:2:5203
    at Object.oE [as useMemo] (https://vercel.com/_next/static/immutable/chunks/1ez_xjl8u_-5_.js:109:75491)
    at push.r.useMemo (https://vercel.com/_next/static/immutable/chunks/3yj28cgcsk539.js:2:22543)
    at https://vercel.com/_next/static/immutable/chunks/3qi00qrpi2qml.js:2:4527
    at tx (https://vercel.com/_next/static/immutable/chunks/2j7mrzldu8mz6.js:2:70041)
    at aj (https://vercel.com/_next/static/immutable/chunks/1ez_xjl8u_-5_.js:109:66413)
    at ic (https://vercel.com/_next/static/immutable/chunks/1ez_xjl8u_-5_.js:109:87432)
    at iL (https://vercel.com/_next/static/immutable/chunks/1ez_xjl8u_-5_.js:109:99301)
    at sZ (https://vercel.com/_next/static/immutable/chunks/1ez_xjl8u_-5_.js:109:145139)
    at https://vercel.com/_next/static/immutable/chunks/1ez_xjl8u_-5_.js:109:140046
    at sU (https://vercel.com/_next/static/immutable/chunks/1ez_xjl8u_-5_.js:109:140147)
    at ck (https://vercel.com/_next/static/immutable/chunks/1ez_xjl8u_-5_.js:109:174862)
    at MessagePort.C (https://vercel.com/_next/static/immutable/chunks/1ez_xjl8u_-5_.js:109:235590) {attributes: Object} @ https://vercel.com/_next/static/immutable/chunks/2sl1aftc4weqx.js:8
[  799707ms] [ERROR] Error: Missing param(s) [project] in link to route "/[teamSlug]/[project]/deployments"
    at https://vercel.com/_next/static/immutable/chunks/3qi00qrpi2qml.js:2:2570
    at https://vercel.com/_next/static/immutable/chunks/3qi00qrpi2qml.js:2:5203
    at Object.oE [as useMemo] (https://vercel.com/_next/static/immutable/chunks/1ez_xjl8u_-5_.js:109:75491)
    at push.r.useMemo (https://vercel.com/_next/static/immutable/chunks/3yj28cgcsk539.js:2:22543)
    at https://vercel.com/_next/static/immutable/chunks/3qi00qrpi2qml.js:2:4527
    at tx (https://vercel.com/_next/static/immutable/chunks/2j7mrzldu8mz6.js:2:70041)
    at aj (https://vercel.com/_next/static/immutable/chunks/1ez_xjl8u_-5_.js:109:66413)
    at ic (https://vercel.com/_next/static/immutable/chunks/1ez_xjl8u_-5_.js:109:87432)
    at iL (https://vercel.com/_next/static/immutable/chunks/1ez_xjl8u_-5_.js:109:99301)
    at sZ (https://vercel.com/_next/static/immutable/chunks/1ez_xjl8u_-5_.js:109:145139)
    at https://vercel.com/_next/static/immutable/chunks/1ez_xjl8u_-5_.js:109:140046
    at sU (https://vercel.com/_next/static/immutable/chunks/1ez_xjl8u_-5_.js:109:140147)
    at ck (https://vercel.com/_next/static/immutable/chunks/1ez_xjl8u_-5_.js:109:174862)
    at MessagePort.C (https://vercel.com/_next/static/immutable/chunks/1ez_xjl8u_-5_.js:109:235590) {attributes: Object} @ https://vercel.com/_next/static/immutable/chunks/2sl1aftc4weqx.js:8
[  799708ms] [ERROR] Error: Missing param(s) [project] in link to route "/[teamSlug]/[project]/observability"
    at https://vercel.com/_next/static/immutable/chunks/3qi00qrpi2qml.js:2:2570
    at https://vercel.com/_next/static/immutable/chunks/3qi00qrpi2qml.js:2:5203
    at Object.oE [as useMemo] (https://vercel.com/_next/static/immutable/chunks/1ez_xjl8u_-5_.js:109:75491)
    at push.r.useMemo (https://vercel.com/_next/static/immutable/chunks/3yj28cgcsk539.js:2:22543)
    at https://vercel.com/_next/static/immutable/chunks/3qi00qrpi2qml.js:2:4527
    at tx (https://vercel.com/_next/static/immutable/chunks/2j7mrzldu8mz6.js:2:70041)
    at aj (https://vercel.com/_next/static/immutable/chunks/1ez_xjl8u_-5_.js:109:66413)
    at ic (https://vercel.com/_next/static/immutable/chunks/1ez_xjl8u_-5_.js:109:87432)
    at iL (https://vercel.com/_next/static/immutable/chunks/1ez_xjl8u_-5_.js:109:99301)
    at sZ (https://vercel.com/_next/static/immutable/chunks/1ez_xjl8u_-5_.js:109:145139)
    at https://vercel.com/_next/static/immutable/chunks/1ez_xjl8u_-5_.js:109:140046
    at sU (https://vercel.com/_next/static/immutable/chunks/1ez_xjl8u_-5_.js:109:140147)
    at ck (https://vercel.com/_next/static/immutable/chunks/1ez_xjl8u_-5_.js:109:174862)
    at MessagePort.C (https://vercel.com/_next/static/immutable/chunks/1ez_xjl8u_-5_.js:109:235590) {attributes: Object} @ https://vercel.com/_next/static/immutable/chunks/2sl1aftc4weqx.js:8
[  799709ms] [ERROR] Error: Missing param(s) [project] in link to route "/[teamSlug]/[project]/security"
    at https://vercel.com/_next/static/immutable/chunks/3qi00qrpi2qml.js:2:2570
    at https://vercel.com/_next/static/immutable/chunks/3qi00qrpi2qml.js:2:5203
    at Object.oE [as useMemo] (https://vercel.com/_next/static/immutable/chunks/1ez_xjl8u_-5_.js:109:75491)
    at push.r.useMemo (https://vercel.com/_next/static/immutable/chunks/3yj28cgcsk539.js:2:22543)
    at https://vercel.com/_next/static/immutable/chunks/3qi00qrpi2qml.js:2:4527
    at tx (https://vercel.com/_next/static/immutable/chunks/2j7mrzldu8mz6.js:2:70041)
    at aj (https://vercel.com/_next/static/immutable/chunks/1ez_xjl8u_-5_.js:109:66413)
    at ic (https://vercel.com/_next/static/immutable/chunks/1ez_xjl8u_-5_.js:109:87432)
    at iL (https://vercel.com/_next/static/immutable/chunks/1ez_xjl8u_-5_.js:109:99301)
    at sZ (https://vercel.com/_next/static/immutable/chunks/1ez_xjl8u_-5_.js:109:145139)
    at https://vercel.com/_next/static/immutable/chunks/1ez_xjl8u_-5_.js:109:140046
    at sU (https://vercel.com/_next/static/immutable/chunks/1ez_xjl8u_-5_.js:109:140147)
    at ck (https://vercel.com/_next/static/immutable/chunks/1ez_xjl8u_-5_.js:109:174862)
    at MessagePort.C (https://vercel.com/_next/static/immutable/chunks/1ez_xjl8u_-5_.js:109:235590) {attributes: Object} @ https://vercel.com/_next/static/immutable/chunks/2sl1aftc4weqx.js:8
[  799711ms] [ERROR] Error: Missing param(s) [project] in link to route "/[teamSlug]/[project]/cdn"
    at https://vercel.com/_next/static/immutable/chunks/3qi00qrpi2qml.js:2:2570
    at https://vercel.com/_next/static/immutable/chunks/3qi00qrpi2qml.js:2:5203
    at Object.oE [as useMemo] (https://vercel.com/_next/static/immutable/chunks/1ez_xjl8u_-5_.js:109:75491)
    at push.r.useMemo (https://vercel.com/_next/static/immutable/chunks/3yj28cgcsk539.js:2:22543)
    at https://vercel.com/_next/static/immutable/chunks/3qi00qrpi2qml.js:2:4527
    at tx (https://vercel.com/_next/static/immutable/chunks/2j7mrzldu8mz6.js:2:70041)
    at aj (https://vercel.com/_next/static/immutable/chunks/1ez_xjl8u_-5_.js:109:66413)
    at ic (https://vercel.com/_next/static/immutable/chunks/1ez_xjl8u_-5_.js:109:87432)
    at iL (https://vercel.com/_next/static/immutable/chunks/1ez_xjl8u_-5_.js:109:99301)
    at sZ (https://vercel.com/_next/static/immutable/chunks/1ez_xjl8u_-5_.js:109:145139)
    at https://vercel.com/_next/static/immutable/chunks/1ez_xjl8u_-5_.js:109:140046
    at sU (https://vercel.com/_next/static/immutable/chunks/1ez_xjl8u_-5_.js:109:140147)
    at ck (https://vercel.com/_next/static/immutable/chunks/1ez_xjl8u_-5_.js:109:174862)
    at MessagePort.C (https://vercel.com/_next/static/immutable/chunks/1ez_xjl8u_-5_.js:109:235590) {attributes: Object} @ https://vercel.com/_next/static/immutable/chunks/2sl1aftc4weqx.js:8
[  799712ms] [ERROR] Error: Missing param(s) [project] in link to route "/[teamSlug]/[project]/observability/vercel-functions"
    at https://vercel.com/_next/static/immutable/chunks/3qi00qrpi2qml.js:2:2570
    at https://vercel.com/_next/static/immutable/chunks/3qi00qrpi2qml.js:2:5203
    at Object.oE [as useMemo] (https://vercel.com/_next/static/immutable/chunks/1ez_xjl8u_-5_.js:109:75491)
    at push.r.useMemo (https://vercel.com/_next/static/immutable/chunks/3yj28cgcsk539.js:2:22543)
    at https://vercel.com/_next/static/immutable/chunks/3qi00qrpi2qml.js:2:4527
    at tx (https://vercel.com/_next/static/immutable/chunks/2j7mrzldu8mz6.js:2:70041)
    at aj (https://vercel.com/_next/static/immutable/chunks/1ez_xjl8u_-5_.js:109:66413)
    at ic (https://vercel.com/_next/static/immutable/chunks/1ez_xjl8u_-5_.js:109:87432)
    at iL (https://vercel.com/_next/static/immutable/chunks/1ez_xjl8u_-5_.js:109:99301)
    at sZ (https://vercel.com/_next/static/immutable/chunks/1ez_xjl8u_-5_.js:109:145139)
    at https://vercel.com/_next/static/immutable/chunks/1ez_xjl8u_-5_.js:109:140046
    at sU (https://vercel.com/_next/static/immutable/chunks/1ez_xjl8u_-5_.js:109:140147)
    at ck (https://vercel.com/_next/static/immutable/chunks/1ez_xjl8u_-5_.js:109:174862)
    at MessagePort.C (https://vercel.com/_next/static/immutable/chunks/1ez_xjl8u_-5_.js:109:235590) {attributes: Object} @ https://vercel.com/_next/static/immutable/chunks/2sl1aftc4weqx.js:8
[  799713ms] [ERROR] Error: Missing param(s) [project] in link to route "/[teamSlug]/[project]/ai-gateway"
    at https://vercel.com/_next/static/immutable/chunks/3qi00qrpi2qml.js:2:2570
    at https://vercel.com/_next/static/immutable/chunks/3qi00qrpi2qml.js:2:5203
    at Object.oE [as useMemo] (https://vercel.com/_next/static/immutable/chunks/1ez_xjl8u_-5_.js:109:75491)
    at push.r.useMemo (https://vercel.com/_next/static/immutable/chunks/3yj28cgcsk539.js:2:22543)
    at https://vercel.com/_next/static/immutable/chunks/3qi00qrpi2qml.js:2:4527
    at tx (https://vercel.com/_next/static/immutable/chunks/2j7mrzldu8mz6.js:2:70041)
    at aj (https://vercel.com/_next/static/immutable/chunks/1ez_xjl8u_-5_.js:109:66413)
    at ic (https://vercel.com/_next/static/immutable/chunks/1ez_xjl8u_-5_.js:109:87432)
    at iL (https://vercel.com/_next/static/immutable/chunks/1ez_xjl8u_-5_.js:109:99301)
    at sZ (https://vercel.com/_next/static/immutable/chunks/1ez_xjl8u_-5_.js:109:145139)
    at https://vercel.com/_next/static/immutable/chunks/1ez_xjl8u_-5_.js:109:140046
    at sU (https://vercel.com/_next/static/immutable/chunks/1ez_xjl8u_-5_.js:109:140147)
    at ck (https://vercel.com/_next/static/immutable/chunks/1ez_xjl8u_-5_.js:109:174862)
    at MessagePort.C (https://vercel.com/_next/static/immutable/chunks/1ez_xjl8u_-5_.js:109:235590) {attributes: Object} @ https://vercel.com/_next/static/immutable/chunks/2sl1aftc4weqx.js:8
[  799714ms] [ERROR] Error: Missing param(s) [project] in link to route "/[teamSlug]/[project]/flags"
    at https://vercel.com/_next/static/immutable/chunks/3qi00qrpi2qml.js:2:2570
    at https://vercel.com/_next/static/immutable/chunks/3qi00qrpi2qml.js:2:5203
    at Object.oE [as useMemo] (https://vercel.com/_next/static/immutable/chunks/1ez_xjl8u_-5_.js:109:75491)
    at push.r.useMemo (https://vercel.com/_next/static/immutable/chunks/3yj28cgcsk539.js:2:22543)
    at https://vercel.com/_next/static/immutable/chunks/3qi00qrpi2qml.js:2:4527
    at tx (https://vercel.com/_next/static/immutable/chunks/2j7mrzldu8mz6.js:2:70041)
    at aj (https://vercel.com/_next/static/immutable/chunks/1ez_xjl8u_-5_.js:109:66413)
    at ic (https://vercel.com/_next/static/immutable/chunks/1ez_xjl8u_-5_.js:109:87432)
    at iL (https://vercel.com/_next/static/immutable/chunks/1ez_xjl8u_-5_.js:109:99301)
    at sZ (https://vercel.com/_next/static/immutable/chunks/1ez_xjl8u_-5_.js:109:145139)
    at https://vercel.com/_next/static/immutable/chunks/1ez_xjl8u_-5_.js:109:140046
    at sU (https://vercel.com/_next/static/immutable/chunks/1ez_xjl8u_-5_.js:109:140147)
    at ck (https://vercel.com/_next/static/immutable/chunks/1ez_xjl8u_-5_.js:109:174862)
    at MessagePort.C (https://vercel.com/_next/static/immutable/chunks/1ez_xjl8u_-5_.js:109:235590) {attributes: Object} @ https://vercel.com/_next/static/immutable/chunks/2sl1aftc4weqx.js:8
[  799715ms] [ERROR] Error: Missing param(s) [project] in link to route "/[teamSlug]/[project]/settings/integrations"
    at https://vercel.com/_next/static/immutable/chunks/3qi00qrpi2qml.js:2:2570
    at https://vercel.com/_next/static/immutable/chunks/3qi00qrpi2qml.js:2:5203
    at Object.oE [as useMemo] (https://vercel.com/_next/static/immutable/chunks/1ez_xjl8u_-5_.js:109:75491)
    at push.r.useMemo (https://vercel.com/_next/static/immutable/chunks/3yj28cgcsk539.js:2:22543)
    at https://vercel.com/_next/static/immutable/chunks/3qi00qrpi2qml.js:2:4527
    at tx (https://vercel.com/_next/static/immutable/chunks/2j7mrzldu8mz6.js:2:70041)
    at aj (https://vercel.com/_next/static/immutable/chunks/1ez_xjl8u_-5_.js:109:66413)
    at ic (https://vercel.com/_next/static/immutable/chunks/1ez_xjl8u_-5_.js:109:87432)
    at iL (https://vercel.com/_next/static/immutable/chunks/1ez_xjl8u_-5_.js:109:99301)
    at sZ (https://vercel.com/_next/static/immutable/chunks/1ez_xjl8u_-5_.js:109:145139)
    at https://vercel.com/_next/static/immutable/chunks/1ez_xjl8u_-5_.js:109:140046
    at sU (https://vercel.com/_next/static/immutable/chunks/1ez_xjl8u_-5_.js:109:140147)
    at ck (https://vercel.com/_next/static/immutable/chunks/1ez_xjl8u_-5_.js:109:174862)
    at MessagePort.C (https://vercel.com/_next/static/immutable/chunks/1ez_xjl8u_-5_.js:109:235590) {attributes: Object} @ https://vercel.com/_next/static/immutable/chunks/2sl1aftc4weqx.js:8
[  799716ms] [ERROR] Error: Missing param(s) [project] in link to route "/[teamSlug]/[project]/agent"
    at https://vercel.com/_next/static/immutable/chunks/3qi00qrpi2qml.js:2:2570
    at https://vercel.com/_next/static/immutable/chunks/3qi00qrpi2qml.js:2:5203
    at Object.oE [as useMemo] (https://vercel.com/_next/static/immutable/chunks/1ez_xjl8u_-5_.js:109:75491)
    at push.r.useMemo (https://vercel.com/_next/static/immutable/chunks/3yj28cgcsk539.js:2:22543)
    at https://vercel.com/_next/static/immutable/chunks/3qi00qrpi2qml.js:2:4527
    at tx (https://vercel.com/_next/static/immutable/chunks/2j7mrzldu8mz6.js:2:70041)
    at aj (https://vercel.com/_next/static/immutable/chunks/1ez_xjl8u_-5_.js:109:66413)
    at ic (https://vercel.com/_next/static/immutable/chunks/1ez_xjl8u_-5_.js:109:87432)
    at iL (https://vercel.com/_next/static/immutable/chunks/1ez_xjl8u_-5_.js:109:99301)
    at sZ (https://vercel.com/_next/static/immutable/chunks/1ez_xjl8u_-5_.js:109:145139)
    at https://vercel.com/_next/static/immutable/chunks/1ez_xjl8u_-5_.js:109:140046
    at sU (https://vercel.com/_next/static/immutable/chunks/1ez_xjl8u_-5_.js:109:140147)
    at ck (https://vercel.com/_next/static/immutable/chunks/1ez_xjl8u_-5_.js:109:174862)
    at MessagePort.C (https://vercel.com/_next/static/immutable/chunks/1ez_xjl8u_-5_.js:109:235590) {attributes: Object} @ https://vercel.com/_next/static/immutable/chunks/2sl1aftc4weqx.js:8
[  799717ms] [ERROR] Error: Missing param(s) [project] in link to route "/[teamSlug]/[project]/usage"
    at https://vercel.com/_next/static/immutable/chunks/3qi00qrpi2qml.js:2:2570
    at https://vercel.com/_next/static/immutable/chunks/3qi00qrpi2qml.js:2:5203
    at Object.oE [as useMemo] (https://vercel.com/_next/static/immutable/chunks/1ez_xjl8u_-5_.js:109:75491)
    at push.r.useMemo (https://vercel.com/_next/static/immutable/chunks/3yj28cgcsk539.js:2:22543)
    at https://vercel.com/_next/static/immutable/chunks/3qi00qrpi2qml.js:2:4527
    at tx (https://vercel.com/_next/static/immutable/chunks/2j7mrzldu8mz6.js:2:70041)
    at aj (https://vercel.com/_next/static/immutable/chunks/1ez_xjl8u_-5_.js:109:66413)
    at ic (https://vercel.com/_next/static/immutable/chunks/1ez_xjl8u_-5_.js:109:87432)
    at iL (https://vercel.com/_next/static/immutable/chunks/1ez_xjl8u_-5_.js:109:99301)
    at sZ (https://vercel.com/_next/static/immutable/chunks/1ez_xjl8u_-5_.js:109:145139)
    at https://vercel.com/_next/static/immutable/chunks/1ez_xjl8u_-5_.js:109:140046
    at sU (https://vercel.com/_next/static/immutable/chunks/1ez_xjl8u_-5_.js:109:140147)
    at ck (https://vercel.com/_next/static/immutable/chunks/1ez_xjl8u_-5_.js:109:174862)
    at MessagePort.C (https://vercel.com/_next/static/immutable/chunks/1ez_xjl8u_-5_.js:109:235590) {attributes: Object} @ https://vercel.com/_next/static/immutable/chunks/2sl1aftc4weqx.js:8
[  799718ms] [ERROR] Error: Missing param(s) [project] in link to route "/[teamSlug]/[project]/settings"
    at https://vercel.com/_next/static/immutable/chunks/3qi00qrpi2qml.js:2:2570
    at https://vercel.com/_next/static/immutable/chunks/3qi00qrpi2qml.js:2:5203
    at Object.oE [as useMemo] (https://vercel.com/_next/static/immutable/chunks/1ez_xjl8u_-5_.js:109:75491)
    at push.r.useMemo (https://vercel.com/_next/static/immutable/chunks/3yj28cgcsk539.js:2:22543)
    at https://vercel.com/_next/static/immutable/chunks/3qi00qrpi2qml.js:2:4527
    at tx (https://vercel.com/_next/static/immutable/chunks/2j7mrzldu8mz6.js:2:70041)
    at aj (https://vercel.com/_next/static/immutable/chunks/1ez_xjl8u_-5_.js:109:66413)
    at ic (https://vercel.com/_next/static/immutable/chunks/1ez_xjl8u_-5_.js:109:87432)
    at iL (https://vercel.com/_next/static/immutable/chunks/1ez_xjl8u_-5_.js:109:99301)
    at sZ (https://vercel.com/_next/static/immutable/chunks/1ez_xjl8u_-5_.js:109:145139)
    at https://vercel.com/_next/static/immutable/chunks/1ez_xjl8u_-5_.js:109:140046
    at sU (https://vercel.com/_next/static/immutable/chunks/1ez_xjl8u_-5_.js:109:140147)
    at ck (https://vercel.com/_next/static/immutable/chunks/1ez_xjl8u_-5_.js:109:174862)
    at MessagePort.C (https://vercel.com/_next/static/immutable/chunks/1ez_xjl8u_-5_.js:109:235590) {attributes: Object} @ https://vercel.com/_next/static/immutable/chunks/2sl1aftc4weqx.js:8
[  799719ms] [ERROR] Error: Missing param(s) [project] in link to route "/[teamSlug]/[project]/support"
    at https://vercel.com/_next/static/immutable/chunks/3qi00qrpi2qml.js:2:2570
    at https://vercel.com/_next/static/immutable/chunks/3qi00qrpi2qml.js:2:5203
    at Object.oE [as useMemo] (https://vercel.com/_next/static/immutable/chunks/1ez_xjl8u_-5_.js:109:75491)
    at push.r.useMemo (https://vercel.com/_next/static/immutable/chunks/3yj28cgcsk539.js:2:22543)
    at https://vercel.com/_next/static/immutable/chunks/3qi00qrpi2qml.js:2:4527
    at tx (https://vercel.com/_next/static/immutable/chunks/2j7mrzldu8mz6.js:2:70041)
    at aj (https://vercel.com/_next/static/immutable/chunks/1ez_xjl8u_-5_.js:109:66413)
    at ic (https://vercel.com/_next/static/immutable/chunks/1ez_xjl8u_-5_.js:109:87432)
    at iL (https://vercel.com/_next/static/immutable/chunks/1ez_xjl8u_-5_.js:109:99301)
    at sZ (https://vercel.com/_next/static/immutable/chunks/1ez_xjl8u_-5_.js:109:145139)
    at https://vercel.com/_next/static/immutable/chunks/1ez_xjl8u_-5_.js:109:140046
    at sU (https://vercel.com/_next/static/immutable/chunks/1ez_xjl8u_-5_.js:109:140147)
    at ck (https://vercel.com/_next/static/immutable/chunks/1ez_xjl8u_-5_.js:109:174862)
    at MessagePort.C (https://vercel.com/_next/static/immutable/chunks/1ez_xjl8u_-5_.js:109:235590) {attributes: Object} @ https://vercel.com/_next/static/immutable/chunks/2sl1aftc4weqx.js:8
[  799736ms] [ERROR] Error: Missing param(s) [project] in link to route "/[teamSlug]/[project]/deployments"
    at https://vercel.com/_next/static/immutable/chunks/3qi00qrpi2qml.js:2:2570
    at https://vercel.com/_next/static/immutable/chunks/3qi00qrpi2qml.js:2:5203
    at Object.useMemo (https://vercel.com/_next/static/immutable/chunks/1ez_xjl8u_-5_.js:109:79852)
    at push.r.useMemo (https://vercel.com/_next/static/immutable/chunks/3yj28cgcsk539.js:2:22543)
    at https://vercel.com/_next/static/immutable/chunks/3qi00qrpi2qml.js:2:4527
    at tT (https://vercel.com/_next/static/immutable/chunks/2j7mrzldu8mz6.js:2:83624)
    at aj (https://vercel.com/_next/static/immutable/chunks/1ez_xjl8u_-5_.js:109:66413)
    at ic (https://vercel.com/_next/static/immutable/chunks/1ez_xjl8u_-5_.js:109:87432)
    at iL (https://vercel.com/_next/static/immutable/chunks/1ez_xjl8u_-5_.js:109:99301)
    at sZ (https://vercel.com/_next/static/immutable/chunks/1ez_xjl8u_-5_.js:109:145139)
    at https://vercel.com/_next/static/immutable/chunks/1ez_xjl8u_-5_.js:109:140046
    at sU (https://vercel.com/_next/static/immutable/chunks/1ez_xjl8u_-5_.js:109:140147)
    at ck (https://vercel.com/_next/static/immutable/chunks/1ez_xjl8u_-5_.js:109:174862)
    at MessagePort.C (https://vercel.com/_next/static/immutable/chunks/1ez_xjl8u_-5_.js:109:235590) {attributes: Object} @ https://vercel.com/_next/static/immutable/chunks/2sl1aftc4weqx.js:8
[  799737ms] [ERROR] Error: Missing param(s) [project] in link to route "/[teamSlug]/[project]/settings/environments"
    at https://vercel.com/_next/static/immutable/chunks/3qi00qrpi2qml.js:2:2570
    at https://vercel.com/_next/static/immutable/chunks/3qi00qrpi2qml.js:2:5203
    at Object.useMemo (https://vercel.com/_next/static/immutable/chunks/1ez_xjl8u_-5_.js:109:79852)
    at push.r.useMemo (https://vercel.com/_next/static/immutable/chunks/3yj28cgcsk539.js:2:22543)
    at https://vercel.com/_next/static/immutable/chunks/3qi00qrpi2qml.js:2:4527
    at tT (https://vercel.com/_next/static/immutable/chunks/2j7mrzldu8mz6.js:2:83624)
    at aj (https://vercel.com/_next/static/immutable/chunks/1ez_xjl8u_-5_.js:109:66413)
    at ic (https://vercel.com/_next/static/immutable/chunks/1ez_xjl8u_-5_.js:109:87432)
    at iL (https://vercel.com/_next/static/immutable/chunks/1ez_xjl8u_-5_.js:109:99301)
    at sZ (https://vercel.com/_next/static/immutable/chunks/1ez_xjl8u_-5_.js:109:145139)
    at https://vercel.com/_next/static/immutable/chunks/1ez_xjl8u_-5_.js:109:140046
    at sU (https://vercel.com/_next/static/immutable/chunks/1ez_xjl8u_-5_.js:109:140147)
    at ck (https://vercel.com/_next/static/immutable/chunks/1ez_xjl8u_-5_.js:109:174862)
    at MessagePort.C (https://vercel.com/_next/static/immutable/chunks/1ez_xjl8u_-5_.js:109:235590) {attributes: Object} @ https://vercel.com/_next/static/immutable/chunks/2sl1aftc4weqx.js:8
[  799738ms] [ERROR] Error: Missing param(s) [project] in link to route "/[teamSlug]/[project]/settings/build-and-deployment"
    at https://vercel.com/_next/static/immutable/chunks/3qi00qrpi2qml.js:2:2570
    at https://vercel.com/_next/static/immutable/chunks/3qi00qrpi2qml.js:2:5203
    at Object.useMemo (https://vercel.com/_next/static/immutable/chunks/1ez_xjl8u_-5_.js:109:79852)
    at push.r.useMemo (https://vercel.com/_next/static/immutable/chunks/3yj28cgcsk539.js:2:22543)
    at https://vercel.com/_next/static/immutable/chunks/3qi00qrpi2qml.js:2:4527
    at tT (https://vercel.com/_next/static/immutable/chunks/2j7mrzldu8mz6.js:2:83624)
    at aj (https://vercel.com/_next/static/immutable/chunks/1ez_xjl8u_-5_.js:109:66413)
    at ic (https://vercel.com/_next/static/immutable/chunks/1ez_xjl8u_-5_.js:109:87432)
    at iL (https://vercel.com/_next/static/immutable/chunks/1ez_xjl8u_-5_.js:109:99301)
    at sZ (https://vercel.com/_next/static/immutable/chunks/1ez_xjl8u_-5_.js:109:145139)
    at https://vercel.com/_next/static/immutable/chunks/1ez_xjl8u_-5_.js:109:140046
    at sU (https://vercel.com/_next/static/immutable/chunks/1ez_xjl8u_-5_.js:109:140147)
    at ck (https://vercel.com/_next/static/immutable/chunks/1ez_xjl8u_-5_.js:109:174862)
    at MessagePort.C (https://vercel.com/_next/static/immutable/chunks/1ez_xjl8u_-5_.js:109:235590) {attributes: Object} @ https://vercel.com/_next/static/immutable/chunks/2sl1aftc4weqx.js:8
[  799739ms] [ERROR] Error: Missing param(s) [project] in link to route "/[teamSlug]/[project]/observability/build-diagnostics"
    at https://vercel.com/_next/static/immutable/chunks/3qi00qrpi2qml.js:2:2570
    at https://vercel.com/_next/static/immutable/chunks/3qi00qrpi2qml.js:2:5203
    at Object.useMemo (https://vercel.com/_next/static/immutable/chunks/1ez_xjl8u_-5_.js:109:79852)
    at push.r.useMemo (https://vercel.com/_next/static/immutable/chunks/3yj28cgcsk539.js:2:22543)
    at https://vercel.com/_next/static/immutable/chunks/3qi00qrpi2qml.js:2:4527
    at tT (https://vercel.com/_next/static/immutable/chunks/2j7mrzldu8mz6.js:2:83624)
    at aj (https://vercel.com/_next/static/immutable/chunks/1ez_xjl8u_-5_.js:109:66413)
    at ic (https://vercel.com/_next/static/immutable/chunks/1ez_xjl8u_-5_.js:109:87432)
    at iL (https://vercel.com/_next/static/immutable/chunks/1ez_xjl8u_-5_.js:109:99301)
    at sZ (https://vercel.com/_next/static/immutable/chunks/1ez_xjl8u_-5_.js:109:145139)
    at https://vercel.com/_next/static/immutable/chunks/1ez_xjl8u_-5_.js:109:140046
    at sU (https://vercel.com/_next/static/immutable/chunks/1ez_xjl8u_-5_.js:109:140147)
    at ck (https://vercel.com/_next/static/immutable/chunks/1ez_xjl8u_-5_.js:109:174862)
    at MessagePort.C (https://vercel.com/_next/static/immutable/chunks/1ez_xjl8u_-5_.js:109:235590) {attributes: Object} @ https://vercel.com/_next/static/immutable/chunks/2sl1aftc4weqx.js:8
[  799741ms] [ERROR] Error: Missing param(s) [project] in link to route "/[teamSlug]/[project]/settings/git"
    at https://vercel.com/_next/static/immutable/chunks/3qi00qrpi2qml.js:2:2570
    at https://vercel.com/_next/static/immutable/chunks/3qi00qrpi2qml.js:2:5203
    at Object.useMemo (https://vercel.com/_next/static/immutable/chunks/1ez_xjl8u_-5_.js:109:79852)
    at push.r.useMemo (https://vercel.com/_next/static/immutable/chunks/3yj28cgcsk539.js:2:22543)
    at https://vercel.com/_next/static/immutable/chunks/3qi00qrpi2qml.js:2:4527
    at tT (https://vercel.com/_next/static/immutable/chunks/2j7mrzldu8mz6.js:2:83624)
    at aj (https://vercel.com/_next/static/immutable/chunks/1ez_xjl8u_-5_.js:109:66413)
    at ic (https://vercel.com/_next/static/immutable/chunks/1ez_xjl8u_-5_.js:109:87432)
    at iL (https://vercel.com/_next/static/immutable/chunks/1ez_xjl8u_-5_.js:109:99301)
    at sZ (https://vercel.com/_next/static/immutable/chunks/1ez_xjl8u_-5_.js:109:145139)
    at https://vercel.com/_next/static/immutable/chunks/1ez_xjl8u_-5_.js:109:140046
    at sU (https://vercel.com/_next/static/immutable/chunks/1ez_xjl8u_-5_.js:109:140147)
    at ck (https://vercel.com/_next/static/immutable/chunks/1ez_xjl8u_-5_.js:109:174862)
    at MessagePort.C (https://vercel.com/_next/static/immutable/chunks/1ez_xjl8u_-5_.js:109:235590) {attributes: Object} @ https://vercel.com/_next/static/immutable/chunks/2sl1aftc4weqx.js:8
[  799776ms] [ERROR] Error: Missing param(s) [project] in link to route "/[teamSlug]/[project]"
    at https://vercel.com/_next/static/immutable/chunks/3qi00qrpi2qml.js:2:2570
    at https://vercel.com/_next/static/immutable/chunks/3qi00qrpi2qml.js:2:3908
    at aj (https://vercel.com/_next/static/immutable/chunks/1ez_xjl8u_-5_.js:109:66413)
    at ic (https://vercel.com/_next/static/immutable/chunks/1ez_xjl8u_-5_.js:109:87432)
    at iL (https://vercel.com/_next/static/immutable/chunks/1ez_xjl8u_-5_.js:109:99301)
    at sZ (https://vercel.com/_next/static/immutable/chunks/1ez_xjl8u_-5_.js:109:145139)
    at https://vercel.com/_next/static/immutable/chunks/1ez_xjl8u_-5_.js:109:140046
    at sU (https://vercel.com/_next/static/immutable/chunks/1ez_xjl8u_-5_.js:109:140147)
    at ck (https://vercel.com/_next/static/immutable/chunks/1ez_xjl8u_-5_.js:109:174862)
    at MessagePort.C (https://vercel.com/_next/static/immutable/chunks/1ez_xjl8u_-5_.js:109:235590) {attributes: Object} @ https://vercel.com/_next/static/immutable/chunks/2sl1aftc4weqx.js:8
[  799780ms] [ERROR] Error: Missing param(s) [project] in link to route "/[teamSlug]/[project]/deployments"
    at https://vercel.com/_next/static/immutable/chunks/3qi00qrpi2qml.js:2:2570
    at https://vercel.com/_next/static/immutable/chunks/3qi00qrpi2qml.js:2:3908
    at aj (https://vercel.com/_next/static/immutable/chunks/1ez_xjl8u_-5_.js:109:66413)
    at ic (https://vercel.com/_next/static/immutable/chunks/1ez_xjl8u_-5_.js:109:87432)
    at iL (https://vercel.com/_next/static/immutable/chunks/1ez_xjl8u_-5_.js:109:99301)
    at sZ (https://vercel.com/_next/static/immutable/chunks/1ez_xjl8u_-5_.js:109:145139)
    at https://vercel.com/_next/static/immutable/chunks/1ez_xjl8u_-5_.js:109:140046
    at sU (https://vercel.com/_next/static/immutable/chunks/1ez_xjl8u_-5_.js:109:140147)
    at ck (https://vercel.com/_next/static/immutable/chunks/1ez_xjl8u_-5_.js:109:174862)
    at MessagePort.C (https://vercel.com/_next/static/immutable/chunks/1ez_xjl8u_-5_.js:109:235590) {attributes: Object} @ https://vercel.com/_next/static/immutable/chunks/2sl1aftc4weqx.js:8
[  799791ms] [ERROR] Error: Missing param(s) [project] in link to route "/[teamSlug]/[project]/deployments"
    at https://vercel.com/_next/static/immutable/chunks/3qi00qrpi2qml.js:2:2570
    at https://vercel.com/_next/static/immutable/chunks/3qi00qrpi2qml.js:2:3908
    at aj (https://vercel.com/_next/static/immutable/chunks/1ez_xjl8u_-5_.js:109:66413)
    at ic (https://vercel.com/_next/static/immutable/chunks/1ez_xjl8u_-5_.js:109:87432)
    at iL (https://vercel.com/_next/static/immutable/chunks/1ez_xjl8u_-5_.js:109:99301)
    at sZ (https://vercel.com/_next/static/immutable/chunks/1ez_xjl8u_-5_.js:109:145139)
    at https://vercel.com/_next/static/immutable/chunks/1ez_xjl8u_-5_.js:109:140046
    at sU (https://vercel.com/_next/static/immutable/chunks/1ez_xjl8u_-5_.js:109:140147)
    at ck (https://vercel.com/_next/static/immutable/chunks/1ez_xjl8u_-5_.js:109:174862)
    at MessagePort.C (https://vercel.com/_next/static/immutable/chunks/1ez_xjl8u_-5_.js:109:235590) {attributes: Object} @ https://vercel.com/_next/static/immutable/chunks/2sl1aftc4weqx.js:8
[  799806ms] [ERROR] Error: Missing param(s) [project], [id] in link to route "/[teamSlug]/[project]/[id]"
    at https://vercel.com/_next/static/immutable/chunks/3qi00qrpi2qml.js:2:2570
    at https://vercel.com/_next/static/immutable/chunks/3qi00qrpi2qml.js:2:5203
    at Object.useMemo (https://vercel.com/_next/static/immutable/chunks/1ez_xjl8u_-5_.js:109:79852)
    at push.r.useMemo (https://vercel.com/_next/static/immutable/chunks/3yj28cgcsk539.js:2:22543)
    at https://vercel.com/_next/static/immutable/chunks/3qi00qrpi2qml.js:2:4527
    at c (https://vercel.com/_next/static/immutable/chunks/3oc81hqdy7vft.js:2:5164)
    at aj (https://vercel.com/_next/static/immutable/chunks/1ez_xjl8u_-5_.js:109:66413)
    at ic (https://vercel.com/_next/static/immutable/chunks/1ez_xjl8u_-5_.js:109:87432)
    at iL (https://vercel.com/_next/static/immutable/chunks/1ez_xjl8u_-5_.js:109:99301)
    at sZ (https://vercel.com/_next/static/immutable/chunks/1ez_xjl8u_-5_.js:109:145139)
    at https://vercel.com/_next/static/immutable/chunks/1ez_xjl8u_-5_.js:109:140046
    at sU (https://vercel.com/_next/static/immutable/chunks/1ez_xjl8u_-5_.js:109:140147)
    at ck (https://vercel.com/_next/static/immutable/chunks/1ez_xjl8u_-5_.js:109:174862)
    at MessagePort.C (https://vercel.com/_next/static/immutable/chunks/1ez_xjl8u_-5_.js:109:235590) {attributes: Object} @ https://vercel.com/_next/static/immutable/chunks/2sl1aftc4weqx.js:8
[  799807ms] [ERROR] Error: Missing param(s) [project], [id] in link to route "/[teamSlug]/[project]/[id]/logs"
    at https://vercel.com/_next/static/immutable/chunks/3qi00qrpi2qml.js:2:2570
    at https://vercel.com/_next/static/immutable/chunks/3qi00qrpi2qml.js:2:5203
    at Object.useMemo (https://vercel.com/_next/static/immutable/chunks/1ez_xjl8u_-5_.js:109:79852)
    at push.r.useMemo (https://vercel.com/_next/static/immutable/chunks/3yj28cgcsk539.js:2:22543)
    at https://vercel.com/_next/static/immutable/chunks/3qi00qrpi2qml.js:2:4527
    at c (https://vercel.com/_next/static/immutable/chunks/3oc81hqdy7vft.js:2:5164)
    at aj (https://vercel.com/_next/static/immutable/chunks/1ez_xjl8u_-5_.js:109:66413)
    at ic (https://vercel.com/_next/static/immutable/chunks/1ez_xjl8u_-5_.js:109:87432)
    at iL (https://vercel.com/_next/static/immutable/chunks/1ez_xjl8u_-5_.js:109:99301)
    at sZ (https://vercel.com/_next/static/immutable/chunks/1ez_xjl8u_-5_.js:109:145139)
    at https://vercel.com/_next/static/immutable/chunks/1ez_xjl8u_-5_.js:109:140046
    at sU (https://vercel.com/_next/static/immutable/chunks/1ez_xjl8u_-5_.js:109:140147)
    at ck (https://vercel.com/_next/static/immutable/chunks/1ez_xjl8u_-5_.js:109:174862)
    at MessagePort.C (https://vercel.com/_next/static/immutable/chunks/1ez_xjl8u_-5_.js:109:235590) {attributes: Object} @ https://vercel.com/_next/static/immutable/chunks/2sl1aftc4weqx.js:8
[  799808ms] [ERROR] Error: Missing param(s) [project], [id] in link to route "/[teamSlug]/[project]/[id]/resources"
    at https://vercel.com/_next/static/immutable/chunks/3qi00qrpi2qml.js:2:2570
    at https://vercel.com/_next/static/immutable/chunks/3qi00qrpi2qml.js:2:5203
    at Object.useMemo (https://vercel.com/_next/static/immutable/chunks/1ez_xjl8u_-5_.js:109:79852)
    at push.r.useMemo (https://vercel.com/_next/static/immutable/chunks/3yj28cgcsk539.js:2:22543)
    at https://vercel.com/_next/static/immutable/chunks/3qi00qrpi2qml.js:2:4527
    at c (https://vercel.com/_next/static/immutable/chunks/3oc81hqdy7vft.js:2:5164)
    at aj (https://vercel.com/_next/static/immutable/chunks/1ez_xjl8u_-5_.js:109:66413)
    at ic (https://vercel.com/_next/static/immutable/chunks/1ez_xjl8u_-5_.js:109:87432)
    at iL (https://vercel.com/_next/static/immutable/chunks/1ez_xjl8u_-5_.js:109:99301)
    at sZ (https://vercel.com/_next/static/immutable/chunks/1ez_xjl8u_-5_.js:109:145139)
    at https://vercel.com/_next/static/immutable/chunks/1ez_xjl8u_-5_.js:109:140046
    at sU (https://vercel.com/_next/static/immutable/chunks/1ez_xjl8u_-5_.js:109:140147)
    at ck (https://vercel.com/_next/static/immutable/chunks/1ez_xjl8u_-5_.js:109:174862)
    at MessagePort.C (https://vercel.com/_next/static/immutable/chunks/1ez_xjl8u_-5_.js:109:235590) {attributes: Object} @ https://vercel.com/_next/static/immutable/chunks/2sl1aftc4weqx.js:8
[  799809ms] [ERROR] Error: Missing param(s) [project], [id] in link to route "/[teamSlug]/[project]/[id]/source"
    at https://vercel.com/_next/static/immutable/chunks/3qi00qrpi2qml.js:2:2570
    at https://vercel.com/_next/static/immutable/chunks/3qi00qrpi2qml.js:2:5203
    at Object.useMemo (https://vercel.com/_next/static/immutable/chunks/1ez_xjl8u_-5_.js:109:79852)
    at push.r.useMemo (https://vercel.com/_next/static/immutable/chunks/3yj28cgcsk539.js:2:22543)
    at https://vercel.com/_next/static/immutable/chunks/3qi00qrpi2qml.js:2:4527
    at c (https://vercel.com/_next/static/immutable/chunks/3oc81hqdy7vft.js:2:5164)
    at aj (https://vercel.com/_next/static/immutable/chunks/1ez_xjl8u_-5_.js:109:66413)
    at ic (https://vercel.com/_next/static/immutable/chunks/1ez_xjl8u_-5_.js:109:87432)
    at iL (https://vercel.com/_next/static/immutable/chunks/1ez_xjl8u_-5_.js:109:99301)
    at sZ (https://vercel.com/_next/static/immutable/chunks/1ez_xjl8u_-5_.js:109:145139)
    at https://vercel.com/_next/static/immutable/chunks/1ez_xjl8u_-5_.js:109:140046
    at sU (https://vercel.com/_next/static/immutable/chunks/1ez_xjl8u_-5_.js:109:140147)
    at ck (https://vercel.com/_next/static/immutable/chunks/1ez_xjl8u_-5_.js:109:174862)
    at MessagePort.C (https://vercel.com/_next/static/immutable/chunks/1ez_xjl8u_-5_.js:109:235590) {attributes: Object} @ https://vercel.com/_next/static/immutable/chunks/2sl1aftc4weqx.js:8
[  799810ms] [ERROR] Error: Missing param(s) [project], [id] in link to route "/[teamSlug]/[project]/[id]/og"
    at https://vercel.com/_next/static/immutable/chunks/3qi00qrpi2qml.js:2:2570
    at https://vercel.com/_next/static/immutable/chunks/3qi00qrpi2qml.js:2:5203
    at Object.useMemo (https://vercel.com/_next/static/immutable/chunks/1ez_xjl8u_-5_.js:109:79852)
    at push.r.useMemo (https://vercel.com/_next/static/immutable/chunks/3yj28cgcsk539.js:2:22543)
    at https://vercel.com/_next/static/immutable/chunks/3qi00qrpi2qml.js:2:4527
    at c (https://vercel.com/_next/static/immutable/chunks/3oc81hqdy7vft.js:2:5164)
    at aj (https://vercel.com/_next/static/immutable/chunks/1ez_xjl8u_-5_.js:109:66413)
    at ic (https://vercel.com/_next/static/immutable/chunks/1ez_xjl8u_-5_.js:109:87432)
    at iL (https://vercel.com/_next/static/immutable/chunks/1ez_xjl8u_-5_.js:109:99301)
    at sZ (https://vercel.com/_next/static/immutable/chunks/1ez_xjl8u_-5_.js:109:145139)
    at https://vercel.com/_next/static/immutable/chunks/1ez_xjl8u_-5_.js:109:140046
    at sU (https://vercel.com/_next/static/immutable/chunks/1ez_xjl8u_-5_.js:109:140147)
    at ck (https://vercel.com/_next/static/immutable/chunks/1ez_xjl8u_-5_.js:109:174862)
    at MessagePort.C (https://vercel.com/_next/static/immutable/chunks/1ez_xjl8u_-5_.js:109:235590) {attributes: Object} @ https://vercel.com/_next/static/immutable/chunks/2sl1aftc4weqx.js:8
[  799839ms] [ERROR] Error: Missing param(s) [project] in link to route "/[teamSlug]/[project]/logs"
    at https://vercel.com/_next/static/immutable/chunks/3qi00qrpi2qml.js:2:2570
    at push.e.s.route (https://vercel.com/_next/static/immutable/chunks/3qi00qrpi2qml.js:2:3588)
    at aj (https://vercel.com/_next/static/immutable/chunks/1ez_xjl8u_-5_.js:109:66413)
    at ic (https://vercel.com/_next/static/immutable/chunks/1ez_xjl8u_-5_.js:109:87432)
    at iL (https://vercel.com/_next/static/immutable/chunks/1ez_xjl8u_-5_.js:109:99301)
    at sZ (https://vercel.com/_next/static/immutable/chunks/1ez_xjl8u_-5_.js:109:145139)
    at https://vercel.com/_next/static/immutable/chunks/1ez_xjl8u_-5_.js:109:140046
    at sU (https://vercel.com/_next/static/immutable/chunks/1ez_xjl8u_-5_.js:109:140147)
    at ck (https://vercel.com/_next/static/immutable/chunks/1ez_xjl8u_-5_.js:109:174862)
    at MessagePort.C (https://vercel.com/_next/static/immutable/chunks/1ez_xjl8u_-5_.js:109:235590) {attributes: Object} @ https://vercel.com/_next/static/immutable/chunks/2sl1aftc4weqx.js:8
[  799918ms] [ERROR] Error: Missing param(s) [project] in link to route "/[teamSlug]/[project]"
    at https://vercel.com/_next/static/immutable/chunks/3qi00qrpi2qml.js:2:2570
    at https://vercel.com/_next/static/immutable/chunks/3qi00qrpi2qml.js:2:3908
    at aj (https://vercel.com/_next/static/immutable/chunks/1ez_xjl8u_-5_.js:109:66413)
    at ic (https://vercel.com/_next/static/immutable/chunks/1ez_xjl8u_-5_.js:109:87432)
    at iL (https://vercel.com/_next/static/immutable/chunks/1ez_xjl8u_-5_.js:109:99301)
    at sZ (https://vercel.com/_next/static/immutable/chunks/1ez_xjl8u_-5_.js:109:145139)
    at https://vercel.com/_next/static/immutable/chunks/1ez_xjl8u_-5_.js:109:140046
    at sU (https://vercel.com/_next/static/immutable/chunks/1ez_xjl8u_-5_.js:109:140147)
    at ck (https://vercel.com/_next/static/immutable/chunks/1ez_xjl8u_-5_.js:109:174862)
    at MessagePort.C (https://vercel.com/_next/static/immutable/chunks/1ez_xjl8u_-5_.js:109:235590) {attributes: Object} @ https://vercel.com/_next/static/immutable/chunks/2sl1aftc4weqx.js:8
[  799921ms] [ERROR] Error: Missing param(s) [project] in link to route "/[teamSlug]/[project]"
    at https://vercel.com/_next/static/immutable/chunks/3qi00qrpi2qml.js:2:2570
    at https://vercel.com/_next/static/immutable/chunks/3qi00qrpi2qml.js:2:5203
    at Object.oE [as useMemo] (https://vercel.com/_next/static/immutable/chunks/1ez_xjl8u_-5_.js:109:75491)
    at push.r.useMemo (https://vercel.com/_next/static/immutable/chunks/3yj28cgcsk539.js:2:22543)
    at https://vercel.com/_next/static/immutable/chunks/3qi00qrpi2qml.js:2:4527
    at tx (https://vercel.com/_next/static/immutable/chunks/2j7mrzldu8mz6.js:2:70041)
    at aj (https://vercel.com/_next/static/immutable/chunks/1ez_xjl8u_-5_.js:109:66413)
    at ic (https://vercel.com/_next/static/immutable/chunks/1ez_xjl8u_-5_.js:109:87432)
    at iL (https://vercel.com/_next/static/immutable/chunks/1ez_xjl8u_-5_.js:109:99301)
    at sZ (https://vercel.com/_next/static/immutable/chunks/1ez_xjl8u_-5_.js:109:145139)
    at https://vercel.com/_next/static/immutable/chunks/1ez_xjl8u_-5_.js:109:140046
    at sU (https://vercel.com/_next/static/immutable/chunks/1ez_xjl8u_-5_.js:109:140147)
    at ck (https://vercel.com/_next/static/immutable/chunks/1ez_xjl8u_-5_.js:109:174862)
    at MessagePort.C (https://vercel.com/_next/static/immutable/chunks/1ez_xjl8u_-5_.js:109:235590) {attributes: Object} @ https://vercel.com/_next/static/immutable/chunks/2sl1aftc4weqx.js:8
[  799922ms] [ERROR] Error: Missing param(s) [project] in link to route "/[teamSlug]/[project]/deployments"
    at https://vercel.com/_next/static/immutable/chunks/3qi00qrpi2qml.js:2:2570
    at https://vercel.com/_next/static/immutable/chunks/3qi00qrpi2qml.js:2:5203
    at Object.oE [as useMemo] (https://vercel.com/_next/static/immutable/chunks/1ez_xjl8u_-5_.js:109:75491)
    at push.r.useMemo (https://vercel.com/_next/static/immutable/chunks/3yj28cgcsk539.js:2:22543)
    at https://vercel.com/_next/static/immutable/chunks/3qi00qrpi2qml.js:2:4527
    at tx (https://vercel.com/_next/static/immutable/chunks/2j7mrzldu8mz6.js:2:70041)
    at aj (https://vercel.com/_next/static/immutable/chunks/1ez_xjl8u_-5_.js:109:66413)
    at ic (https://vercel.com/_next/static/immutable/chunks/1ez_xjl8u_-5_.js:109:87432)
    at iL (https://vercel.com/_next/static/immutable/chunks/1ez_xjl8u_-5_.js:109:99301)
    at sZ (https://vercel.com/_next/static/immutable/chunks/1ez_xjl8u_-5_.js:109:145139)
    at https://vercel.com/_next/static/immutable/chunks/1ez_xjl8u_-5_.js:109:140046
    at sU (https://vercel.com/_next/static/immutable/chunks/1ez_xjl8u_-5_.js:109:140147)
    at ck (https://vercel.com/_next/static/immutable/chunks/1ez_xjl8u_-5_.js:109:174862)
    at MessagePort.C (https://vercel.com/_next/static/immutable/chunks/1ez_xjl8u_-5_.js:109:235590) {attributes: Object} @ https://vercel.com/_next/static/immutable/chunks/2sl1aftc4weqx.js:8
[  799923ms] [ERROR] Error: Missing param(s) [project] in link to route "/[teamSlug]/[project]/logs"
    at https://vercel.com/_next/static/immutable/chunks/3qi00qrpi2qml.js:2:2570
    at https://vercel.com/_next/static/immutable/chunks/3qi00qrpi2qml.js:2:5203
    at Object.oE [as useMemo] (https://vercel.com/_next/static/immutable/chunks/1ez_xjl8u_-5_.js:109:75491)
    at push.r.useMemo (https://vercel.com/_next/static/immutable/chunks/3yj28cgcsk539.js:2:22543)
    at https://vercel.com/_next/static/immutable/chunks/3qi00qrpi2qml.js:2:4527
    at tx (https://vercel.com/_next/static/immutable/chunks/2j7mrzldu8mz6.js:2:70041)
    at aj (https://vercel.com/_next/static/immutable/chunks/1ez_xjl8u_-5_.js:109:66413)
    at ic (https://vercel.com/_next/static/immutable/chunks/1ez_xjl8u_-5_.js:109:87432)
    at iL (https://vercel.com/_next/static/immutable/chunks/1ez_xjl8u_-5_.js:109:99301)
    at sZ (https://vercel.com/_next/static/immutable/chunks/1ez_xjl8u_-5_.js:109:145139)
    at https://vercel.com/_next/static/immutable/chunks/1ez_xjl8u_-5_.js:109:140046
    at sU (https://vercel.com/_next/static/immutable/chunks/1ez_xjl8u_-5_.js:109:140147)
    at ck (https://vercel.com/_next/static/immutable/chunks/1ez_xjl8u_-5_.js:109:174862)
    at MessagePort.C (https://vercel.com/_next/static/immutable/chunks/1ez_xjl8u_-5_.js:109:235590) {attributes: Object} @ https://vercel.com/_next/static/immutable/chunks/2sl1aftc4weqx.js:8
[  799924ms] [ERROR] Error: Missing param(s) [project] in link to route "/[teamSlug]/[project]/analytics"
    at https://vercel.com/_next/static/immutable/chunks/3qi00qrpi2qml.js:2:2570
    at https://vercel.com/_next/static/immutable/chunks/3qi00qrpi2qml.js:2:5203
    at Object.oE [as useMemo] (https://vercel.com/_next/static/immutable/chunks/1ez_xjl8u_-5_.js:109:75491)
    at push.r.useMemo (https://vercel.com/_next/static/immutable/chunks/3yj28cgcsk539.js:2:22543)
    at https://vercel.com/_next/static/immutable/chunks/3qi00qrpi2qml.js:2:4527
    at tx (https://vercel.com/_next/static/immutable/chunks/2j7mrzldu8mz6.js:2:70041)
    at aj (https://vercel.com/_next/static/immutable/chunks/1ez_xjl8u_-5_.js:109:66413)
    at ic (https://vercel.com/_next/static/immutable/chunks/1ez_xjl8u_-5_.js:109:87432)
    at iL (https://vercel.com/_next/static/immutable/chunks/1ez_xjl8u_-5_.js:109:99301)
    at sZ (https://vercel.com/_next/static/immutable/chunks/1ez_xjl8u_-5_.js:109:145139)
    at https://vercel.com/_next/static/immutable/chunks/1ez_xjl8u_-5_.js:109:140046
    at sU (https://vercel.com/_next/static/immutable/chunks/1ez_xjl8u_-5_.js:109:140147)
    at ck (https://vercel.com/_next/static/immutable/chunks/1ez_xjl8u_-5_.js:109:174862)
    at MessagePort.C (https://vercel.com/_next/static/immutable/chunks/1ez_xjl8u_-5_.js:109:235590) {attributes: Object} @ https://vercel.com/_next/static/immutable/chunks/2sl1aftc4weqx.js:8
[  799925ms] [ERROR] Error: Missing param(s) [project] in link to route "/[teamSlug]/[project]/speed-insights"
    at https://vercel.com/_next/static/immutable/chunks/3qi00qrpi2qml.js:2:2570
    at https://vercel.com/_next/static/immutable/chunks/3qi00qrpi2qml.js:2:5203
    at Object.oE [as useMemo] (https://vercel.com/_next/static/immutable/chunks/1ez_xjl8u_-5_.js:109:75491)
    at push.r.useMemo (https://vercel.com/_next/static/immutable/chunks/3yj28cgcsk539.js:2:22543)
    at https://vercel.com/_next/static/immutable/chunks/3qi00qrpi2qml.js:2:4527
    at tx (https://vercel.com/_next/static/immutable/chunks/2j7mrzldu8mz6.js:2:70041)
    at aj (https://vercel.com/_next/static/immutable/chunks/1ez_xjl8u_-5_.js:109:66413)
    at ic (https://vercel.com/_next/static/immutable/chunks/1ez_xjl8u_-5_.js:109:87432)
    at iL (https://vercel.com/_next/static/immutable/chunks/1ez_xjl8u_-5_.js:109:99301)
    at sZ (https://vercel.com/_next/static/immutable/chunks/1ez_xjl8u_-5_.js:109:145139)
    at https://vercel.com/_next/static/immutable/chunks/1ez_xjl8u_-5_.js:109:140046
    at sU (https://vercel.com/_next/static/immutable/chunks/1ez_xjl8u_-5_.js:109:140147)
    at ck (https://vercel.com/_next/static/immutable/chunks/1ez_xjl8u_-5_.js:109:174862)
    at MessagePort.C (https://vercel.com/_next/static/immutable/chunks/1ez_xjl8u_-5_.js:109:235590) {attributes: Object} @ https://vercel.com/_next/static/immutable/chunks/2sl1aftc4weqx.js:8
[  799926ms] [ERROR] Error: Missing param(s) [project] in link to route "/[teamSlug]/[project]/observability"
    at https://vercel.com/_next/static/immutable/chunks/3qi00qrpi2qml.js:2:2570
    at https://vercel.com/_next/static/immutable/chunks/3qi00qrpi2qml.js:2:5203
    at Object.oE [as useMemo] (https://vercel.com/_next/static/immutable/chunks/1ez_xjl8u_-5_.js:109:75491)
    at push.r.useMemo (https://vercel.com/_next/static/immutable/chunks/3yj28cgcsk539.js:2:22543)
    at https://vercel.com/_next/static/immutable/chunks/3qi00qrpi2qml.js:2:4527
    at tx (https://vercel.com/_next/static/immutable/chunks/2j7mrzldu8mz6.js:2:70041)
    at aj (https://vercel.com/_next/static/immutable/chunks/1ez_xjl8u_-5_.js:109:66413)
    at ic (https://vercel.com/_next/static/immutable/chunks/1ez_xjl8u_-5_.js:109:87432)
    at iL (https://vercel.com/_next/static/immutable/chunks/1ez_xjl8u_-5_.js:109:99301)
    at sZ (https://vercel.com/_next/static/immutable/chunks/1ez_xjl8u_-5_.js:109:145139)
    at https://vercel.com/_next/static/immutable/chunks/1ez_xjl8u_-5_.js:109:140046
    at sU (https://vercel.com/_next/static/immutable/chunks/1ez_xjl8u_-5_.js:109:140147)
    at ck (https://vercel.com/_next/static/immutable/chunks/1ez_xjl8u_-5_.js:109:174862)
    at MessagePort.C (https://vercel.com/_next/static/immutable/chunks/1ez_xjl8u_-5_.js:109:235590) {attributes: Object} @ https://vercel.com/_next/static/immutable/chunks/2sl1aftc4weqx.js:8
[  799927ms] [ERROR] Error: Missing param(s) [project] in link to route "/[teamSlug]/[project]/firewall"
    at https://vercel.com/_next/static/immutable/chunks/3qi00qrpi2qml.js:2:2570
    at https://vercel.com/_next/static/immutable/chunks/3qi00qrpi2qml.js:2:5203
    at Object.oE [as useMemo] (https://vercel.com/_next/static/immutable/chunks/1ez_xjl8u_-5_.js:109:75491)
    at push.r.useMemo (https://vercel.com/_next/static/immutable/chunks/3yj28cgcsk539.js:2:22543)
    at https://vercel.com/_next/static/immutable/chunks/3qi00qrpi2qml.js:2:4527
    at tx (https://vercel.com/_next/static/immutable/chunks/2j7mrzldu8mz6.js:2:70041)
    at aj (https://vercel.com/_next/static/immutable/chunks/1ez_xjl8u_-5_.js:109:66413)
    at ic (https://vercel.com/_next/static/immutable/chunks/1ez_xjl8u_-5_.js:109:87432)
    at iL (https://vercel.com/_next/static/immutable/chunks/1ez_xjl8u_-5_.js:109:99301)
    at sZ (https://vercel.com/_next/static/immutable/chunks/1ez_xjl8u_-5_.js:109:145139)
    at https://vercel.com/_next/static/immutable/chunks/1ez_xjl8u_-5_.js:109:140046
    at sU (https://vercel.com/_next/static/immutable/chunks/1ez_xjl8u_-5_.js:109:140147)
    at ck (https://vercel.com/_next/static/immutable/chunks/1ez_xjl8u_-5_.js:109:174862)
    at MessagePort.C (https://vercel.com/_next/static/immutable/chunks/1ez_xjl8u_-5_.js:109:235590) {attributes: Object} @ https://vercel.com/_next/static/immutable/chunks/2sl1aftc4weqx.js:8
[  799928ms] [ERROR] Error: Missing param(s) [project] in link to route "/[teamSlug]/[project]/cdn"
    at https://vercel.com/_next/static/immutable/chunks/3qi00qrpi2qml.js:2:2570
    at https://vercel.com/_next/static/immutable/chunks/3qi00qrpi2qml.js:2:5203
    at Object.oE [as useMemo] (https://vercel.com/_next/static/immutable/chunks/1ez_xjl8u_-5_.js:109:75491)
    at push.r.useMemo (https://vercel.com/_next/static/immutable/chunks/3yj28cgcsk539.js:2:22543)
    at https://vercel.com/_next/static/immutable/chunks/3qi00qrpi2qml.js:2:4527
    at tx (https://vercel.com/_next/static/immutable/chunks/2j7mrzldu8mz6.js:2:70041)
    at aj (https://vercel.com/_next/static/immutable/chunks/1ez_xjl8u_-5_.js:109:66413)
    at ic (https://vercel.com/_next/static/immutable/chunks/1ez_xjl8u_-5_.js:109:87432)
    at iL (https://vercel.com/_next/static/immutable/chunks/1ez_xjl8u_-5_.js:109:99301)
    at sZ (https://vercel.com/_next/static/immutable/chunks/1ez_xjl8u_-5_.js:109:145139)
    at https://vercel.com/_next/static/immutable/chunks/1ez_xjl8u_-5_.js:109:140046
    at sU (https://vercel.com/_next/static/immutable/chunks/1ez_xjl8u_-5_.js:109:140147)
    at ck (https://vercel.com/_next/static/immutable/chunks/1ez_xjl8u_-5_.js:109:174862)
    at MessagePort.C (https://vercel.com/_next/static/immutable/chunks/1ez_xjl8u_-5_.js:109:235590) {attributes: Object} @ https://vercel.com/_next/static/immutable/chunks/2sl1aftc4weqx.js:8
[  799929ms] [ERROR] Error: Missing param(s) [project] in link to route "/[teamSlug]/[project]/settings/environment-variables"
    at https://vercel.com/_next/static/immutable/chunks/3qi00qrpi2qml.js:2:2570
    at https://vercel.com/_next/static/immutable/chunks/3qi00qrpi2qml.js:2:5203
    at Object.oE [as useMemo] (https://vercel.com/_next/static/immutable/chunks/1ez_xjl8u_-5_.js:109:75491)
    at push.r.useMemo (https://vercel.com/_next/static/immutable/chunks/3yj28cgcsk539.js:2:22543)
    at https://vercel.com/_next/static/immutable/chunks/3qi00qrpi2qml.js:2:4527
    at tx (https://vercel.com/_next/static/immutable/chunks/2j7mrzldu8mz6.js:2:70041)
    at aj (https://vercel.com/_next/static/immutable/chunks/1ez_xjl8u_-5_.js:109:66413)
    at ic (https://vercel.com/_next/static/immutable/chunks/1ez_xjl8u_-5_.js:109:87432)
    at iL (https://vercel.com/_next/static/immutable/chunks/1ez_xjl8u_-5_.js:109:99301)
    at sZ (https://vercel.com/_next/static/immutable/chunks/1ez_xjl8u_-5_.js:109:145139)
    at https://vercel.com/_next/static/immutable/chunks/1ez_xjl8u_-5_.js:109:140046
    at sU (https://vercel.com/_next/static/immutable/chunks/1ez_xjl8u_-5_.js:109:140147)
    at ck (https://vercel.com/_next/static/immutable/chunks/1ez_xjl8u_-5_.js:109:174862)
    at MessagePort.C (https://vercel.com/_next/static/immutable/chunks/1ez_xjl8u_-5_.js:109:235590) {attributes: Object} @ https://vercel.com/_next/static/immutable/chunks/2sl1aftc4weqx.js:8
[  799930ms] [ERROR] Error: Missing param(s) [project] in link to route "/[teamSlug]/[project]/settings/domains"
    at https://vercel.com/_next/static/immutable/chunks/3qi00qrpi2qml.js:2:2570
    at https://vercel.com/_next/static/immutable/chunks/3qi00qrpi2qml.js:2:5203
    at Object.oE [as useMemo] (https://vercel.com/_next/static/immutable/chunks/1ez_xjl8u_-5_.js:109:75491)
    at push.r.useMemo (https://vercel.com/_next/static/immutable/chunks/3yj28cgcsk539.js:2:22543)
    at https://vercel.com/_next/static/immutable/chunks/3qi00qrpi2qml.js:2:4527
    at tx (https://vercel.com/_next/static/immutable/chunks/2j7mrzldu8mz6.js:2:70041)
    at aj (https://vercel.com/_next/static/immutable/chunks/1ez_xjl8u_-5_.js:109:66413)
    at ic (https://vercel.com/_next/static/immutable/chunks/1ez_xjl8u_-5_.js:109:87432)
    at iL (https://vercel.com/_next/static/immutable/chunks/1ez_xjl8u_-5_.js:109:99301)
    at sZ (https://vercel.com/_next/static/immutable/chunks/1ez_xjl8u_-5_.js:109:145139)
    at https://vercel.com/_next/static/immutable/chunks/1ez_xjl8u_-5_.js:109:140046
    at sU (https://vercel.com/_next/static/immutable/chunks/1ez_xjl8u_-5_.js:109:140147)
    at ck (https://vercel.com/_next/static/immutable/chunks/1ez_xjl8u_-5_.js:109:174862)
    at MessagePort.C (https://vercel.com/_next/static/immutable/chunks/1ez_xjl8u_-5_.js:109:235590) {attributes: Object} @ https://vercel.com/_next/static/immutable/chunks/2sl1aftc4weqx.js:8
[  799931ms] [ERROR] Error: Missing param(s) [project] in link to route "/[teamSlug]/[project]/connect"
    at https://vercel.com/_next/static/immutable/chunks/3qi00qrpi2qml.js:2:2570
    at https://vercel.com/_next/static/immutable/chunks/3qi00qrpi2qml.js:2:5203
    at Object.oE [as useMemo] (https://vercel.com/_next/static/immutable/chunks/1ez_xjl8u_-5_.js:109:75491)
    at push.r.useMemo (https://vercel.com/_next/static/immutable/chunks/3yj28cgcsk539.js:2:22543)
    at https://vercel.com/_next/static/immutable/chunks/3qi00qrpi2qml.js:2:4527
    at tx (https://vercel.com/_next/static/immutable/chunks/2j7mrzldu8mz6.js:2:70041)
    at aj (https://vercel.com/_next/static/immutable/chunks/1ez_xjl8u_-5_.js:109:66413)
    at ic (https://vercel.com/_next/static/immutable/chunks/1ez_xjl8u_-5_.js:109:87432)
    at iL (https://vercel.com/_next/static/immutable/chunks/1ez_xjl8u_-5_.js:109:99301)
    at sZ (https://vercel.com/_next/static/immutable/chunks/1ez_xjl8u_-5_.js:109:145139)
    at https://vercel.com/_next/static/immutable/chunks/1ez_xjl8u_-5_.js:109:140046
    at sU (https://vercel.com/_next/static/immutable/chunks/1ez_xjl8u_-5_.js:109:140147)
    at ck (https://vercel.com/_next/static/immutable/chunks/1ez_xjl8u_-5_.js:109:174862)
    at MessagePort.C (https://vercel.com/_next/static/immutable/chunks/1ez_xjl8u_-5_.js:109:235590) {attributes: Object} @ https://vercel.com/_next/static/immutable/chunks/2sl1aftc4weqx.js:8
[  799932ms] [ERROR] Error: Missing param(s) [project] in link to route "/[teamSlug]/[project]/settings/integrations"
    at https://vercel.com/_next/static/immutable/chunks/3qi00qrpi2qml.js:2:2570
    at https://vercel.com/_next/static/immutable/chunks/3qi00qrpi2qml.js:2:5203
    at Object.oE [as useMemo] (https://vercel.com/_next/static/immutable/chunks/1ez_xjl8u_-5_.js:109:75491)
    at push.r.useMemo (https://vercel.com/_next/static/immutable/chunks/3yj28cgcsk539.js:2:22543)
    at https://vercel.com/_next/static/immutable/chunks/3qi00qrpi2qml.js:2:4527
    at tx (https://vercel.com/_next/static/immutable/chunks/2j7mrzldu8mz6.js:2:70041)
    at aj (https://vercel.com/_next/static/immutable/chunks/1ez_xjl8u_-5_.js:109:66413)
    at ic (https://vercel.com/_next/static/immutable/chunks/1ez_xjl8u_-5_.js:109:87432)
    at iL (https://vercel.com/_next/static/immutable/chunks/1ez_xjl8u_-5_.js:109:99301)
    at sZ (https://vercel.com/_next/static/immutable/chunks/1ez_xjl8u_-5_.js:109:145139)
    at https://vercel.com/_next/static/immutable/chunks/1ez_xjl8u_-5_.js:109:140046
    at sU (https://vercel.com/_next/static/immutable/chunks/1ez_xjl8u_-5_.js:109:140147)
    at ck (https://vercel.com/_next/static/immutable/chunks/1ez_xjl8u_-5_.js:109:174862)
    at MessagePort.C (https://vercel.com/_next/static/immutable/chunks/1ez_xjl8u_-5_.js:109:235590) {attributes: Object} @ https://vercel.com/_next/static/immutable/chunks/2sl1aftc4weqx.js:8
[  799933ms] [ERROR] Error: Missing param(s) [project] in link to route "/[teamSlug]/[project]/stores"
    at https://vercel.com/_next/static/immutable/chunks/3qi00qrpi2qml.js:2:2570
    at https://vercel.com/_next/static/immutable/chunks/3qi00qrpi2qml.js:2:5203
    at Object.oE [as useMemo] (https://vercel.com/_next/static/immutable/chunks/1ez_xjl8u_-5_.js:109:75491)
    at push.r.useMemo (https://vercel.com/_next/static/immutable/chunks/3yj28cgcsk539.js:2:22543)
    at https://vercel.com/_next/static/immutable/chunks/3qi00qrpi2qml.js:2:4527
    at tx (https://vercel.com/_next/static/immutable/chunks/2j7mrzldu8mz6.js:2:70041)
    at aj (https://vercel.com/_next/static/immutable/chunks/1ez_xjl8u_-5_.js:109:66413)
    at ic (https://vercel.com/_next/static/immutable/chunks/1ez_xjl8u_-5_.js:109:87432)
    at iL (https://vercel.com/_next/static/immutable/chunks/1ez_xjl8u_-5_.js:109:99301)
    at sZ (https://vercel.com/_next/static/immutable/chunks/1ez_xjl8u_-5_.js:109:145139)
    at https://vercel.com/_next/static/immutable/chunks/1ez_xjl8u_-5_.js:109:140046
    at sU (https://vercel.com/_next/static/immutable/chunks/1ez_xjl8u_-5_.js:109:140147)
    at ck (https://vercel.com/_next/static/immutable/chunks/1ez_xjl8u_-5_.js:109:174862)
    at MessagePort.C (https://vercel.com/_next/static/immutable/chunks/1ez_xjl8u_-5_.js:109:235590) {attributes: Object} @ https://vercel.com/_next/static/immutable/chunks/2sl1aftc4weqx.js:8
[  799934ms] [ERROR] Error: Missing param(s) [project] in link to route "/[teamSlug]/[project]/flags"
    at https://vercel.com/_next/static/immutable/chunks/3qi00qrpi2qml.js:2:2570
    at https://vercel.com/_next/static/immutable/chunks/3qi00qrpi2qml.js:2:5203
    at Object.oE [as useMemo] (https://vercel.com/_next/static/immutable/chunks/1ez_xjl8u_-5_.js:109:75491)
    at push.r.useMemo (https://vercel.com/_next/static/immutable/chunks/3yj28cgcsk539.js:2:22543)
    at https://vercel.com/_next/static/immutable/chunks/3qi00qrpi2qml.js:2:4527
    at tx (https://vercel.com/_next/static/immutable/chunks/2j7mrzldu8mz6.js:2:70041)
    at aj (https://vercel.com/_next/static/immutable/chunks/1ez_xjl8u_-5_.js:109:66413)
    at ic (https://vercel.com/_next/static/immutable/chunks/1ez_xjl8u_-5_.js:109:87432)
    at iL (https://vercel.com/_next/static/immutable/chunks/1ez_xjl8u_-5_.js:109:99301)
    at sZ (https://vercel.com/_next/static/immutable/chunks/1ez_xjl8u_-5_.js:109:145139)
    at https://vercel.com/_next/static/immutable/chunks/1ez_xjl8u_-5_.js:109:140046
    at sU (https://vercel.com/_next/static/immutable/chunks/1ez_xjl8u_-5_.js:109:140147)
    at ck (https://vercel.com/_next/static/immutable/chunks/1ez_xjl8u_-5_.js:109:174862)
    at MessagePort.C (https://vercel.com/_next/static/immutable/chunks/1ez_xjl8u_-5_.js:109:235590) {attributes: Object} @ https://vercel.com/_next/static/immutable/chunks/2sl1aftc4weqx.js:8
[  799935ms] [ERROR] Error: Missing param(s) [project] in link to route "/[teamSlug]/[project]/agent"
    at https://vercel.com/_next/static/immutable/chunks/3qi00qrpi2qml.js:2:2570
    at https://vercel.com/_next/static/immutable/chunks/3qi00qrpi2qml.js:2:5203
    at Object.oE [as useMemo] (https://vercel.com/_next/static/immutable/chunks/1ez_xjl8u_-5_.js:109:75491)
    at push.r.useMemo (https://vercel.com/_next/static/immutable/chunks/3yj28cgcsk539.js:2:22543)
    at https://vercel.com/_next/static/immutable/chunks/3qi00qrpi2qml.js:2:4527
    at tx (https://vercel.com/_next/static/immutable/chunks/2j7mrzldu8mz6.js:2:70041)
    at aj (https://vercel.com/_next/static/immutable/chunks/1ez_xjl8u_-5_.js:109:66413)
    at ic (https://vercel.com/_next/static/immutable/chunks/1ez_xjl8u_-5_.js:109:87432)
    at iL (https://vercel.com/_next/static/immutable/chunks/1ez_xjl8u_-5_.js:109:99301)
    at sZ (https://vercel.com/_next/static/immutable/chunks/1ez_xjl8u_-5_.js:109:145139)
    at https://vercel.com/_next/static/immutable/chunks/1ez_xjl8u_-5_.js:109:140046
    at sU (https://vercel.com/_next/static/immutable/chunks/1ez_xjl8u_-5_.js:109:140147)
    at ck (https://vercel.com/_next/static/immutable/chunks/1ez_xjl8u_-5_.js:109:174862)
    at MessagePort.C (https://vercel.com/_next/static/immutable/chunks/1ez_xjl8u_-5_.js:109:235590) {attributes: Object} @ https://vercel.com/_next/static/immutable/chunks/2sl1aftc4weqx.js:8
[  799936ms] [ERROR] Error: Missing param(s) [project] in link to route "/[teamSlug]/[project]/ai-gateway"
    at https://vercel.com/_next/static/immutable/chunks/3qi00qrpi2qml.js:2:2570
    at https://vercel.com/_next/static/immutable/chunks/3qi00qrpi2qml.js:2:5203
    at Object.oE [as useMemo] (https://vercel.com/_next/static/immutable/chunks/1ez_xjl8u_-5_.js:109:75491)
    at push.r.useMemo (https://vercel.com/_next/static/immutable/chunks/3yj28cgcsk539.js:2:22543)
    at https://vercel.com/_next/static/immutable/chunks/3qi00qrpi2qml.js:2:4527
    at tx (https://vercel.com/_next/static/immutable/chunks/2j7mrzldu8mz6.js:2:70041)
    at aj (https://vercel.com/_next/static/immutable/chunks/1ez_xjl8u_-5_.js:109:66413)
    at ic (https://vercel.com/_next/static/immutable/chunks/1ez_xjl8u_-5_.js:109:87432)
    at iL (https://vercel.com/_next/static/immutable/chunks/1ez_xjl8u_-5_.js:109:99301)
    at sZ (https://vercel.com/_next/static/immutable/chunks/1ez_xjl8u_-5_.js:109:145139)
    at https://vercel.com/_next/static/immutable/chunks/1ez_xjl8u_-5_.js:109:140046
    at sU (https://vercel.com/_next/static/immutable/chunks/1ez_xjl8u_-5_.js:109:140147)
    at ck (https://vercel.com/_next/static/immutable/chunks/1ez_xjl8u_-5_.js:109:174862)
    at MessagePort.C (https://vercel.com/_next/static/immutable/chunks/1ez_xjl8u_-5_.js:109:235590) {attributes: Object} @ https://vercel.com/_next/static/immutable/chunks/2sl1aftc4weqx.js:8
[  799937ms] [ERROR] Error: Missing param(s) [project] in link to route "/[teamSlug]/[project]/sandboxes"
    at https://vercel.com/_next/static/immutable/chunks/3qi00qrpi2qml.js:2:2570
    at https://vercel.com/_next/static/immutable/chunks/3qi00qrpi2qml.js:2:5203
    at Object.oE [as useMemo] (https://vercel.com/_next/static/immutable/chunks/1ez_xjl8u_-5_.js:109:75491)
    at push.r.useMemo (https://vercel.com/_next/static/immutable/chunks/3yj28cgcsk539.js:2:22543)
    at https://vercel.com/_next/static/immutable/chunks/3qi00qrpi2qml.js:2:4527
    at tx (https://vercel.com/_next/static/immutable/chunks/2j7mrzldu8mz6.js:2:70041)
    at aj (https://vercel.com/_next/static/immutable/chunks/1ez_xjl8u_-5_.js:109:66413)
    at ic (https://vercel.com/_next/static/immutable/chunks/1ez_xjl8u_-5_.js:109:87432)
    at iL (https://vercel.com/_next/static/immutable/chunks/1ez_xjl8u_-5_.js:109:99301)
    at sZ (https://vercel.com/_next/static/immutable/chunks/1ez_xjl8u_-5_.js:109:145139)
    at https://vercel.com/_next/static/immutable/chunks/1ez_xjl8u_-5_.js:109:140046
    at sU (https://vercel.com/_next/static/immutable/chunks/1ez_xjl8u_-5_.js:109:140147)
    at ck (https://vercel.com/_next/static/immutable/chunks/1ez_xjl8u_-5_.js:109:174862)
    at MessagePort.C (https://vercel.com/_next/static/immutable/chunks/1ez_xjl8u_-5_.js:109:235590) {attributes: Object} @ https://vercel.com/_next/static/immutable/chunks/2sl1aftc4weqx.js:8
[  799937ms] [ERROR] Error: Missing param(s) [project] in link to route "/[teamSlug]/[project]/workflows"
    at https://vercel.com/_next/static/immutable/chunks/3qi00qrpi2qml.js:2:2570
    at https://vercel.com/_next/static/immutable/chunks/3qi00qrpi2qml.js:2:5203
    at Object.oE [as useMemo] (https://vercel.com/_next/static/immutable/chunks/1ez_xjl8u_-5_.js:109:75491)
    at push.r.useMemo (https://vercel.com/_next/static/immutable/chunks/3yj28cgcsk539.js:2:22543)
    at https://vercel.com/_next/static/immutable/chunks/3qi00qrpi2qml.js:2:4527
    at tx (https://vercel.com/_next/static/immutable/chunks/2j7mrzldu8mz6.js:2:70041)
    at aj (https://vercel.com/_next/static/immutable/chunks/1ez_xjl8u_-5_.js:109:66413)
    at ic (https://vercel.com/_next/static/immutable/chunks/1ez_xjl8u_-5_.js:109:87432)
    at iL (https://vercel.com/_next/static/immutable/chunks/1ez_xjl8u_-5_.js:109:99301)
    at sZ (https://vercel.com/_next/static/immutable/chunks/1ez_xjl8u_-5_.js:109:145139)
    at https://vercel.com/_next/static/immutable/chunks/1ez_xjl8u_-5_.js:109:140046
    at sU (https://vercel.com/_next/static/immutable/chunks/1ez_xjl8u_-5_.js:109:140147)
    at ck (https://vercel.com/_next/static/immutable/chunks/1ez_xjl8u_-5_.js:109:174862)
    at MessagePort.C (https://vercel.com/_next/static/immutable/chunks/1ez_xjl8u_-5_.js:109:235590) {attributes: Object} @ https://vercel.com/_next/static/immutable/chunks/2sl1aftc4weqx.js:8
[  799938ms] [ERROR] Error: Missing param(s) [project] in link to route "/[teamSlug]/[project]/images"
    at https://vercel.com/_next/static/immutable/chunks/3qi00qrpi2qml.js:2:2570
    at https://vercel.com/_next/static/immutable/chunks/3qi00qrpi2qml.js:2:5203
    at Object.oE [as useMemo] (https://vercel.com/_next/static/immutable/chunks/1ez_xjl8u_-5_.js:109:75491)
    at push.r.useMemo (https://vercel.com/_next/static/immutable/chunks/3yj28cgcsk539.js:2:22543)
    at https://vercel.com/_next/static/immutable/chunks/3qi00qrpi2qml.js:2:4527
    at tx (https://vercel.com/_next/static/immutable/chunks/2j7mrzldu8mz6.js:2:70041)
    at aj (https://vercel.com/_next/static/immutable/chunks/1ez_xjl8u_-5_.js:109:66413)
    at ic (https://vercel.com/_next/static/immutable/chunks/1ez_xjl8u_-5_.js:109:87432)
    at iL (https://vercel.com/_next/static/immutable/chunks/1ez_xjl8u_-5_.js:109:99301)
    at sZ (https://vercel.com/_next/static/immutable/chunks/1ez_xjl8u_-5_.js:109:145139)
    at https://vercel.com/_next/static/immutable/chunks/1ez_xjl8u_-5_.js:109:140046
    at sU (https://vercel.com/_next/static/immutable/chunks/1ez_xjl8u_-5_.js:109:140147)
    at ck (https://vercel.com/_next/static/immutable/chunks/1ez_xjl8u_-5_.js:109:174862)
    at MessagePort.C (https://vercel.com/_next/static/immutable/chunks/1ez_xjl8u_-5_.js:109:235590) {attributes: Object} @ https://vercel.com/_next/static/immutable/chunks/2sl1aftc4weqx.js:8
[  799940ms] [ERROR] Error: Missing param(s) [project] in link to route "/[teamSlug]/[project]/usage"
    at https://vercel.com/_next/static/immutable/chunks/3qi00qrpi2qml.js:2:2570
    at https://vercel.com/_next/static/immutable/chunks/3qi00qrpi2qml.js:2:5203
    at Object.oE [as useMemo] (https://vercel.com/_next/static/immutable/chunks/1ez_xjl8u_-5_.js:109:75491)
    at push.r.useMemo (https://vercel.com/_next/static/immutable/chunks/3yj28cgcsk539.js:2:22543)
    at https://vercel.com/_next/static/immutable/chunks/3qi00qrpi2qml.js:2:4527
    at tx (https://vercel.com/_next/static/immutable/chunks/2j7mrzldu8mz6.js:2:70041)
    at aj (https://vercel.com/_next/static/immutable/chunks/1ez_xjl8u_-5_.js:109:66413)
    at ic (https://vercel.com/_next/static/immutable/chunks/1ez_xjl8u_-5_.js:109:87432)
    at iL (https://vercel.com/_next/static/immutable/chunks/1ez_xjl8u_-5_.js:109:99301)
    at sZ (https://vercel.com/_next/static/immutable/chunks/1ez_xjl8u_-5_.js:109:145139)
    at https://vercel.com/_next/static/immutable/chunks/1ez_xjl8u_-5_.js:109:140046
    at sU (https://vercel.com/_next/static/immutable/chunks/1ez_xjl8u_-5_.js:109:140147)
    at ck (https://vercel.com/_next/static/immutable/chunks/1ez_xjl8u_-5_.js:109:174862)
    at MessagePort.C (https://vercel.com/_next/static/immutable/chunks/1ez_xjl8u_-5_.js:109:235590) {attributes: Object} @ https://vercel.com/_next/static/immutable/chunks/2sl1aftc4weqx.js:8
[  799941ms] [ERROR] Error: Missing param(s) [project] in link to route "/[teamSlug]/[project]/support"
    at https://vercel.com/_next/static/immutable/chunks/3qi00qrpi2qml.js:2:2570
    at https://vercel.com/_next/static/immutable/chunks/3qi00qrpi2qml.js:2:5203
    at Object.oE [as useMemo] (https://vercel.com/_next/static/immutable/chunks/1ez_xjl8u_-5_.js:109:75491)
    at push.r.useMemo (https://vercel.com/_next/static/immutable/chunks/3yj28cgcsk539.js:2:22543)
    at https://vercel.com/_next/static/immutable/chunks/3qi00qrpi2qml.js:2:4527
    at tx (https://vercel.com/_next/static/immutable/chunks/2j7mrzldu8mz6.js:2:70041)
    at aj (https://vercel.com/_next/static/immutable/chunks/1ez_xjl8u_-5_.js:109:66413)
    at ic (https://vercel.com/_next/static/immutable/chunks/1ez_xjl8u_-5_.js:109:87432)
    at iL (https://vercel.com/_next/static/immutable/chunks/1ez_xjl8u_-5_.js:109:99301)
    at sZ (https://vercel.com/_next/static/immutable/chunks/1ez_xjl8u_-5_.js:109:145139)
    at https://vercel.com/_next/static/immutable/chunks/1ez_xjl8u_-5_.js:109:140046
    at sU (https://vercel.com/_next/static/immutable/chunks/1ez_xjl8u_-5_.js:109:140147)
    at ck (https://vercel.com/_next/static/immutable/chunks/1ez_xjl8u_-5_.js:109:174862)
    at MessagePort.C (https://vercel.com/_next/static/immutable/chunks/1ez_xjl8u_-5_.js:109:235590) {attributes: Object} @ https://vercel.com/_next/static/immutable/chunks/2sl1aftc4weqx.js:8
[  799942ms] [ERROR] Error: Missing param(s) [project] in link to route "/[teamSlug]/[project]/settings"
    at https://vercel.com/_next/static/immutable/chunks/3qi00qrpi2qml.js:2:2570
    at https://vercel.com/_next/static/immutable/chunks/3qi00qrpi2qml.js:2:5203
    at Object.oE [as useMemo] (https://vercel.com/_next/static/immutable/chunks/1ez_xjl8u_-5_.js:109:75491)
    at push.r.useMemo (https://vercel.com/_next/static/immutable/chunks/3yj28cgcsk539.js:2:22543)
    at https://vercel.com/_next/static/immutable/chunks/3qi00qrpi2qml.js:2:4527
    at tx (https://vercel.com/_next/static/immutable/chunks/2j7mrzldu8mz6.js:2:70041)
    at aj (https://vercel.com/_next/static/immutable/chunks/1ez_xjl8u_-5_.js:109:66413)
    at ic (https://vercel.com/_next/static/immutable/chunks/1ez_xjl8u_-5_.js:109:87432)
    at iL (https://vercel.com/_next/static/immutable/chunks/1ez_xjl8u_-5_.js:109:99301)
    at sZ (https://vercel.com/_next/static/immutable/chunks/1ez_xjl8u_-5_.js:109:145139)
    at https://vercel.com/_next/static/immutable/chunks/1ez_xjl8u_-5_.js:109:140046
    at sU (https://vercel.com/_next/static/immutable/chunks/1ez_xjl8u_-5_.js:109:140147)
    at ck (https://vercel.com/_next/static/immutable/chunks/1ez_xjl8u_-5_.js:109:174862)
    at MessagePort.C (https://vercel.com/_next/static/immutable/chunks/1ez_xjl8u_-5_.js:109:235590) {attributes: Object} @ https://vercel.com/_next/static/immutable/chunks/2sl1aftc4weqx.js:8
[  799961ms] [ERROR] Error: Missing param(s) [project] in link to route "/[teamSlug]/[project]"
    at https://vercel.com/_next/static/immutable/chunks/3qi00qrpi2qml.js:2:2570
    at https://vercel.com/_next/static/immutable/chunks/3qi00qrpi2qml.js:2:5203
    at Object.oE [as useMemo] (https://vercel.com/_next/static/immutable/chunks/1ez_xjl8u_-5_.js:109:75491)
    at push.r.useMemo (https://vercel.com/_next/static/immutable/chunks/3yj28cgcsk539.js:2:22543)
    at https://vercel.com/_next/static/immutable/chunks/3qi00qrpi2qml.js:2:4527
    at tx (https://vercel.com/_next/static/immutable/chunks/2j7mrzldu8mz6.js:2:70041)
    at aj (https://vercel.com/_next/static/immutable/chunks/1ez_xjl8u_-5_.js:109:66413)
    at ic (https://vercel.com/_next/static/immutable/chunks/1ez_xjl8u_-5_.js:109:87432)
    at iL (https://vercel.com/_next/static/immutable/chunks/1ez_xjl8u_-5_.js:109:99301)
    at sZ (https://vercel.com/_next/static/immutable/chunks/1ez_xjl8u_-5_.js:109:145139)
    at https://vercel.com/_next/static/immutable/chunks/1ez_xjl8u_-5_.js:109:140046
    at sU (https://vercel.com/_next/static/immutable/chunks/1ez_xjl8u_-5_.js:109:140147)
    at ck (https://vercel.com/_next/static/immutable/chunks/1ez_xjl8u_-5_.js:109:174862)
    at MessagePort.C (https://vercel.com/_next/static/immutable/chunks/1ez_xjl8u_-5_.js:109:235590) {attributes: Object} @ https://vercel.com/_next/static/immutable/chunks/2sl1aftc4weqx.js:8
[  799962ms] [ERROR] Error: Missing param(s) [project] in link to route "/[teamSlug]/[project]/deployments"
    at https://vercel.com/_next/static/immutable/chunks/3qi00qrpi2qml.js:2:2570
    at https://vercel.com/_next/static/immutable/chunks/3qi00qrpi2qml.js:2:5203
    at Object.oE [as useMemo] (https://vercel.com/_next/static/immutable/chunks/1ez_xjl8u_-5_.js:109:75491)
    at push.r.useMemo (https://vercel.com/_next/static/immutable/chunks/3yj28cgcsk539.js:2:22543)
    at https://vercel.com/_next/static/immutable/chunks/3qi00qrpi2qml.js:2:4527
    at tx (https://vercel.com/_next/static/immutable/chunks/2j7mrzldu8mz6.js:2:70041)
    at aj (https://vercel.com/_next/static/immutable/chunks/1ez_xjl8u_-5_.js:109:66413)
    at ic (https://vercel.com/_next/static/immutable/chunks/1ez_xjl8u_-5_.js:109:87432)
    at iL (https://vercel.com/_next/static/immutable/chunks/1ez_xjl8u_-5_.js:109:99301)
    at sZ (https://vercel.com/_next/static/immutable/chunks/1ez_xjl8u_-5_.js:109:145139)
    at https://vercel.com/_next/static/immutable/chunks/1ez_xjl8u_-5_.js:109:140046
    at sU (https://vercel.com/_next/static/immutable/chunks/1ez_xjl8u_-5_.js:109:140147)
    at ck (https://vercel.com/_next/static/immutable/chunks/1ez_xjl8u_-5_.js:109:174862)
    at MessagePort.C (https://vercel.com/_next/static/immutable/chunks/1ez_xjl8u_-5_.js:109:235590) {attributes: Object} @ https://vercel.com/_next/static/immutable/chunks/2sl1aftc4weqx.js:8
[  799963ms] [ERROR] Error: Missing param(s) [project] in link to route "/[teamSlug]/[project]/observability"
    at https://vercel.com/_next/static/immutable/chunks/3qi00qrpi2qml.js:2:2570
    at https://vercel.com/_next/static/immutable/chunks/3qi00qrpi2qml.js:2:5203
    at Object.oE [as useMemo] (https://vercel.com/_next/static/immutable/chunks/1ez_xjl8u_-5_.js:109:75491)
    at push.r.useMemo (https://vercel.com/_next/static/immutable/chunks/3yj28cgcsk539.js:2:22543)
    at https://vercel.com/_next/static/immutable/chunks/3qi00qrpi2qml.js:2:4527
    at tx (https://vercel.com/_next/static/immutable/chunks/2j7mrzldu8mz6.js:2:70041)
    at aj (https://vercel.com/_next/static/immutable/chunks/1ez_xjl8u_-5_.js:109:66413)
    at ic (https://vercel.com/_next/static/immutable/chunks/1ez_xjl8u_-5_.js:109:87432)
    at iL (https://vercel.com/_next/static/immutable/chunks/1ez_xjl8u_-5_.js:109:99301)
    at sZ (https://vercel.com/_next/static/immutable/chunks/1ez_xjl8u_-5_.js:109:145139)
    at https://vercel.com/_next/static/immutable/chunks/1ez_xjl8u_-5_.js:109:140046
    at sU (https://vercel.com/_next/static/immutable/chunks/1ez_xjl8u_-5_.js:109:140147)
    at ck (https://vercel.com/_next/static/immutable/chunks/1ez_xjl8u_-5_.js:109:174862)
    at MessagePort.C (https://vercel.com/_next/static/immutable/chunks/1ez_xjl8u_-5_.js:109:235590) {attributes: Object} @ https://vercel.com/_next/static/immutable/chunks/2sl1aftc4weqx.js:8
[  799964ms] [ERROR] Error: Missing param(s) [project] in link to route "/[teamSlug]/[project]/security"
    at https://vercel.com/_next/static/immutable/chunks/3qi00qrpi2qml.js:2:2570
    at https://vercel.com/_next/static/immutable/chunks/3qi00qrpi2qml.js:2:5203
    at Object.oE [as useMemo] (https://vercel.com/_next/static/immutable/chunks/1ez_xjl8u_-5_.js:109:75491)
    at push.r.useMemo (https://vercel.com/_next/static/immutable/chunks/3yj28cgcsk539.js:2:22543)
    at https://vercel.com/_next/static/immutable/chunks/3qi00qrpi2qml.js:2:4527
    at tx (https://vercel.com/_next/static/immutable/chunks/2j7mrzldu8mz6.js:2:70041)
    at aj (https://vercel.com/_next/static/immutable/chunks/1ez_xjl8u_-5_.js:109:66413)
    at ic (https://vercel.com/_next/static/immutable/chunks/1ez_xjl8u_-5_.js:109:87432)
    at iL (https://vercel.com/_next/static/immutable/chunks/1ez_xjl8u_-5_.js:109:99301)
    at sZ (https://vercel.com/_next/static/immutable/chunks/1ez_xjl8u_-5_.js:109:145139)
    at https://vercel.com/_next/static/immutable/chunks/1ez_xjl8u_-5_.js:109:140046
    at sU (https://vercel.com/_next/static/immutable/chunks/1ez_xjl8u_-5_.js:109:140147)
    at ck (https://vercel.com/_next/static/immutable/chunks/1ez_xjl8u_-5_.js:109:174862)
    at MessagePort.C (https://vercel.com/_next/static/immutable/chunks/1ez_xjl8u_-5_.js:109:235590) {attributes: Object} @ https://vercel.com/_next/static/immutable/chunks/2sl1aftc4weqx.js:8
[  799965ms] [ERROR] Error: Missing param(s) [project] in link to route "/[teamSlug]/[project]/cdn"
    at https://vercel.com/_next/static/immutable/chunks/3qi00qrpi2qml.js:2:2570
    at https://vercel.com/_next/static/immutable/chunks/3qi00qrpi2qml.js:2:5203
    at Object.oE [as useMemo] (https://vercel.com/_next/static/immutable/chunks/1ez_xjl8u_-5_.js:109:75491)
    at push.r.useMemo (https://vercel.com/_next/static/immutable/chunks/3yj28cgcsk539.js:2:22543)
    at https://vercel.com/_next/static/immutable/chunks/3qi00qrpi2qml.js:2:4527
    at tx (https://vercel.com/_next/static/immutable/chunks/2j7mrzldu8mz6.js:2:70041)
    at aj (https://vercel.com/_next/static/immutable/chunks/1ez_xjl8u_-5_.js:109:66413)
    at ic (https://vercel.com/_next/static/immutable/chunks/1ez_xjl8u_-5_.js:109:87432)
    at iL (https://vercel.com/_next/static/immutable/chunks/1ez_xjl8u_-5_.js:109:99301)
    at sZ (https://vercel.com/_next/static/immutable/chunks/1ez_xjl8u_-5_.js:109:145139)
    at https://vercel.com/_next/static/immutable/chunks/1ez_xjl8u_-5_.js:109:140046
    at sU (https://vercel.com/_next/static/immutable/chunks/1ez_xjl8u_-5_.js:109:140147)
    at ck (https://vercel.com/_next/static/immutable/chunks/1ez_xjl8u_-5_.js:109:174862)
    at MessagePort.C (https://vercel.com/_next/static/immutable/chunks/1ez_xjl8u_-5_.js:109:235590) {attributes: Object} @ https://vercel.com/_next/static/immutable/chunks/2sl1aftc4weqx.js:8
[  799966ms] [ERROR] Error: Missing param(s) [project] in link to route "/[teamSlug]/[project]/observability/vercel-functions"
    at https://vercel.com/_next/static/immutable/chunks/3qi00qrpi2qml.js:2:2570
    at https://vercel.com/_next/static/immutable/chunks/3qi00qrpi2qml.js:2:5203
    at Object.oE [as useMemo] (https://vercel.com/_next/static/immutable/chunks/1ez_xjl8u_-5_.js:109:75491)
    at push.r.useMemo (https://vercel.com/_next/static/immutable/chunks/3yj28cgcsk539.js:2:22543)
    at https://vercel.com/_next/static/immutable/chunks/3qi00qrpi2qml.js:2:4527
    at tx (https://vercel.com/_next/static/immutable/chunks/2j7mrzldu8mz6.js:2:70041)
    at aj (https://vercel.com/_next/static/immutable/chunks/1ez_xjl8u_-5_.js:109:66413)
    at ic (https://vercel.com/_next/static/immutable/chunks/1ez_xjl8u_-5_.js:109:87432)
    at iL (https://vercel.com/_next/static/immutable/chunks/1ez_xjl8u_-5_.js:109:99301)
    at sZ (https://vercel.com/_next/static/immutable/chunks/1ez_xjl8u_-5_.js:109:145139)
    at https://vercel.com/_next/static/immutable/chunks/1ez_xjl8u_-5_.js:109:140046
    at sU (https://vercel.com/_next/static/immutable/chunks/1ez_xjl8u_-5_.js:109:140147)
    at ck (https://vercel.com/_next/static/immutable/chunks/1ez_xjl8u_-5_.js:109:174862)
    at MessagePort.C (https://vercel.com/_next/static/immutable/chunks/1ez_xjl8u_-5_.js:109:235590) {attributes: Object} @ https://vercel.com/_next/static/immutable/chunks/2sl1aftc4weqx.js:8
[  799967ms] [ERROR] Error: Missing param(s) [project] in link to route "/[teamSlug]/[project]/ai-gateway"
    at https://vercel.com/_next/static/immutable/chunks/3qi00qrpi2qml.js:2:2570
    at https://vercel.com/_next/static/immutable/chunks/3qi00qrpi2qml.js:2:5203
    at Object.oE [as useMemo] (https://vercel.com/_next/static/immutable/chunks/1ez_xjl8u_-5_.js:109:75491)
    at push.r.useMemo (https://vercel.com/_next/static/immutable/chunks/3yj28cgcsk539.js:2:22543)
    at https://vercel.com/_next/static/immutable/chunks/3qi00qrpi2qml.js:2:4527
    at tx (https://vercel.com/_next/static/immutable/chunks/2j7mrzldu8mz6.js:2:70041)
    at aj (https://vercel.com/_next/static/immutable/chunks/1ez_xjl8u_-5_.js:109:66413)
    at ic (https://vercel.com/_next/static/immutable/chunks/1ez_xjl8u_-5_.js:109:87432)
    at iL (https://vercel.com/_next/static/immutable/chunks/1ez_xjl8u_-5_.js:109:99301)
    at sZ (https://vercel.com/_next/static/immutable/chunks/1ez_xjl8u_-5_.js:109:145139)
    at https://vercel.com/_next/static/immutable/chunks/1ez_xjl8u_-5_.js:109:140046
    at sU (https://vercel.com/_next/static/immutable/chunks/1ez_xjl8u_-5_.js:109:140147)
    at ck (https://vercel.com/_next/static/immutable/chunks/1ez_xjl8u_-5_.js:109:174862)
    at MessagePort.C (https://vercel.com/_next/static/immutable/chunks/1ez_xjl8u_-5_.js:109:235590) {attributes: Object} @ https://vercel.com/_next/static/immutable/chunks/2sl1aftc4weqx.js:8
[  799968ms] [ERROR] Error: Missing param(s) [project] in link to route "/[teamSlug]/[project]/flags"
    at https://vercel.com/_next/static/immutable/chunks/3qi00qrpi2qml.js:2:2570
    at https://vercel.com/_next/static/immutable/chunks/3qi00qrpi2qml.js:2:5203
    at Object.oE [as useMemo] (https://vercel.com/_next/static/immutable/chunks/1ez_xjl8u_-5_.js:109:75491)
    at push.r.useMemo (https://vercel.com/_next/static/immutable/chunks/3yj28cgcsk539.js:2:22543)
    at https://vercel.com/_next/static/immutable/chunks/3qi00qrpi2qml.js:2:4527
    at tx (https://vercel.com/_next/static/immutable/chunks/2j7mrzldu8mz6.js:2:70041)
    at aj (https://vercel.com/_next/static/immutable/chunks/1ez_xjl8u_-5_.js:109:66413)
    at ic (https://vercel.com/_next/static/immutable/chunks/1ez_xjl8u_-5_.js:109:87432)
    at iL (https://vercel.com/_next/static/immutable/chunks/1ez_xjl8u_-5_.js:109:99301)
    at sZ (https://vercel.com/_next/static/immutable/chunks/1ez_xjl8u_-5_.js:109:145139)
    at https://vercel.com/_next/static/immutable/chunks/1ez_xjl8u_-5_.js:109:140046
    at sU (https://vercel.com/_next/static/immutable/chunks/1ez_xjl8u_-5_.js:109:140147)
    at ck (https://vercel.com/_next/static/immutable/chunks/1ez_xjl8u_-5_.js:109:174862)
    at MessagePort.C (https://vercel.com/_next/static/immutable/chunks/1ez_xjl8u_-5_.js:109:235590) {attributes: Object} @ https://vercel.com/_next/static/immutable/chunks/2sl1aftc4weqx.js:8
[  799969ms] [ERROR] Error: Missing param(s) [project] in link to route "/[teamSlug]/[project]/settings/integrations"
    at https://vercel.com/_next/static/immutable/chunks/3qi00qrpi2qml.js:2:2570
    at https://vercel.com/_next/static/immutable/chunks/3qi00qrpi2qml.js:2:5203
    at Object.oE [as useMemo] (https://vercel.com/_next/static/immutable/chunks/1ez_xjl8u_-5_.js:109:75491)
    at push.r.useMemo (https://vercel.com/_next/static/immutable/chunks/3yj28cgcsk539.js:2:22543)
    at https://vercel.com/_next/static/immutable/chunks/3qi00qrpi2qml.js:2:4527
    at tx (https://vercel.com/_next/static/immutable/chunks/2j7mrzldu8mz6.js:2:70041)
    at aj (https://vercel.com/_next/static/immutable/chunks/1ez_xjl8u_-5_.js:109:66413)
    at ic (https://vercel.com/_next/static/immutable/chunks/1ez_xjl8u_-5_.js:109:87432)
    at iL (https://vercel.com/_next/static/immutable/chunks/1ez_xjl8u_-5_.js:109:99301)
    at sZ (https://vercel.com/_next/static/immutable/chunks/1ez_xjl8u_-5_.js:109:145139)
    at https://vercel.com/_next/static/immutable/chunks/1ez_xjl8u_-5_.js:109:140046
    at sU (https://vercel.com/_next/static/immutable/chunks/1ez_xjl8u_-5_.js:109:140147)
    at ck (https://vercel.com/_next/static/immutable/chunks/1ez_xjl8u_-5_.js:109:174862)
    at MessagePort.C (https://vercel.com/_next/static/immutable/chunks/1ez_xjl8u_-5_.js:109:235590) {attributes: Object} @ https://vercel.com/_next/static/immutable/chunks/2sl1aftc4weqx.js:8
[  799970ms] [ERROR] Error: Missing param(s) [project] in link to route "/[teamSlug]/[project]/agent"
    at https://vercel.com/_next/static/immutable/chunks/3qi00qrpi2qml.js:2:2570
    at https://vercel.com/_next/static/immutable/chunks/3qi00qrpi2qml.js:2:5203
    at Object.oE [as useMemo] (https://vercel.com/_next/static/immutable/chunks/1ez_xjl8u_-5_.js:109:75491)
    at push.r.useMemo (https://vercel.com/_next/static/immutable/chunks/3yj28cgcsk539.js:2:22543)
    at https://vercel.com/_next/static/immutable/chunks/3qi00qrpi2qml.js:2:4527
    at tx (https://vercel.com/_next/static/immutable/chunks/2j7mrzldu8mz6.js:2:70041)
    at aj (https://vercel.com/_next/static/immutable/chunks/1ez_xjl8u_-5_.js:109:66413)
    at ic (https://vercel.com/_next/static/immutable/chunks/1ez_xjl8u_-5_.js:109:87432)
    at iL (https://vercel.com/_next/static/immutable/chunks/1ez_xjl8u_-5_.js:109:99301)
    at sZ (https://vercel.com/_next/static/immutable/chunks/1ez_xjl8u_-5_.js:109:145139)
    at https://vercel.com/_next/static/immutable/chunks/1ez_xjl8u_-5_.js:109:140046
    at sU (https://vercel.com/_next/static/immutable/chunks/1ez_xjl8u_-5_.js:109:140147)
    at ck (https://vercel.com/_next/static/immutable/chunks/1ez_xjl8u_-5_.js:109:174862)
    at MessagePort.C (https://vercel.com/_next/static/immutable/chunks/1ez_xjl8u_-5_.js:109:235590) {attributes: Object} @ https://vercel.com/_next/static/immutable/chunks/2sl1aftc4weqx.js:8
[  799971ms] [ERROR] Error: Missing param(s) [project] in link to route "/[teamSlug]/[project]/usage"
    at https://vercel.com/_next/static/immutable/chunks/3qi00qrpi2qml.js:2:2570
    at https://vercel.com/_next/static/immutable/chunks/3qi00qrpi2qml.js:2:5203
    at Object.oE [as useMemo] (https://vercel.com/_next/static/immutable/chunks/1ez_xjl8u_-5_.js:109:75491)
    at push.r.useMemo (https://vercel.com/_next/static/immutable/chunks/3yj28cgcsk539.js:2:22543)
    at https://vercel.com/_next/static/immutable/chunks/3qi00qrpi2qml.js:2:4527
    at tx (https://vercel.com/_next/static/immutable/chunks/2j7mrzldu8mz6.js:2:70041)
    at aj (https://vercel.com/_next/static/immutable/chunks/1ez_xjl8u_-5_.js:109:66413)
    at ic (https://vercel.com/_next/static/immutable/chunks/1ez_xjl8u_-5_.js:109:87432)
    at iL (https://vercel.com/_next/static/immutable/chunks/1ez_xjl8u_-5_.js:109:99301)
    at sZ (https://vercel.com/_next/static/immutable/chunks/1ez_xjl8u_-5_.js:109:145139)
    at https://vercel.com/_next/static/immutable/chunks/1ez_xjl8u_-5_.js:109:140046
    at sU (https://vercel.com/_next/static/immutable/chunks/1ez_xjl8u_-5_.js:109:140147)
    at ck (https://vercel.com/_next/static/immutable/chunks/1ez_xjl8u_-5_.js:109:174862)
    at MessagePort.C (https://vercel.com/_next/static/immutable/chunks/1ez_xjl8u_-5_.js:109:235590) {attributes: Object} @ https://vercel.com/_next/static/immutable/chunks/2sl1aftc4weqx.js:8
[  799973ms] [ERROR] Error: Missing param(s) [project] in link to route "/[teamSlug]/[project]/settings"
    at https://vercel.com/_next/static/immutable/chunks/3qi00qrpi2qml.js:2:2570
    at https://vercel.com/_next/static/immutable/chunks/3qi00qrpi2qml.js:2:5203
    at Object.oE [as useMemo] (https://vercel.com/_next/static/immutable/chunks/1ez_xjl8u_-5_.js:109:75491)
    at push.r.useMemo (https://vercel.com/_next/static/immutable/chunks/3yj28cgcsk539.js:2:22543)
    at https://vercel.com/_next/static/immutable/chunks/3qi00qrpi2qml.js:2:4527
    at tx (https://vercel.com/_next/static/immutable/chunks/2j7mrzldu8mz6.js:2:70041)
    at aj (https://vercel.com/_next/static/immutable/chunks/1ez_xjl8u_-5_.js:109:66413)
    at ic (https://vercel.com/_next/static/immutable/chunks/1ez_xjl8u_-5_.js:109:87432)
    at iL (https://vercel.com/_next/static/immutable/chunks/1ez_xjl8u_-5_.js:109:99301)
    at sZ (https://vercel.com/_next/static/immutable/chunks/1ez_xjl8u_-5_.js:109:145139)
    at https://vercel.com/_next/static/immutable/chunks/1ez_xjl8u_-5_.js:109:140046
    at sU (https://vercel.com/_next/static/immutable/chunks/1ez_xjl8u_-5_.js:109:140147)
    at ck (https://vercel.com/_next/static/immutable/chunks/1ez_xjl8u_-5_.js:109:174862)
    at MessagePort.C (https://vercel.com/_next/static/immutable/chunks/1ez_xjl8u_-5_.js:109:235590) {attributes: Object} @ https://vercel.com/_next/static/immutable/chunks/2sl1aftc4weqx.js:8
[  799974ms] [ERROR] Error: Missing param(s) [project] in link to route "/[teamSlug]/[project]/support"
    at https://vercel.com/_next/static/immutable/chunks/3qi00qrpi2qml.js:2:2570
    at https://vercel.com/_next/static/immutable/chunks/3qi00qrpi2qml.js:2:5203
    at Object.oE [as useMemo] (https://vercel.com/_next/static/immutable/chunks/1ez_xjl8u_-5_.js:109:75491)
    at push.r.useMemo (https://vercel.com/_next/static/immutable/chunks/3yj28cgcsk539.js:2:22543)
    at https://vercel.com/_next/static/immutable/chunks/3qi00qrpi2qml.js:2:4527
    at tx (https://vercel.com/_next/static/immutable/chunks/2j7mrzldu8mz6.js:2:70041)
    at aj (https://vercel.com/_next/static/immutable/chunks/1ez_xjl8u_-5_.js:109:66413)
    at ic (https://vercel.com/_next/static/immutable/chunks/1ez_xjl8u_-5_.js:109:87432)
    at iL (https://vercel.com/_next/static/immutable/chunks/1ez_xjl8u_-5_.js:109:99301)
    at sZ (https://vercel.com/_next/static/immutable/chunks/1ez_xjl8u_-5_.js:109:145139)
    at https://vercel.com/_next/static/immutable/chunks/1ez_xjl8u_-5_.js:109:140046
    at sU (https://vercel.com/_next/static/immutable/chunks/1ez_xjl8u_-5_.js:109:140147)
    at ck (https://vercel.com/_next/static/immutable/chunks/1ez_xjl8u_-5_.js:109:174862)
    at MessagePort.C (https://vercel.com/_next/static/immutable/chunks/1ez_xjl8u_-5_.js:109:235590) {attributes: Object} @ https://vercel.com/_next/static/immutable/chunks/2sl1aftc4weqx.js:8
[  799985ms] [ERROR] Error: Missing param(s) [project] in link to route "/[teamSlug]/[project]/deployments"
    at https://vercel.com/_next/static/immutable/chunks/3qi00qrpi2qml.js:2:2570
    at https://vercel.com/_next/static/immutable/chunks/3qi00qrpi2qml.js:2:5203
    at Object.useMemo (https://vercel.com/_next/static/immutable/chunks/1ez_xjl8u_-5_.js:109:79852)
    at push.r.useMemo (https://vercel.com/_next/static/immutable/chunks/3yj28cgcsk539.js:2:22543)
    at https://vercel.com/_next/static/immutable/chunks/3qi00qrpi2qml.js:2:4527
    at tT (https://vercel.com/_next/static/immutable/chunks/2j7mrzldu8mz6.js:2:83624)
    at aj (https://vercel.com/_next/static/immutable/chunks/1ez_xjl8u_-5_.js:109:66413)
    at ic (https://vercel.com/_next/static/immutable/chunks/1ez_xjl8u_-5_.js:109:87432)
    at iL (https://vercel.com/_next/static/immutable/chunks/1ez_xjl8u_-5_.js:109:99301)
    at sZ (https://vercel.com/_next/static/immutable/chunks/1ez_xjl8u_-5_.js:109:145139)
    at https://vercel.com/_next/static/immutable/chunks/1ez_xjl8u_-5_.js:109:140046
    at sU (https://vercel.com/_next/static/immutable/chunks/1ez_xjl8u_-5_.js:109:140147)
    at ck (https://vercel.com/_next/static/immutable/chunks/1ez_xjl8u_-5_.js:109:174862)
    at MessagePort.C (https://vercel.com/_next/static/immutable/chunks/1ez_xjl8u_-5_.js:109:235590) {attributes: Object} @ https://vercel.com/_next/static/immutable/chunks/2sl1aftc4weqx.js:8
[  799986ms] [ERROR] Error: Missing param(s) [project] in link to route "/[teamSlug]/[project]/settings/environments"
    at https://vercel.com/_next/static/immutable/chunks/3qi00qrpi2qml.js:2:2570
    at https://vercel.com/_next/static/immutable/chunks/3qi00qrpi2qml.js:2:5203
    at Object.useMemo (https://vercel.com/_next/static/immutable/chunks/1ez_xjl8u_-5_.js:109:79852)
    at push.r.useMemo (https://vercel.com/_next/static/immutable/chunks/3yj28cgcsk539.js:2:22543)
    at https://vercel.com/_next/static/immutable/chunks/3qi00qrpi2qml.js:2:4527
    at tT (https://vercel.com/_next/static/immutable/chunks/2j7mrzldu8mz6.js:2:83624)
    at aj (https://vercel.com/_next/static/immutable/chunks/1ez_xjl8u_-5_.js:109:66413)
    at ic (https://vercel.com/_next/static/immutable/chunks/1ez_xjl8u_-5_.js:109:87432)
    at iL (https://vercel.com/_next/static/immutable/chunks/1ez_xjl8u_-5_.js:109:99301)
    at sZ (https://vercel.com/_next/static/immutable/chunks/1ez_xjl8u_-5_.js:109:145139)
    at https://vercel.com/_next/static/immutable/chunks/1ez_xjl8u_-5_.js:109:140046
    at sU (https://vercel.com/_next/static/immutable/chunks/1ez_xjl8u_-5_.js:109:140147)
    at ck (https://vercel.com/_next/static/immutable/chunks/1ez_xjl8u_-5_.js:109:174862)
    at MessagePort.C (https://vercel.com/_next/static/immutable/chunks/1ez_xjl8u_-5_.js:109:235590) {attributes: Object} @ https://vercel.com/_next/static/immutable/chunks/2sl1aftc4weqx.js:8
[  799987ms] [ERROR] Error: Missing param(s) [project] in link to route "/[teamSlug]/[project]/settings/build-and-deployment"
    at https://vercel.com/_next/static/immutable/chunks/3qi00qrpi2qml.js:2:2570
    at https://vercel.com/_next/static/immutable/chunks/3qi00qrpi2qml.js:2:5203
    at Object.useMemo (https://vercel.com/_next/static/immutable/chunks/1ez_xjl8u_-5_.js:109:79852)
    at push.r.useMemo (https://vercel.com/_next/static/immutable/chunks/3yj28cgcsk539.js:2:22543)
    at https://vercel.com/_next/static/immutable/chunks/3qi00qrpi2qml.js:2:4527
    at tT (https://vercel.com/_next/static/immutable/chunks/2j7mrzldu8mz6.js:2:83624)
    at aj (https://vercel.com/_next/static/immutable/chunks/1ez_xjl8u_-5_.js:109:66413)
    at ic (https://vercel.com/_next/static/immutable/chunks/1ez_xjl8u_-5_.js:109:87432)
    at iL (https://vercel.com/_next/static/immutable/chunks/1ez_xjl8u_-5_.js:109:99301)
    at sZ (https://vercel.com/_next/static/immutable/chunks/1ez_xjl8u_-5_.js:109:145139)
    at https://vercel.com/_next/static/immutable/chunks/1ez_xjl8u_-5_.js:109:140046
    at sU (https://vercel.com/_next/static/immutable/chunks/1ez_xjl8u_-5_.js:109:140147)
    at ck (https://vercel.com/_next/static/immutable/chunks/1ez_xjl8u_-5_.js:109:174862)
    at MessagePort.C (https://vercel.com/_next/static/immutable/chunks/1ez_xjl8u_-5_.js:109:235590) {attributes: Object} @ https://vercel.com/_next/static/immutable/chunks/2sl1aftc4weqx.js:8
[  799988ms] [ERROR] Error: Missing param(s) [project] in link to route "/[teamSlug]/[project]/observability/build-diagnostics"
    at https://vercel.com/_next/static/immutable/chunks/3qi00qrpi2qml.js:2:2570
    at https://vercel.com/_next/static/immutable/chunks/3qi00qrpi2qml.js:2:5203
    at Object.useMemo (https://vercel.com/_next/static/immutable/chunks/1ez_xjl8u_-5_.js:109:79852)
    at push.r.useMemo (https://vercel.com/_next/static/immutable/chunks/3yj28cgcsk539.js:2:22543)
    at https://vercel.com/_next/static/immutable/chunks/3qi00qrpi2qml.js:2:4527
    at tT (https://vercel.com/_next/static/immutable/chunks/2j7mrzldu8mz6.js:2:83624)
    at aj (https://vercel.com/_next/static/immutable/chunks/1ez_xjl8u_-5_.js:109:66413)
    at ic (https://vercel.com/_next/static/immutable/chunks/1ez_xjl8u_-5_.js:109:87432)
    at iL (https://vercel.com/_next/static/immutable/chunks/1ez_xjl8u_-5_.js:109:99301)
    at sZ (https://vercel.com/_next/static/immutable/chunks/1ez_xjl8u_-5_.js:109:145139)
    at https://vercel.com/_next/static/immutable/chunks/1ez_xjl8u_-5_.js:109:140046
    at sU (https://vercel.com/_next/static/immutable/chunks/1ez_xjl8u_-5_.js:109:140147)
    at ck (https://vercel.com/_next/static/immutable/chunks/1ez_xjl8u_-5_.js:109:174862)
    at MessagePort.C (https://vercel.com/_next/static/immutable/chunks/1ez_xjl8u_-5_.js:109:235590) {attributes: Object} @ https://vercel.com/_next/static/immutable/chunks/2sl1aftc4weqx.js:8
[  799989ms] [ERROR] Error: Missing param(s) [project] in link to route "/[teamSlug]/[project]/settings/git"
    at https://vercel.com/_next/static/immutable/chunks/3qi00qrpi2qml.js:2:2570
    at https://vercel.com/_next/static/immutable/chunks/3qi00qrpi2qml.js:2:5203
    at Object.useMemo (https://vercel.com/_next/static/immutable/chunks/1ez_xjl8u_-5_.js:109:79852)
    at push.r.useMemo (https://vercel.com/_next/static/immutable/chunks/3yj28cgcsk539.js:2:22543)
    at https://vercel.com/_next/static/immutable/chunks/3qi00qrpi2qml.js:2:4527
    at tT (https://vercel.com/_next/static/immutable/chunks/2j7mrzldu8mz6.js:2:83624)
    at aj (https://vercel.com/_next/static/immutable/chunks/1ez_xjl8u_-5_.js:109:66413)
    at ic (https://vercel.com/_next/static/immutable/chunks/1ez_xjl8u_-5_.js:109:87432)
    at iL (https://vercel.com/_next/static/immutable/chunks/1ez_xjl8u_-5_.js:109:99301)
    at sZ (https://vercel.com/_next/static/immutable/chunks/1ez_xjl8u_-5_.js:109:145139)
    at https://vercel.com/_next/static/immutable/chunks/1ez_xjl8u_-5_.js:109:140046
    at sU (https://vercel.com/_next/static/immutable/chunks/1ez_xjl8u_-5_.js:109:140147)
    at ck (https://vercel.com/_next/static/immutable/chunks/1ez_xjl8u_-5_.js:109:174862)
    at MessagePort.C (https://vercel.com/_next/static/immutable/chunks/1ez_xjl8u_-5_.js:109:235590) {attributes: Object} @ https://vercel.com/_next/static/immutable/chunks/2sl1aftc4weqx.js:8
[  800144ms] [ERROR] Error: Missing param(s) [project] in link to route "/[teamSlug]/[project]"
    at https://vercel.com/_next/static/immutable/chunks/3qi00qrpi2qml.js:2:2570
    at https://vercel.com/_next/static/immutable/chunks/3qi00qrpi2qml.js:2:3908
    at aj (https://vercel.com/_next/static/immutable/chunks/1ez_xjl8u_-5_.js:109:66413)
    at ic (https://vercel.com/_next/static/immutable/chunks/1ez_xjl8u_-5_.js:109:87432)
    at iL (https://vercel.com/_next/static/immutable/chunks/1ez_xjl8u_-5_.js:109:99301)
    at sZ (https://vercel.com/_next/static/immutable/chunks/1ez_xjl8u_-5_.js:109:145139)
    at https://vercel.com/_next/static/immutable/chunks/1ez_xjl8u_-5_.js:109:140046
    at sU (https://vercel.com/_next/static/immutable/chunks/1ez_xjl8u_-5_.js:109:140147)
    at ck (https://vercel.com/_next/static/immutable/chunks/1ez_xjl8u_-5_.js:109:174862)
    at MessagePort.C (https://vercel.com/_next/static/immutable/chunks/1ez_xjl8u_-5_.js:109:235590) {attributes: Object} @ https://vercel.com/_next/static/immutable/chunks/2sl1aftc4weqx.js:8
[  800146ms] [ERROR] Error: Missing param(s) [project] in link to route "/[teamSlug]/[project]"
    at https://vercel.com/_next/static/immutable/chunks/3qi00qrpi2qml.js:2:2570
    at https://vercel.com/_next/static/immutable/chunks/3qi00qrpi2qml.js:2:5203
    at Object.oE [as useMemo] (https://vercel.com/_next/static/immutable/chunks/1ez_xjl8u_-5_.js:109:75491)
    at push.r.useMemo (https://vercel.com/_next/static/immutable/chunks/3yj28cgcsk539.js:2:22543)
    at https://vercel.com/_next/static/immutable/chunks/3qi00qrpi2qml.js:2:4527
    at tx (https://vercel.com/_next/static/immutable/chunks/2j7mrzldu8mz6.js:2:70041)
    at aj (https://vercel.com/_next/static/immutable/chunks/1ez_xjl8u_-5_.js:109:66413)
    at ic (https://vercel.com/_next/static/immutable/chunks/1ez_xjl8u_-5_.js:109:87432)
    at iL (https://vercel.com/_next/static/immutable/chunks/1ez_xjl8u_-5_.js:109:99301)
    at sZ (https://vercel.com/_next/static/immutable/chunks/1ez_xjl8u_-5_.js:109:145139)
    at https://vercel.com/_next/static/immutable/chunks/1ez_xjl8u_-5_.js:109:140046
    at sU (https://vercel.com/_next/static/immutable/chunks/1ez_xjl8u_-5_.js:109:140147)
    at ck (https://vercel.com/_next/static/immutable/chunks/1ez_xjl8u_-5_.js:109:174862)
    at MessagePort.C (https://vercel.com/_next/static/immutable/chunks/1ez_xjl8u_-5_.js:109:235590) {attributes: Object} @ https://vercel.com/_next/static/immutable/chunks/2sl1aftc4weqx.js:8
[  800147ms] [ERROR] Error: Missing param(s) [project] in link to route "/[teamSlug]/[project]/deployments"
    at https://vercel.com/_next/static/immutable/chunks/3qi00qrpi2qml.js:2:2570
    at https://vercel.com/_next/static/immutable/chunks/3qi00qrpi2qml.js:2:5203
    at Object.oE [as useMemo] (https://vercel.com/_next/static/immutable/chunks/1ez_xjl8u_-5_.js:109:75491)
    at push.r.useMemo (https://vercel.com/_next/static/immutable/chunks/3yj28cgcsk539.js:2:22543)
    at https://vercel.com/_next/static/immutable/chunks/3qi00qrpi2qml.js:2:4527
    at tx (https://vercel.com/_next/static/immutable/chunks/2j7mrzldu8mz6.js:2:70041)
    at aj (https://vercel.com/_next/static/immutable/chunks/1ez_xjl8u_-5_.js:109:66413)
    at ic (https://vercel.com/_next/static/immutable/chunks/1ez_xjl8u_-5_.js:109:87432)
    at iL (https://vercel.com/_next/static/immutable/chunks/1ez_xjl8u_-5_.js:109:99301)
    at sZ (https://vercel.com/_next/static/immutable/chunks/1ez_xjl8u_-5_.js:109:145139)
    at https://vercel.com/_next/static/immutable/chunks/1ez_xjl8u_-5_.js:109:140046
    at sU (https://vercel.com/_next/static/immutable/chunks/1ez_xjl8u_-5_.js:109:140147)
    at ck (https://vercel.com/_next/static/immutable/chunks/1ez_xjl8u_-5_.js:109:174862)
    at MessagePort.C (https://vercel.com/_next/static/immutable/chunks/1ez_xjl8u_-5_.js:109:235590) {attributes: Object} @ https://vercel.com/_next/static/immutable/chunks/2sl1aftc4weqx.js:8
[  800148ms] [ERROR] Error: Missing param(s) [project] in link to route "/[teamSlug]/[project]/logs"
    at https://vercel.com/_next/static/immutable/chunks/3qi00qrpi2qml.js:2:2570
    at https://vercel.com/_next/static/immutable/chunks/3qi00qrpi2qml.js:2:5203
    at Object.oE [as useMemo] (https://vercel.com/_next/static/immutable/chunks/1ez_xjl8u_-5_.js:109:75491)
    at push.r.useMemo (https://vercel.com/_next/static/immutable/chunks/3yj28cgcsk539.js:2:22543)
    at https://vercel.com/_next/static/immutable/chunks/3qi00qrpi2qml.js:2:4527
    at tx (https://vercel.com/_next/static/immutable/chunks/2j7mrzldu8mz6.js:2:70041)
    at aj (https://vercel.com/_next/static/immutable/chunks/1ez_xjl8u_-5_.js:109:66413)
    at ic (https://vercel.com/_next/static/immutable/chunks/1ez_xjl8u_-5_.js:109:87432)
    at iL (https://vercel.com/_next/static/immutable/chunks/1ez_xjl8u_-5_.js:109:99301)
    at sZ (https://vercel.com/_next/static/immutable/chunks/1ez_xjl8u_-5_.js:109:145139)
    at https://vercel.com/_next/static/immutable/chunks/1ez_xjl8u_-5_.js:109:140046
    at sU (https://vercel.com/_next/static/immutable/chunks/1ez_xjl8u_-5_.js:109:140147)
    at ck (https://vercel.com/_next/static/immutable/chunks/1ez_xjl8u_-5_.js:109:174862)
    at MessagePort.C (https://vercel.com/_next/static/immutable/chunks/1ez_xjl8u_-5_.js:109:235590) {attributes: Object} @ https://vercel.com/_next/static/immutable/chunks/2sl1aftc4weqx.js:8
[  800160ms] [ERROR] Error: Missing param(s) [project] in link to route "/[teamSlug]/[project]/analytics"
    at https://vercel.com/_next/static/immutable/chunks/3qi00qrpi2qml.js:2:2570
    at https://vercel.com/_next/static/immutable/chunks/3qi00qrpi2qml.js:2:5203
    at Object.oE [as useMemo] (https://vercel.com/_next/static/immutable/chunks/1ez_xjl8u_-5_.js:109:75491)
    at push.r.useMemo (https://vercel.com/_next/static/immutable/chunks/3yj28cgcsk539.js:2:22543)
    at https://vercel.com/_next/static/immutable/chunks/3qi00qrpi2qml.js:2:4527
    at tx (https://vercel.com/_next/static/immutable/chunks/2j7mrzldu8mz6.js:2:70041)
    at aj (https://vercel.com/_next/static/immutable/chunks/1ez_xjl8u_-5_.js:109:66413)
    at ic (https://vercel.com/_next/static/immutable/chunks/1ez_xjl8u_-5_.js:109:87432)
    at iL (https://vercel.com/_next/static/immutable/chunks/1ez_xjl8u_-5_.js:109:99301)
    at sZ (https://vercel.com/_next/static/immutable/chunks/1ez_xjl8u_-5_.js:109:145139)
    at https://vercel.com/_next/static/immutable/chunks/1ez_xjl8u_-5_.js:109:140046
    at sU (https://vercel.com/_next/static/immutable/chunks/1ez_xjl8u_-5_.js:109:140147)
    at ck (https://vercel.com/_next/static/immutable/chunks/1ez_xjl8u_-5_.js:109:174862)
    at MessagePort.C (https://vercel.com/_next/static/immutable/chunks/1ez_xjl8u_-5_.js:109:235590) {attributes: Object} @ https://vercel.com/_next/static/immutable/chunks/2sl1aftc4weqx.js:8
[  800161ms] [ERROR] Error: Missing param(s) [project] in link to route "/[teamSlug]/[project]/speed-insights"
    at https://vercel.com/_next/static/immutable/chunks/3qi00qrpi2qml.js:2:2570
    at https://vercel.com/_next/static/immutable/chunks/3qi00qrpi2qml.js:2:5203
    at Object.oE [as useMemo] (https://vercel.com/_next/static/immutable/chunks/1ez_xjl8u_-5_.js:109:75491)
    at push.r.useMemo (https://vercel.com/_next/static/immutable/chunks/3yj28cgcsk539.js:2:22543)
    at https://vercel.com/_next/static/immutable/chunks/3qi00qrpi2qml.js:2:4527
    at tx (https://vercel.com/_next/static/immutable/chunks/2j7mrzldu8mz6.js:2:70041)
    at aj (https://vercel.com/_next/static/immutable/chunks/1ez_xjl8u_-5_.js:109:66413)
    at ic (https://vercel.com/_next/static/immutable/chunks/1ez_xjl8u_-5_.js:109:87432)
    at iL (https://vercel.com/_next/static/immutable/chunks/1ez_xjl8u_-5_.js:109:99301)
    at sZ (https://vercel.com/_next/static/immutable/chunks/1ez_xjl8u_-5_.js:109:145139)
    at https://vercel.com/_next/static/immutable/chunks/1ez_xjl8u_-5_.js:109:140046
    at sU (https://vercel.com/_next/static/immutable/chunks/1ez_xjl8u_-5_.js:109:140147)
    at ck (https://vercel.com/_next/static/immutable/chunks/1ez_xjl8u_-5_.js:109:174862)
    at MessagePort.C (https://vercel.com/_next/static/immutable/chunks/1ez_xjl8u_-5_.js:109:235590) {attributes: Object} @ https://vercel.com/_next/static/immutable/chunks/2sl1aftc4weqx.js:8
[  800162ms] [ERROR] Error: Missing param(s) [project] in link to route "/[teamSlug]/[project]/observability"
    at https://vercel.com/_next/static/immutable/chunks/3qi00qrpi2qml.js:2:2570
    at https://vercel.com/_next/static/immutable/chunks/3qi00qrpi2qml.js:2:5203
    at Object.oE [as useMemo] (https://vercel.com/_next/static/immutable/chunks/1ez_xjl8u_-5_.js:109:75491)
    at push.r.useMemo (https://vercel.com/_next/static/immutable/chunks/3yj28cgcsk539.js:2:22543)
    at https://vercel.com/_next/static/immutable/chunks/3qi00qrpi2qml.js:2:4527
    at tx (https://vercel.com/_next/static/immutable/chunks/2j7mrzldu8mz6.js:2:70041)
    at aj (https://vercel.com/_next/static/immutable/chunks/1ez_xjl8u_-5_.js:109:66413)
    at ic (https://vercel.com/_next/static/immutable/chunks/1ez_xjl8u_-5_.js:109:87432)
    at iL (https://vercel.com/_next/static/immutable/chunks/1ez_xjl8u_-5_.js:109:99301)
    at sZ (https://vercel.com/_next/static/immutable/chunks/1ez_xjl8u_-5_.js:109:145139)
    at https://vercel.com/_next/static/immutable/chunks/1ez_xjl8u_-5_.js:109:140046
    at sU (https://vercel.com/_next/static/immutable/chunks/1ez_xjl8u_-5_.js:109:140147)
    at ck (https://vercel.com/_next/static/immutable/chunks/1ez_xjl8u_-5_.js:109:174862)
    at MessagePort.C (https://vercel.com/_next/static/immutable/chunks/1ez_xjl8u_-5_.js:109:235590) {attributes: Object} @ https://vercel.com/_next/static/immutable/chunks/2sl1aftc4weqx.js:8
[  800163ms] [ERROR] Error: Missing param(s) [project] in link to route "/[teamSlug]/[project]/firewall"
    at https://vercel.com/_next/static/immutable/chunks/3qi00qrpi2qml.js:2:2570
    at https://vercel.com/_next/static/immutable/chunks/3qi00qrpi2qml.js:2:5203
    at Object.oE [as useMemo] (https://vercel.com/_next/static/immutable/chunks/1ez_xjl8u_-5_.js:109:75491)
    at push.r.useMemo (https://vercel.com/_next/static/immutable/chunks/3yj28cgcsk539.js:2:22543)
    at https://vercel.com/_next/static/immutable/chunks/3qi00qrpi2qml.js:2:4527
    at tx (https://vercel.com/_next/static/immutable/chunks/2j7mrzldu8mz6.js:2:70041)
    at aj (https://vercel.com/_next/static/immutable/chunks/1ez_xjl8u_-5_.js:109:66413)
    at ic (https://vercel.com/_next/static/immutable/chunks/1ez_xjl8u_-5_.js:109:87432)
    at iL (https://vercel.com/_next/static/immutable/chunks/1ez_xjl8u_-5_.js:109:99301)
    at sZ (https://vercel.com/_next/static/immutable/chunks/1ez_xjl8u_-5_.js:109:145139)
    at https://vercel.com/_next/static/immutable/chunks/1ez_xjl8u_-5_.js:109:140046
    at sU (https://vercel.com/_next/static/immutable/chunks/1ez_xjl8u_-5_.js:109:140147)
    at ck (https://vercel.com/_next/static/immutable/chunks/1ez_xjl8u_-5_.js:109:174862)
    at MessagePort.C (https://vercel.com/_next/static/immutable/chunks/1ez_xjl8u_-5_.js:109:235590) {attributes: Object} @ https://vercel.com/_next/static/immutable/chunks/2sl1aftc4weqx.js:8
[  800164ms] [ERROR] Error: Missing param(s) [project] in link to route "/[teamSlug]/[project]/cdn"
    at https://vercel.com/_next/static/immutable/chunks/3qi00qrpi2qml.js:2:2570
    at https://vercel.com/_next/static/immutable/chunks/3qi00qrpi2qml.js:2:5203
    at Object.oE [as useMemo] (https://vercel.com/_next/static/immutable/chunks/1ez_xjl8u_-5_.js:109:75491)
    at push.r.useMemo (https://vercel.com/_next/static/immutable/chunks/3yj28cgcsk539.js:2:22543)
    at https://vercel.com/_next/static/immutable/chunks/3qi00qrpi2qml.js:2:4527
    at tx (https://vercel.com/_next/static/immutable/chunks/2j7mrzldu8mz6.js:2:70041)
    at aj (https://vercel.com/_next/static/immutable/chunks/1ez_xjl8u_-5_.js:109:66413)
    at ic (https://vercel.com/_next/static/immutable/chunks/1ez_xjl8u_-5_.js:109:87432)
    at iL (https://vercel.com/_next/static/immutable/chunks/1ez_xjl8u_-5_.js:109:99301)
    at sZ (https://vercel.com/_next/static/immutable/chunks/1ez_xjl8u_-5_.js:109:145139)
    at https://vercel.com/_next/static/immutable/chunks/1ez_xjl8u_-5_.js:109:140046
    at sU (https://vercel.com/_next/static/immutable/chunks/1ez_xjl8u_-5_.js:109:140147)
    at ck (https://vercel.com/_next/static/immutable/chunks/1ez_xjl8u_-5_.js:109:174862)
    at MessagePort.C (https://vercel.com/_next/static/immutable/chunks/1ez_xjl8u_-5_.js:109:235590) {attributes: Object} @ https://vercel.com/_next/static/immutable/chunks/2sl1aftc4weqx.js:8
[  800165ms] [ERROR] Error: Missing param(s) [project] in link to route "/[teamSlug]/[project]/settings/environment-variables"
    at https://vercel.com/_next/static/immutable/chunks/3qi00qrpi2qml.js:2:2570
    at https://vercel.com/_next/static/immutable/chunks/3qi00qrpi2qml.js:2:5203
    at Object.oE [as useMemo] (https://vercel.com/_next/static/immutable/chunks/1ez_xjl8u_-5_.js:109:75491)
    at push.r.useMemo (https://vercel.com/_next/static/immutable/chunks/3yj28cgcsk539.js:2:22543)
    at https://vercel.com/_next/static/immutable/chunks/3qi00qrpi2qml.js:2:4527
    at tx (https://vercel.com/_next/static/immutable/chunks/2j7mrzldu8mz6.js:2:70041)
    at aj (https://vercel.com/_next/static/immutable/chunks/1ez_xjl8u_-5_.js:109:66413)
    at ic (https://vercel.com/_next/static/immutable/chunks/1ez_xjl8u_-5_.js:109:87432)
    at iL (https://vercel.com/_next/static/immutable/chunks/1ez_xjl8u_-5_.js:109:99301)
    at sZ (https://vercel.com/_next/static/immutable/chunks/1ez_xjl8u_-5_.js:109:145139)
    at https://vercel.com/_next/static/immutable/chunks/1ez_xjl8u_-5_.js:109:140046
    at sU (https://vercel.com/_next/static/immutable/chunks/1ez_xjl8u_-5_.js:109:140147)
    at ck (https://vercel.com/_next/static/immutable/chunks/1ez_xjl8u_-5_.js:109:174862)
    at MessagePort.C (https://vercel.com/_next/static/immutable/chunks/1ez_xjl8u_-5_.js:109:235590) {attributes: Object} @ https://vercel.com/_next/static/immutable/chunks/2sl1aftc4weqx.js:8
[  800166ms] [ERROR] Error: Missing param(s) [project] in link to route "/[teamSlug]/[project]/settings/domains"
    at https://vercel.com/_next/static/immutable/chunks/3qi00qrpi2qml.js:2:2570
    at https://vercel.com/_next/static/immutable/chunks/3qi00qrpi2qml.js:2:5203
    at Object.oE [as useMemo] (https://vercel.com/_next/static/immutable/chunks/1ez_xjl8u_-5_.js:109:75491)
    at push.r.useMemo (https://vercel.com/_next/static/immutable/chunks/3yj28cgcsk539.js:2:22543)
    at https://vercel.com/_next/static/immutable/chunks/3qi00qrpi2qml.js:2:4527
    at tx (https://vercel.com/_next/static/immutable/chunks/2j7mrzldu8mz6.js:2:70041)
    at aj (https://vercel.com/_next/static/immutable/chunks/1ez_xjl8u_-5_.js:109:66413)
    at ic (https://vercel.com/_next/static/immutable/chunks/1ez_xjl8u_-5_.js:109:87432)
    at iL (https://vercel.com/_next/static/immutable/chunks/1ez_xjl8u_-5_.js:109:99301)
    at sZ (https://vercel.com/_next/static/immutable/chunks/1ez_xjl8u_-5_.js:109:145139)
    at https://vercel.com/_next/static/immutable/chunks/1ez_xjl8u_-5_.js:109:140046
    at sU (https://vercel.com/_next/static/immutable/chunks/1ez_xjl8u_-5_.js:109:140147)
    at ck (https://vercel.com/_next/static/immutable/chunks/1ez_xjl8u_-5_.js:109:174862)
    at MessagePort.C (https://vercel.com/_next/static/immutable/chunks/1ez_xjl8u_-5_.js:109:235590) {attributes: Object} @ https://vercel.com/_next/static/immutable/chunks/2sl1aftc4weqx.js:8
[  800167ms] [ERROR] Error: Missing param(s) [project] in link to route "/[teamSlug]/[project]/connect"
    at https://vercel.com/_next/static/immutable/chunks/3qi00qrpi2qml.js:2:2570
    at https://vercel.com/_next/static/immutable/chunks/3qi00qrpi2qml.js:2:5203
    at Object.oE [as useMemo] (https://vercel.com/_next/static/immutable/chunks/1ez_xjl8u_-5_.js:109:75491)
    at push.r.useMemo (https://vercel.com/_next/static/immutable/chunks/3yj28cgcsk539.js:2:22543)
    at https://vercel.com/_next/static/immutable/chunks/3qi00qrpi2qml.js:2:4527
    at tx (https://vercel.com/_next/static/immutable/chunks/2j7mrzldu8mz6.js:2:70041)
    at aj (https://vercel.com/_next/static/immutable/chunks/1ez_xjl8u_-5_.js:109:66413)
    at ic (https://vercel.com/_next/static/immutable/chunks/1ez_xjl8u_-5_.js:109:87432)
    at iL (https://vercel.com/_next/static/immutable/chunks/1ez_xjl8u_-5_.js:109:99301)
    at sZ (https://vercel.com/_next/static/immutable/chunks/1ez_xjl8u_-5_.js:109:145139)
    at https://vercel.com/_next/static/immutable/chunks/1ez_xjl8u_-5_.js:109:140046
    at sU (https://vercel.com/_next/static/immutable/chunks/1ez_xjl8u_-5_.js:109:140147)
    at ck (https://vercel.com/_next/static/immutable/chunks/1ez_xjl8u_-5_.js:109:174862)
    at MessagePort.C (https://vercel.com/_next/static/immutable/chunks/1ez_xjl8u_-5_.js:109:235590) {attributes: Object} @ https://vercel.com/_next/static/immutable/chunks/2sl1aftc4weqx.js:8
[  800168ms] [ERROR] Error: Missing param(s) [project] in link to route "/[teamSlug]/[project]/settings/integrations"
    at https://vercel.com/_next/static/immutable/chunks/3qi00qrpi2qml.js:2:2570
    at https://vercel.com/_next/static/immutable/chunks/3qi00qrpi2qml.js:2:5203
    at Object.oE [as useMemo] (https://vercel.com/_next/static/immutable/chunks/1ez_xjl8u_-5_.js:109:75491)
    at push.r.useMemo (https://vercel.com/_next/static/immutable/chunks/3yj28cgcsk539.js:2:22543)
    at https://vercel.com/_next/static/immutable/chunks/3qi00qrpi2qml.js:2:4527
    at tx (https://vercel.com/_next/static/immutable/chunks/2j7mrzldu8mz6.js:2:70041)
    at aj (https://vercel.com/_next/static/immutable/chunks/1ez_xjl8u_-5_.js:109:66413)
    at ic (https://vercel.com/_next/static/immutable/chunks/1ez_xjl8u_-5_.js:109:87432)
    at iL (https://vercel.com/_next/static/immutable/chunks/1ez_xjl8u_-5_.js:109:99301)
    at sZ (https://vercel.com/_next/static/immutable/chunks/1ez_xjl8u_-5_.js:109:145139)
    at https://vercel.com/_next/static/immutable/chunks/1ez_xjl8u_-5_.js:109:140046
    at sU (https://vercel.com/_next/static/immutable/chunks/1ez_xjl8u_-5_.js:109:140147)
    at ck (https://vercel.com/_next/static/immutable/chunks/1ez_xjl8u_-5_.js:109:174862)
    at MessagePort.C (https://vercel.com/_next/static/immutable/chunks/1ez_xjl8u_-5_.js:109:235590) {attributes: Object} @ https://vercel.com/_next/static/immutable/chunks/2sl1aftc4weqx.js:8
[  800169ms] [ERROR] Error: Missing param(s) [project] in link to route "/[teamSlug]/[project]/stores"
    at https://vercel.com/_next/static/immutable/chunks/3qi00qrpi2qml.js:2:2570
    at https://vercel.com/_next/static/immutable/chunks/3qi00qrpi2qml.js:2:5203
    at Object.oE [as useMemo] (https://vercel.com/_next/static/immutable/chunks/1ez_xjl8u_-5_.js:109:75491)
    at push.r.useMemo (https://vercel.com/_next/static/immutable/chunks/3yj28cgcsk539.js:2:22543)
    at https://vercel.com/_next/static/immutable/chunks/3qi00qrpi2qml.js:2:4527
    at tx (https://vercel.com/_next/static/immutable/chunks/2j7mrzldu8mz6.js:2:70041)
    at aj (https://vercel.com/_next/static/immutable/chunks/1ez_xjl8u_-5_.js:109:66413)
    at ic (https://vercel.com/_next/static/immutable/chunks/1ez_xjl8u_-5_.js:109:87432)
    at iL (https://vercel.com/_next/static/immutable/chunks/1ez_xjl8u_-5_.js:109:99301)
    at sZ (https://vercel.com/_next/static/immutable/chunks/1ez_xjl8u_-5_.js:109:145139)
    at https://vercel.com/_next/static/immutable/chunks/1ez_xjl8u_-5_.js:109:140046
    at sU (https://vercel.com/_next/static/immutable/chunks/1ez_xjl8u_-5_.js:109:140147)
    at ck (https://vercel.com/_next/static/immutable/chunks/1ez_xjl8u_-5_.js:109:174862)
    at MessagePort.C (https://vercel.com/_next/static/immutable/chunks/1ez_xjl8u_-5_.js:109:235590) {attributes: Object} @ https://vercel.com/_next/static/immutable/chunks/2sl1aftc4weqx.js:8
[  800170ms] [ERROR] Error: Missing param(s) [project] in link to route "/[teamSlug]/[project]/flags"
    at https://vercel.com/_next/static/immutable/chunks/3qi00qrpi2qml.js:2:2570
    at https://vercel.com/_next/static/immutable/chunks/3qi00qrpi2qml.js:2:5203
    at Object.oE [as useMemo] (https://vercel.com/_next/static/immutable/chunks/1ez_xjl8u_-5_.js:109:75491)
    at push.r.useMemo (https://vercel.com/_next/static/immutable/chunks/3yj28cgcsk539.js:2:22543)
    at https://vercel.com/_next/static/immutable/chunks/3qi00qrpi2qml.js:2:4527
    at tx (https://vercel.com/_next/static/immutable/chunks/2j7mrzldu8mz6.js:2:70041)
    at aj (https://vercel.com/_next/static/immutable/chunks/1ez_xjl8u_-5_.js:109:66413)
    at ic (https://vercel.com/_next/static/immutable/chunks/1ez_xjl8u_-5_.js:109:87432)
    at iL (https://vercel.com/_next/static/immutable/chunks/1ez_xjl8u_-5_.js:109:99301)
    at sZ (https://vercel.com/_next/static/immutable/chunks/1ez_xjl8u_-5_.js:109:145139)
    at https://vercel.com/_next/static/immutable/chunks/1ez_xjl8u_-5_.js:109:140046
    at sU (https://vercel.com/_next/static/immutable/chunks/1ez_xjl8u_-5_.js:109:140147)
    at ck (https://vercel.com/_next/static/immutable/chunks/1ez_xjl8u_-5_.js:109:174862)
    at MessagePort.C (https://vercel.com/_next/static/immutable/chunks/1ez_xjl8u_-5_.js:109:235590) {attributes: Object} @ https://vercel.com/_next/static/immutable/chunks/2sl1aftc4weqx.js:8
[  800171ms] [ERROR] Error: Missing param(s) [project] in link to route "/[teamSlug]/[project]/agent"
    at https://vercel.com/_next/static/immutable/chunks/3qi00qrpi2qml.js:2:2570
    at https://vercel.com/_next/static/immutable/chunks/3qi00qrpi2qml.js:2:5203
    at Object.oE [as useMemo] (https://vercel.com/_next/static/immutable/chunks/1ez_xjl8u_-5_.js:109:75491)
    at push.r.useMemo (https://vercel.com/_next/static/immutable/chunks/3yj28cgcsk539.js:2:22543)
    at https://vercel.com/_next/static/immutable/chunks/3qi00qrpi2qml.js:2:4527
    at tx (https://vercel.com/_next/static/immutable/chunks/2j7mrzldu8mz6.js:2:70041)
    at aj (https://vercel.com/_next/static/immutable/chunks/1ez_xjl8u_-5_.js:109:66413)
    at ic (https://vercel.com/_next/static/immutable/chunks/1ez_xjl8u_-5_.js:109:87432)
    at iL (https://vercel.com/_next/static/immutable/chunks/1ez_xjl8u_-5_.js:109:99301)
    at sZ (https://vercel.com/_next/static/immutable/chunks/1ez_xjl8u_-5_.js:109:145139)
    at https://vercel.com/_next/static/immutable/chunks/1ez_xjl8u_-5_.js:109:140046
    at sU (https://vercel.com/_next/static/immutable/chunks/1ez_xjl8u_-5_.js:109:140147)
    at ck (https://vercel.com/_next/static/immutable/chunks/1ez_xjl8u_-5_.js:109:174862)
    at MessagePort.C (https://vercel.com/_next/static/immutable/chunks/1ez_xjl8u_-5_.js:109:235590) {attributes: Object} @ https://vercel.com/_next/static/immutable/chunks/2sl1aftc4weqx.js:8
[  800172ms] [ERROR] Error: Missing param(s) [project] in link to route "/[teamSlug]/[project]/ai-gateway"
    at https://vercel.com/_next/static/immutable/chunks/3qi00qrpi2qml.js:2:2570
    at https://vercel.com/_next/static/immutable/chunks/3qi00qrpi2qml.js:2:5203
    at Object.oE [as useMemo] (https://vercel.com/_next/static/immutable/chunks/1ez_xjl8u_-5_.js:109:75491)
    at push.r.useMemo (https://vercel.com/_next/static/immutable/chunks/3yj28cgcsk539.js:2:22543)
    at https://vercel.com/_next/static/immutable/chunks/3qi00qrpi2qml.js:2:4527
    at tx (https://vercel.com/_next/static/immutable/chunks/2j7mrzldu8mz6.js:2:70041)
    at aj (https://vercel.com/_next/static/immutable/chunks/1ez_xjl8u_-5_.js:109:66413)
    at ic (https://vercel.com/_next/static/immutable/chunks/1ez_xjl8u_-5_.js:109:87432)
    at iL (https://vercel.com/_next/static/immutable/chunks/1ez_xjl8u_-5_.js:109:99301)
    at sZ (https://vercel.com/_next/static/immutable/chunks/1ez_xjl8u_-5_.js:109:145139)
    at https://vercel.com/_next/static/immutable/chunks/1ez_xjl8u_-5_.js:109:140046
    at sU (https://vercel.com/_next/static/immutable/chunks/1ez_xjl8u_-5_.js:109:140147)
    at ck (https://vercel.com/_next/static/immutable/chunks/1ez_xjl8u_-5_.js:109:174862)
    at MessagePort.C (https://vercel.com/_next/static/immutable/chunks/1ez_xjl8u_-5_.js:109:235590) {attributes: Object} @ https://vercel.com/_next/static/immutable/chunks/2sl1aftc4weqx.js:8
[  800173ms] [ERROR] Error: Missing param(s) [project] in link to route "/[teamSlug]/[project]/sandboxes"
    at https://vercel.com/_next/static/immutable/chunks/3qi00qrpi2qml.js:2:2570
    at https://vercel.com/_next/static/immutable/chunks/3qi00qrpi2qml.js:2:5203
    at Object.oE [as useMemo] (https://vercel.com/_next/static/immutable/chunks/1ez_xjl8u_-5_.js:109:75491)
    at push.r.useMemo (https://vercel.com/_next/static/immutable/chunks/3yj28cgcsk539.js:2:22543)
    at https://vercel.com/_next/static/immutable/chunks/3qi00qrpi2qml.js:2:4527
    at tx (https://vercel.com/_next/static/immutable/chunks/2j7mrzldu8mz6.js:2:70041)
    at aj (https://vercel.com/_next/static/immutable/chunks/1ez_xjl8u_-5_.js:109:66413)
    at ic (https://vercel.com/_next/static/immutable/chunks/1ez_xjl8u_-5_.js:109:87432)
    at iL (https://vercel.com/_next/static/immutable/chunks/1ez_xjl8u_-5_.js:109:99301)
    at sZ (https://vercel.com/_next/static/immutable/chunks/1ez_xjl8u_-5_.js:109:145139)
    at https://vercel.com/_next/static/immutable/chunks/1ez_xjl8u_-5_.js:109:140046
    at sU (https://vercel.com/_next/static/immutable/chunks/1ez_xjl8u_-5_.js:109:140147)
    at ck (https://vercel.com/_next/static/immutable/chunks/1ez_xjl8u_-5_.js:109:174862)
    at MessagePort.C (https://vercel.com/_next/static/immutable/chunks/1ez_xjl8u_-5_.js:109:235590) {attributes: Object} @ https://vercel.com/_next/static/immutable/chunks/2sl1aftc4weqx.js:8
[  800174ms] [ERROR] Error: Missing param(s) [project] in link to route "/[teamSlug]/[project]/workflows"
    at https://vercel.com/_next/static/immutable/chunks/3qi00qrpi2qml.js:2:2570
    at https://vercel.com/_next/static/immutable/chunks/3qi00qrpi2qml.js:2:5203
    at Object.oE [as useMemo] (https://vercel.com/_next/static/immutable/chunks/1ez_xjl8u_-5_.js:109:75491)
    at push.r.useMemo (https://vercel.com/_next/static/immutable/chunks/3yj28cgcsk539.js:2:22543)
    at https://vercel.com/_next/static/immutable/chunks/3qi00qrpi2qml.js:2:4527
    at tx (https://vercel.com/_next/static/immutable/chunks/2j7mrzldu8mz6.js:2:70041)
    at aj (https://vercel.com/_next/static/immutable/chunks/1ez_xjl8u_-5_.js:109:66413)
    at ic (https://vercel.com/_next/static/immutable/chunks/1ez_xjl8u_-5_.js:109:87432)
    at iL (https://vercel.com/_next/static/immutable/chunks/1ez_xjl8u_-5_.js:109:99301)
    at sZ (https://vercel.com/_next/static/immutable/chunks/1ez_xjl8u_-5_.js:109:145139)
    at https://vercel.com/_next/static/immutable/chunks/1ez_xjl8u_-5_.js:109:140046
    at sU (https://vercel.com/_next/static/immutable/chunks/1ez_xjl8u_-5_.js:109:140147)
    at ck (https://vercel.com/_next/static/immutable/chunks/1ez_xjl8u_-5_.js:109:174862)
    at MessagePort.C (https://vercel.com/_next/static/immutable/chunks/1ez_xjl8u_-5_.js:109:235590) {attributes: Object} @ https://vercel.com/_next/static/immutable/chunks/2sl1aftc4weqx.js:8
[  800175ms] [ERROR] Error: Missing param(s) [project] in link to route "/[teamSlug]/[project]/images"
    at https://vercel.com/_next/static/immutable/chunks/3qi00qrpi2qml.js:2:2570
    at https://vercel.com/_next/static/immutable/chunks/3qi00qrpi2qml.js:2:5203
    at Object.oE [as useMemo] (https://vercel.com/_next/static/immutable/chunks/1ez_xjl8u_-5_.js:109:75491)
    at push.r.useMemo (https://vercel.com/_next/static/immutable/chunks/3yj28cgcsk539.js:2:22543)
    at https://vercel.com/_next/static/immutable/chunks/3qi00qrpi2qml.js:2:4527
    at tx (https://vercel.com/_next/static/immutable/chunks/2j7mrzldu8mz6.js:2:70041)
    at aj (https://vercel.com/_next/static/immutable/chunks/1ez_xjl8u_-5_.js:109:66413)
    at ic (https://vercel.com/_next/static/immutable/chunks/1ez_xjl8u_-5_.js:109:87432)
    at iL (https://vercel.com/_next/static/immutable/chunks/1ez_xjl8u_-5_.js:109:99301)
    at sZ (https://vercel.com/_next/static/immutable/chunks/1ez_xjl8u_-5_.js:109:145139)
    at https://vercel.com/_next/static/immutable/chunks/1ez_xjl8u_-5_.js:109:140046
    at sU (https://vercel.com/_next/static/immutable/chunks/1ez_xjl8u_-5_.js:109:140147)
    at ck (https://vercel.com/_next/static/immutable/chunks/1ez_xjl8u_-5_.js:109:174862)
    at MessagePort.C (https://vercel.com/_next/static/immutable/chunks/1ez_xjl8u_-5_.js:109:235590) {attributes: Object} @ https://vercel.com/_next/static/immutable/chunks/2sl1aftc4weqx.js:8
[  800177ms] [ERROR] Error: Missing param(s) [project] in link to route "/[teamSlug]/[project]/usage"
    at https://vercel.com/_next/static/immutable/chunks/3qi00qrpi2qml.js:2:2570
    at https://vercel.com/_next/static/immutable/chunks/3qi00qrpi2qml.js:2:5203
    at Object.oE [as useMemo] (https://vercel.com/_next/static/immutable/chunks/1ez_xjl8u_-5_.js:109:75491)
    at push.r.useMemo (https://vercel.com/_next/static/immutable/chunks/3yj28cgcsk539.js:2:22543)
    at https://vercel.com/_next/static/immutable/chunks/3qi00qrpi2qml.js:2:4527
    at tx (https://vercel.com/_next/static/immutable/chunks/2j7mrzldu8mz6.js:2:70041)
    at aj (https://vercel.com/_next/static/immutable/chunks/1ez_xjl8u_-5_.js:109:66413)
    at ic (https://vercel.com/_next/static/immutable/chunks/1ez_xjl8u_-5_.js:109:87432)
    at iL (https://vercel.com/_next/static/immutable/chunks/1ez_xjl8u_-5_.js:109:99301)
    at sZ (https://vercel.com/_next/static/immutable/chunks/1ez_xjl8u_-5_.js:109:145139)
    at https://vercel.com/_next/static/immutable/chunks/1ez_xjl8u_-5_.js:109:140046
    at sU (https://vercel.com/_next/static/immutable/chunks/1ez_xjl8u_-5_.js:109:140147)
    at ck (https://vercel.com/_next/static/immutable/chunks/1ez_xjl8u_-5_.js:109:174862)
    at MessagePort.C (https://vercel.com/_next/static/immutable/chunks/1ez_xjl8u_-5_.js:109:235590) {attributes: Object} @ https://vercel.com/_next/static/immutable/chunks/2sl1aftc4weqx.js:8
[  800178ms] [ERROR] Error: Missing param(s) [project] in link to route "/[teamSlug]/[project]/support"
    at https://vercel.com/_next/static/immutable/chunks/3qi00qrpi2qml.js:2:2570
    at https://vercel.com/_next/static/immutable/chunks/3qi00qrpi2qml.js:2:5203
    at Object.oE [as useMemo] (https://vercel.com/_next/static/immutable/chunks/1ez_xjl8u_-5_.js:109:75491)
    at push.r.useMemo (https://vercel.com/_next/static/immutable/chunks/3yj28cgcsk539.js:2:22543)
    at https://vercel.com/_next/static/immutable/chunks/3qi00qrpi2qml.js:2:4527
    at tx (https://vercel.com/_next/static/immutable/chunks/2j7mrzldu8mz6.js:2:70041)
    at aj (https://vercel.com/_next/static/immutable/chunks/1ez_xjl8u_-5_.js:109:66413)
    at ic (https://vercel.com/_next/static/immutable/chunks/1ez_xjl8u_-5_.js:109:87432)
    at iL (https://vercel.com/_next/static/immutable/chunks/1ez_xjl8u_-5_.js:109:99301)
    at sZ (https://vercel.com/_next/static/immutable/chunks/1ez_xjl8u_-5_.js:109:145139)
    at https://vercel.com/_next/static/immutable/chunks/1ez_xjl8u_-5_.js:109:140046
    at sU (https://vercel.com/_next/static/immutable/chunks/1ez_xjl8u_-5_.js:109:140147)
    at ck (https://vercel.com/_next/static/immutable/chunks/1ez_xjl8u_-5_.js:109:174862)
    at MessagePort.C (https://vercel.com/_next/static/immutable/chunks/1ez_xjl8u_-5_.js:109:235590) {attributes: Object} @ https://vercel.com/_next/static/immutable/chunks/2sl1aftc4weqx.js:8
[  800180ms] [ERROR] Error: Missing param(s) [project] in link to route "/[teamSlug]/[project]/settings"
    at https://vercel.com/_next/static/immutable/chunks/3qi00qrpi2qml.js:2:2570
    at https://vercel.com/_next/static/immutable/chunks/3qi00qrpi2qml.js:2:5203
    at Object.oE [as useMemo] (https://vercel.com/_next/static/immutable/chunks/1ez_xjl8u_-5_.js:109:75491)
    at push.r.useMemo (https://vercel.com/_next/static/immutable/chunks/3yj28cgcsk539.js:2:22543)
    at https://vercel.com/_next/static/immutable/chunks/3qi00qrpi2qml.js:2:4527
    at tx (https://vercel.com/_next/static/immutable/chunks/2j7mrzldu8mz6.js:2:70041)
    at aj (https://vercel.com/_next/static/immutable/chunks/1ez_xjl8u_-5_.js:109:66413)
    at ic (https://vercel.com/_next/static/immutable/chunks/1ez_xjl8u_-5_.js:109:87432)
    at iL (https://vercel.com/_next/static/immutable/chunks/1ez_xjl8u_-5_.js:109:99301)
    at sZ (https://vercel.com/_next/static/immutable/chunks/1ez_xjl8u_-5_.js:109:145139)
    at https://vercel.com/_next/static/immutable/chunks/1ez_xjl8u_-5_.js:109:140046
    at sU (https://vercel.com/_next/static/immutable/chunks/1ez_xjl8u_-5_.js:109:140147)
    at ck (https://vercel.com/_next/static/immutable/chunks/1ez_xjl8u_-5_.js:109:174862)
    at MessagePort.C (https://vercel.com/_next/static/immutable/chunks/1ez_xjl8u_-5_.js:109:235590) {attributes: Object} @ https://vercel.com/_next/static/immutable/chunks/2sl1aftc4weqx.js:8
[  800222ms] [ERROR] Error: Missing param(s) [project] in link to route "/[teamSlug]/[project]"
    at https://vercel.com/_next/static/immutable/chunks/3qi00qrpi2qml.js:2:2570
    at https://vercel.com/_next/static/immutable/chunks/3qi00qrpi2qml.js:2:5203
    at Object.oE [as useMemo] (https://vercel.com/_next/static/immutable/chunks/1ez_xjl8u_-5_.js:109:75491)
    at push.r.useMemo (https://vercel.com/_next/static/immutable/chunks/3yj28cgcsk539.js:2:22543)
    at https://vercel.com/_next/static/immutable/chunks/3qi00qrpi2qml.js:2:4527
    at tx (https://vercel.com/_next/static/immutable/chunks/2j7mrzldu8mz6.js:2:70041)
    at aj (https://vercel.com/_next/static/immutable/chunks/1ez_xjl8u_-5_.js:109:66413)
    at ic (https://vercel.com/_next/static/immutable/chunks/1ez_xjl8u_-5_.js:109:87432)
    at iL (https://vercel.com/_next/static/immutable/chunks/1ez_xjl8u_-5_.js:109:99301)
    at sZ (https://vercel.com/_next/static/immutable/chunks/1ez_xjl8u_-5_.js:109:145139)
    at https://vercel.com/_next/static/immutable/chunks/1ez_xjl8u_-5_.js:109:140046
    at sU (https://vercel.com/_next/static/immutable/chunks/1ez_xjl8u_-5_.js:109:140147)
    at ck (https://vercel.com/_next/static/immutable/chunks/1ez_xjl8u_-5_.js:109:174862)
    at MessagePort.C (https://vercel.com/_next/static/immutable/chunks/1ez_xjl8u_-5_.js:109:235590) {attributes: Object} @ https://vercel.com/_next/static/immutable/chunks/2sl1aftc4weqx.js:8
[  800224ms] [ERROR] Error: Missing param(s) [project] in link to route "/[teamSlug]/[project]/deployments"
    at https://vercel.com/_next/static/immutable/chunks/3qi00qrpi2qml.js:2:2570
    at https://vercel.com/_next/static/immutable/chunks/3qi00qrpi2qml.js:2:5203
    at Object.oE [as useMemo] (https://vercel.com/_next/static/immutable/chunks/1ez_xjl8u_-5_.js:109:75491)
    at push.r.useMemo (https://vercel.com/_next/static/immutable/chunks/3yj28cgcsk539.js:2:22543)
    at https://vercel.com/_next/static/immutable/chunks/3qi00qrpi2qml.js:2:4527
    at tx (https://vercel.com/_next/static/immutable/chunks/2j7mrzldu8mz6.js:2:70041)
    at aj (https://vercel.com/_next/static/immutable/chunks/1ez_xjl8u_-5_.js:109:66413)
    at ic (https://vercel.com/_next/static/immutable/chunks/1ez_xjl8u_-5_.js:109:87432)
    at iL (https://vercel.com/_next/static/immutable/chunks/1ez_xjl8u_-5_.js:109:99301)
    at sZ (https://vercel.com/_next/static/immutable/chunks/1ez_xjl8u_-5_.js:109:145139)
    at https://vercel.com/_next/static/immutable/chunks/1ez_xjl8u_-5_.js:109:140046
    at sU (https://vercel.com/_next/static/immutable/chunks/1ez_xjl8u_-5_.js:109:140147)
    at ck (https://vercel.com/_next/static/immutable/chunks/1ez_xjl8u_-5_.js:109:174862)
    at MessagePort.C (https://vercel.com/_next/static/immutable/chunks/1ez_xjl8u_-5_.js:109:235590) {attributes: Object} @ https://vercel.com/_next/static/immutable/chunks/2sl1aftc4weqx.js:8
[  800225ms] [ERROR] Error: Missing param(s) [project] in link to route "/[teamSlug]/[project]/observability"
    at https://vercel.com/_next/static/immutable/chunks/3qi00qrpi2qml.js:2:2570
    at https://vercel.com/_next/static/immutable/chunks/3qi00qrpi2qml.js:2:5203
    at Object.oE [as useMemo] (https://vercel.com/_next/static/immutable/chunks/1ez_xjl8u_-5_.js:109:75491)
    at push.r.useMemo (https://vercel.com/_next/static/immutable/chunks/3yj28cgcsk539.js:2:22543)
    at https://vercel.com/_next/static/immutable/chunks/3qi00qrpi2qml.js:2:4527
    at tx (https://vercel.com/_next/static/immutable/chunks/2j7mrzldu8mz6.js:2:70041)
    at aj (https://vercel.com/_next/static/immutable/chunks/1ez_xjl8u_-5_.js:109:66413)
    at ic (https://vercel.com/_next/static/immutable/chunks/1ez_xjl8u_-5_.js:109:87432)
    at iL (https://vercel.com/_next/static/immutable/chunks/1ez_xjl8u_-5_.js:109:99301)
    at sZ (https://vercel.com/_next/static/immutable/chunks/1ez_xjl8u_-5_.js:109:145139)
    at https://vercel.com/_next/static/immutable/chunks/1ez_xjl8u_-5_.js:109:140046
    at sU (https://vercel.com/_next/static/immutable/chunks/1ez_xjl8u_-5_.js:109:140147)
    at ck (https://vercel.com/_next/static/immutable/chunks/1ez_xjl8u_-5_.js:109:174862)
    at MessagePort.C (https://vercel.com/_next/static/immutable/chunks/1ez_xjl8u_-5_.js:109:235590) {attributes: Object} @ https://vercel.com/_next/static/immutable/chunks/2sl1aftc4weqx.js:8
[  800226ms] [ERROR] Error: Missing param(s) [project] in link to route "/[teamSlug]/[project]/security"
    at https://vercel.com/_next/static/immutable/chunks/3qi00qrpi2qml.js:2:2570
    at https://vercel.com/_next/static/immutable/chunks/3qi00qrpi2qml.js:2:5203
    at Object.oE [as useMemo] (https://vercel.com/_next/static/immutable/chunks/1ez_xjl8u_-5_.js:109:75491)
    at push.r.useMemo (https://vercel.com/_next/static/immutable/chunks/3yj28cgcsk539.js:2:22543)
    at https://vercel.com/_next/static/immutable/chunks/3qi00qrpi2qml.js:2:4527
    at tx (https://vercel.com/_next/static/immutable/chunks/2j7mrzldu8mz6.js:2:70041)
    at aj (https://vercel.com/_next/static/immutable/chunks/1ez_xjl8u_-5_.js:109:66413)
    at ic (https://vercel.com/_next/static/immutable/chunks/1ez_xjl8u_-5_.js:109:87432)
    at iL (https://vercel.com/_next/static/immutable/chunks/1ez_xjl8u_-5_.js:109:99301)
    at sZ (https://vercel.com/_next/static/immutable/chunks/1ez_xjl8u_-5_.js:109:145139)
    at https://vercel.com/_next/static/immutable/chunks/1ez_xjl8u_-5_.js:109:140046
    at sU (https://vercel.com/_next/static/immutable/chunks/1ez_xjl8u_-5_.js:109:140147)
    at ck (https://vercel.com/_next/static/immutable/chunks/1ez_xjl8u_-5_.js:109:174862)
    at MessagePort.C (https://vercel.com/_next/static/immutable/chunks/1ez_xjl8u_-5_.js:109:235590) {attributes: Object} @ https://vercel.com/_next/static/immutable/chunks/2sl1aftc4weqx.js:8
[  800227ms] [ERROR] Error: Missing param(s) [project] in link to route "/[teamSlug]/[project]/cdn"
    at https://vercel.com/_next/static/immutable/chunks/3qi00qrpi2qml.js:2:2570
    at https://vercel.com/_next/static/immutable/chunks/3qi00qrpi2qml.js:2:5203
    at Object.oE [as useMemo] (https://vercel.com/_next/static/immutable/chunks/1ez_xjl8u_-5_.js:109:75491)
    at push.r.useMemo (https://vercel.com/_next/static/immutable/chunks/3yj28cgcsk539.js:2:22543)
    at https://vercel.com/_next/static/immutable/chunks/3qi00qrpi2qml.js:2:4527
    at tx (https://vercel.com/_next/static/immutable/chunks/2j7mrzldu8mz6.js:2:70041)
    at aj (https://vercel.com/_next/static/immutable/chunks/1ez_xjl8u_-5_.js:109:66413)
    at ic (https://vercel.com/_next/static/immutable/chunks/1ez_xjl8u_-5_.js:109:87432)
    at iL (https://vercel.com/_next/static/immutable/chunks/1ez_xjl8u_-5_.js:109:99301)
    at sZ (https://vercel.com/_next/static/immutable/chunks/1ez_xjl8u_-5_.js:109:145139)
    at https://vercel.com/_next/static/immutable/chunks/1ez_xjl8u_-5_.js:109:140046
    at sU (https://vercel.com/_next/static/immutable/chunks/1ez_xjl8u_-5_.js:109:140147)
    at ck (https://vercel.com/_next/static/immutable/chunks/1ez_xjl8u_-5_.js:109:174862)
    at MessagePort.C (https://vercel.com/_next/static/immutable/chunks/1ez_xjl8u_-5_.js:109:235590) {attributes: Object} @ https://vercel.com/_next/static/immutable/chunks/2sl1aftc4weqx.js:8
[  800228ms] [ERROR] Error: Missing param(s) [project] in link to route "/[teamSlug]/[project]/observability/vercel-functions"
    at https://vercel.com/_next/static/immutable/chunks/3qi00qrpi2qml.js:2:2570
    at https://vercel.com/_next/static/immutable/chunks/3qi00qrpi2qml.js:2:5203
    at Object.oE [as useMemo] (https://vercel.com/_next/static/immutable/chunks/1ez_xjl8u_-5_.js:109:75491)
    at push.r.useMemo (https://vercel.com/_next/static/immutable/chunks/3yj28cgcsk539.js:2:22543)
    at https://vercel.com/_next/static/immutable/chunks/3qi00qrpi2qml.js:2:4527
    at tx (https://vercel.com/_next/static/immutable/chunks/2j7mrzldu8mz6.js:2:70041)
    at aj (https://vercel.com/_next/static/immutable/chunks/1ez_xjl8u_-5_.js:109:66413)
    at ic (https://vercel.com/_next/static/immutable/chunks/1ez_xjl8u_-5_.js:109:87432)
    at iL (https://vercel.com/_next/static/immutable/chunks/1ez_xjl8u_-5_.js:109:99301)
    at sZ (https://vercel.com/_next/static/immutable/chunks/1ez_xjl8u_-5_.js:109:145139)
    at https://vercel.com/_next/static/immutable/chunks/1ez_xjl8u_-5_.js:109:140046
    at sU (https://vercel.com/_next/static/immutable/chunks/1ez_xjl8u_-5_.js:109:140147)
    at ck (https://vercel.com/_next/static/immutable/chunks/1ez_xjl8u_-5_.js:109:174862)
    at MessagePort.C (https://vercel.com/_next/static/immutable/chunks/1ez_xjl8u_-5_.js:109:235590) {attributes: Object} @ https://vercel.com/_next/static/immutable/chunks/2sl1aftc4weqx.js:8
[  800229ms] [ERROR] Error: Missing param(s) [project] in link to route "/[teamSlug]/[project]/ai-gateway"
    at https://vercel.com/_next/static/immutable/chunks/3qi00qrpi2qml.js:2:2570
    at https://vercel.com/_next/static/immutable/chunks/3qi00qrpi2qml.js:2:5203
    at Object.oE [as useMemo] (https://vercel.com/_next/static/immutable/chunks/1ez_xjl8u_-5_.js:109:75491)
    at push.r.useMemo (https://vercel.com/_next/static/immutable/chunks/3yj28cgcsk539.js:2:22543)
    at https://vercel.com/_next/static/immutable/chunks/3qi00qrpi2qml.js:2:4527
    at tx (https://vercel.com/_next/static/immutable/chunks/2j7mrzldu8mz6.js:2:70041)
    at aj (https://vercel.com/_next/static/immutable/chunks/1ez_xjl8u_-5_.js:109:66413)
    at ic (https://vercel.com/_next/static/immutable/chunks/1ez_xjl8u_-5_.js:109:87432)
    at iL (https://vercel.com/_next/static/immutable/chunks/1ez_xjl8u_-5_.js:109:99301)
    at sZ (https://vercel.com/_next/static/immutable/chunks/1ez_xjl8u_-5_.js:109:145139)
    at https://vercel.com/_next/static/immutable/chunks/1ez_xjl8u_-5_.js:109:140046
    at sU (https://vercel.com/_next/static/immutable/chunks/1ez_xjl8u_-5_.js:109:140147)
    at ck (https://vercel.com/_next/static/immutable/chunks/1ez_xjl8u_-5_.js:109:174862)
    at MessagePort.C (https://vercel.com/_next/static/immutable/chunks/1ez_xjl8u_-5_.js:109:235590) {attributes: Object} @ https://vercel.com/_next/static/immutable/chunks/2sl1aftc4weqx.js:8
[  800230ms] [ERROR] Error: Missing param(s) [project] in link to route "/[teamSlug]/[project]/flags"
    at https://vercel.com/_next/static/immutable/chunks/3qi00qrpi2qml.js:2:2570
    at https://vercel.com/_next/static/immutable/chunks/3qi00qrpi2qml.js:2:5203
    at Object.oE [as useMemo] (https://vercel.com/_next/static/immutable/chunks/1ez_xjl8u_-5_.js:109:75491)
    at push.r.useMemo (https://vercel.com/_next/static/immutable/chunks/3yj28cgcsk539.js:2:22543)
    at https://vercel.com/_next/static/immutable/chunks/3qi00qrpi2qml.js:2:4527
    at tx (https://vercel.com/_next/static/immutable/chunks/2j7mrzldu8mz6.js:2:70041)
    at aj (https://vercel.com/_next/static/immutable/chunks/1ez_xjl8u_-5_.js:109:66413)
    at ic (https://vercel.com/_next/static/immutable/chunks/1ez_xjl8u_-5_.js:109:87432)
    at iL (https://vercel.com/_next/static/immutable/chunks/1ez_xjl8u_-5_.js:109:99301)
    at sZ (https://vercel.com/_next/static/immutable/chunks/1ez_xjl8u_-5_.js:109:145139)
    at https://vercel.com/_next/static/immutable/chunks/1ez_xjl8u_-5_.js:109:140046
    at sU (https://vercel.com/_next/static/immutable/chunks/1ez_xjl8u_-5_.js:109:140147)
    at ck (https://vercel.com/_next/static/immutable/chunks/1ez_xjl8u_-5_.js:109:174862)
    at MessagePort.C (https://vercel.com/_next/static/immutable/chunks/1ez_xjl8u_-5_.js:109:235590) {attributes: Object} @ https://vercel.com/_next/static/immutable/chunks/2sl1aftc4weqx.js:8
[  800232ms] [ERROR] Error: Missing param(s) [project] in link to route "/[teamSlug]/[project]/settings/integrations"
    at https://vercel.com/_next/static/immutable/chunks/3qi00qrpi2qml.js:2:2570
    at https://vercel.com/_next/static/immutable/chunks/3qi00qrpi2qml.js:2:5203
    at Object.oE [as useMemo] (https://vercel.com/_next/static/immutable/chunks/1ez_xjl8u_-5_.js:109:75491)
    at push.r.useMemo (https://vercel.com/_next/static/immutable/chunks/3yj28cgcsk539.js:2:22543)
    at https://vercel.com/_next/static/immutable/chunks/3qi00qrpi2qml.js:2:4527
    at tx (https://vercel.com/_next/static/immutable/chunks/2j7mrzldu8mz6.js:2:70041)
    at aj (https://vercel.com/_next/static/immutable/chunks/1ez_xjl8u_-5_.js:109:66413)
    at ic (https://vercel.com/_next/static/immutable/chunks/1ez_xjl8u_-5_.js:109:87432)
    at iL (https://vercel.com/_next/static/immutable/chunks/1ez_xjl8u_-5_.js:109:99301)
    at sZ (https://vercel.com/_next/static/immutable/chunks/1ez_xjl8u_-5_.js:109:145139)
    at https://vercel.com/_next/static/immutable/chunks/1ez_xjl8u_-5_.js:109:140046
    at sU (https://vercel.com/_next/static/immutable/chunks/1ez_xjl8u_-5_.js:109:140147)
    at ck (https://vercel.com/_next/static/immutable/chunks/1ez_xjl8u_-5_.js:109:174862)
    at MessagePort.C (https://vercel.com/_next/static/immutable/chunks/1ez_xjl8u_-5_.js:109:235590) {attributes: Object} @ https://vercel.com/_next/static/immutable/chunks/2sl1aftc4weqx.js:8
[  800234ms] [ERROR] Error: Missing param(s) [project] in link to route "/[teamSlug]/[project]/agent"
    at https://vercel.com/_next/static/immutable/chunks/3qi00qrpi2qml.js:2:2570
    at https://vercel.com/_next/static/immutable/chunks/3qi00qrpi2qml.js:2:5203
    at Object.oE [as useMemo] (https://vercel.com/_next/static/immutable/chunks/1ez_xjl8u_-5_.js:109:75491)
    at push.r.useMemo (https://vercel.com/_next/static/immutable/chunks/3yj28cgcsk539.js:2:22543)
    at https://vercel.com/_next/static/immutable/chunks/3qi00qrpi2qml.js:2:4527
    at tx (https://vercel.com/_next/static/immutable/chunks/2j7mrzldu8mz6.js:2:70041)
    at aj (https://vercel.com/_next/static/immutable/chunks/1ez_xjl8u_-5_.js:109:66413)
    at ic (https://vercel.com/_next/static/immutable/chunks/1ez_xjl8u_-5_.js:109:87432)
    at iL (https://vercel.com/_next/static/immutable/chunks/1ez_xjl8u_-5_.js:109:99301)
    at sZ (https://vercel.com/_next/static/immutable/chunks/1ez_xjl8u_-5_.js:109:145139)
    at https://vercel.com/_next/static/immutable/chunks/1ez_xjl8u_-5_.js:109:140046
    at sU (https://vercel.com/_next/static/immutable/chunks/1ez_xjl8u_-5_.js:109:140147)
    at ck (https://vercel.com/_next/static/immutable/chunks/1ez_xjl8u_-5_.js:109:174862)
    at MessagePort.C (https://vercel.com/_next/static/immutable/chunks/1ez_xjl8u_-5_.js:109:235590) {attributes: Object} @ https://vercel.com/_next/static/immutable/chunks/2sl1aftc4weqx.js:8
[  800235ms] [ERROR] Error: Missing param(s) [project] in link to route "/[teamSlug]/[project]/usage"
    at https://vercel.com/_next/static/immutable/chunks/3qi00qrpi2qml.js:2:2570
    at https://vercel.com/_next/static/immutable/chunks/3qi00qrpi2qml.js:2:5203
    at Object.oE [as useMemo] (https://vercel.com/_next/static/immutable/chunks/1ez_xjl8u_-5_.js:109:75491)
    at push.r.useMemo (https://vercel.com/_next/static/immutable/chunks/3yj28cgcsk539.js:2:22543)
    at https://vercel.com/_next/static/immutable/chunks/3qi00qrpi2qml.js:2:4527
    at tx (https://vercel.com/_next/static/immutable/chunks/2j7mrzldu8mz6.js:2:70041)
    at aj (https://vercel.com/_next/static/immutable/chunks/1ez_xjl8u_-5_.js:109:66413)
    at ic (https://vercel.com/_next/static/immutable/chunks/1ez_xjl8u_-5_.js:109:87432)
    at iL (https://vercel.com/_next/static/immutable/chunks/1ez_xjl8u_-5_.js:109:99301)
    at sZ (https://vercel.com/_next/static/immutable/chunks/1ez_xjl8u_-5_.js:109:145139)
    at https://vercel.com/_next/static/immutable/chunks/1ez_xjl8u_-5_.js:109:140046
    at sU (https://vercel.com/_next/static/immutable/chunks/1ez_xjl8u_-5_.js:109:140147)
    at ck (https://vercel.com/_next/static/immutable/chunks/1ez_xjl8u_-5_.js:109:174862)
    at MessagePort.C (https://vercel.com/_next/static/immutable/chunks/1ez_xjl8u_-5_.js:109:235590) {attributes: Object} @ https://vercel.com/_next/static/immutable/chunks/2sl1aftc4weqx.js:8
[  800236ms] [ERROR] Error: Missing param(s) [project] in link to route "/[teamSlug]/[project]/settings"
    at https://vercel.com/_next/static/immutable/chunks/3qi00qrpi2qml.js:2:2570
    at https://vercel.com/_next/static/immutable/chunks/3qi00qrpi2qml.js:2:5203
    at Object.oE [as useMemo] (https://vercel.com/_next/static/immutable/chunks/1ez_xjl8u_-5_.js:109:75491)
    at push.r.useMemo (https://vercel.com/_next/static/immutable/chunks/3yj28cgcsk539.js:2:22543)
    at https://vercel.com/_next/static/immutable/chunks/3qi00qrpi2qml.js:2:4527
    at tx (https://vercel.com/_next/static/immutable/chunks/2j7mrzldu8mz6.js:2:70041)
    at aj (https://vercel.com/_next/static/immutable/chunks/1ez_xjl8u_-5_.js:109:66413)
    at ic (https://vercel.com/_next/static/immutable/chunks/1ez_xjl8u_-5_.js:109:87432)
    at iL (https://vercel.com/_next/static/immutable/chunks/1ez_xjl8u_-5_.js:109:99301)
    at sZ (https://vercel.com/_next/static/immutable/chunks/1ez_xjl8u_-5_.js:109:145139)
    at https://vercel.com/_next/static/immutable/chunks/1ez_xjl8u_-5_.js:109:140046
    at sU (https://vercel.com/_next/static/immutable/chunks/1ez_xjl8u_-5_.js:109:140147)
    at ck (https://vercel.com/_next/static/immutable/chunks/1ez_xjl8u_-5_.js:109:174862)
    at MessagePort.C (https://vercel.com/_next/static/immutable/chunks/1ez_xjl8u_-5_.js:109:235590) {attributes: Object} @ https://vercel.com/_next/static/immutable/chunks/2sl1aftc4weqx.js:8
[  800237ms] [ERROR] Error: Missing param(s) [project] in link to route "/[teamSlug]/[project]/support"
    at https://vercel.com/_next/static/immutable/chunks/3qi00qrpi2qml.js:2:2570
    at https://vercel.com/_next/static/immutable/chunks/3qi00qrpi2qml.js:2:5203
    at Object.oE [as useMemo] (https://vercel.com/_next/static/immutable/chunks/1ez_xjl8u_-5_.js:109:75491)
    at push.r.useMemo (https://vercel.com/_next/static/immutable/chunks/3yj28cgcsk539.js:2:22543)
    at https://vercel.com/_next/static/immutable/chunks/3qi00qrpi2qml.js:2:4527
    at tx (https://vercel.com/_next/static/immutable/chunks/2j7mrzldu8mz6.js:2:70041)
    at aj (https://vercel.com/_next/static/immutable/chunks/1ez_xjl8u_-5_.js:109:66413)
    at ic (https://vercel.com/_next/static/immutable/chunks/1ez_xjl8u_-5_.js:109:87432)
    at iL (https://vercel.com/_next/static/immutable/chunks/1ez_xjl8u_-5_.js:109:99301)
    at sZ (https://vercel.com/_next/static/immutable/chunks/1ez_xjl8u_-5_.js:109:145139)
    at https://vercel.com/_next/static/immutable/chunks/1ez_xjl8u_-5_.js:109:140046
    at sU (https://vercel.com/_next/static/immutable/chunks/1ez_xjl8u_-5_.js:109:140147)
    at ck (https://vercel.com/_next/static/immutable/chunks/1ez_xjl8u_-5_.js:109:174862)
    at MessagePort.C (https://vercel.com/_next/static/immutable/chunks/1ez_xjl8u_-5_.js:109:235590) {attributes: Object} @ https://vercel.com/_next/static/immutable/chunks/2sl1aftc4weqx.js:8
[  800251ms] [ERROR] Error: Missing param(s) [project] in link to route "/[teamSlug]/[project]/deployments"
    at https://vercel.com/_next/static/immutable/chunks/3qi00qrpi2qml.js:2:2570
    at https://vercel.com/_next/static/immutable/chunks/3qi00qrpi2qml.js:2:5203
    at Object.useMemo (https://vercel.com/_next/static/immutable/chunks/1ez_xjl8u_-5_.js:109:79852)
    at push.r.useMemo (https://vercel.com/_next/static/immutable/chunks/3yj28cgcsk539.js:2:22543)
    at https://vercel.com/_next/static/immutable/chunks/3qi00qrpi2qml.js:2:4527
    at tT (https://vercel.com/_next/static/immutable/chunks/2j7mrzldu8mz6.js:2:83624)
    at aj (https://vercel.com/_next/static/immutable/chunks/1ez_xjl8u_-5_.js:109:66413)
    at ic (https://vercel.com/_next/static/immutable/chunks/1ez_xjl8u_-5_.js:109:87432)
    at iL (https://vercel.com/_next/static/immutable/chunks/1ez_xjl8u_-5_.js:109:99301)
    at sZ (https://vercel.com/_next/static/immutable/chunks/1ez_xjl8u_-5_.js:109:145139)
    at https://vercel.com/_next/static/immutable/chunks/1ez_xjl8u_-5_.js:109:140046
    at sU (https://vercel.com/_next/static/immutable/chunks/1ez_xjl8u_-5_.js:109:140147)
    at ck (https://vercel.com/_next/static/immutable/chunks/1ez_xjl8u_-5_.js:109:174862)
    at MessagePort.C (https://vercel.com/_next/static/immutable/chunks/1ez_xjl8u_-5_.js:109:235590) {attributes: Object} @ https://vercel.com/_next/static/immutable/chunks/2sl1aftc4weqx.js:8
[  800252ms] [ERROR] Error: Missing param(s) [project] in link to route "/[teamSlug]/[project]/settings/environments"
    at https://vercel.com/_next/static/immutable/chunks/3qi00qrpi2qml.js:2:2570
    at https://vercel.com/_next/static/immutable/chunks/3qi00qrpi2qml.js:2:5203
    at Object.useMemo (https://vercel.com/_next/static/immutable/chunks/1ez_xjl8u_-5_.js:109:79852)
    at push.r.useMemo (https://vercel.com/_next/static/immutable/chunks/3yj28cgcsk539.js:2:22543)
    at https://vercel.com/_next/static/immutable/chunks/3qi00qrpi2qml.js:2:4527
    at tT (https://vercel.com/_next/static/immutable/chunks/2j7mrzldu8mz6.js:2:83624)
    at aj (https://vercel.com/_next/static/immutable/chunks/1ez_xjl8u_-5_.js:109:66413)
    at ic (https://vercel.com/_next/static/immutable/chunks/1ez_xjl8u_-5_.js:109:87432)
    at iL (https://vercel.com/_next/static/immutable/chunks/1ez_xjl8u_-5_.js:109:99301)
    at sZ (https://vercel.com/_next/static/immutable/chunks/1ez_xjl8u_-5_.js:109:145139)
    at https://vercel.com/_next/static/immutable/chunks/1ez_xjl8u_-5_.js:109:140046
    at sU (https://vercel.com/_next/static/immutable/chunks/1ez_xjl8u_-5_.js:109:140147)
    at ck (https://vercel.com/_next/static/immutable/chunks/1ez_xjl8u_-5_.js:109:174862)
    at MessagePort.C (https://vercel.com/_next/static/immutable/chunks/1ez_xjl8u_-5_.js:109:235590) {attributes: Object} @ https://vercel.com/_next/static/immutable/chunks/2sl1aftc4weqx.js:8
[  800253ms] [ERROR] Error: Missing param(s) [project] in link to route "/[teamSlug]/[project]/settings/build-and-deployment"
    at https://vercel.com/_next/static/immutable/chunks/3qi00qrpi2qml.js:2:2570
    at https://vercel.com/_next/static/immutable/chunks/3qi00qrpi2qml.js:2:5203
    at Object.useMemo (https://vercel.com/_next/static/immutable/chunks/1ez_xjl8u_-5_.js:109:79852)
    at push.r.useMemo (https://vercel.com/_next/static/immutable/chunks/3yj28cgcsk539.js:2:22543)
    at https://vercel.com/_next/static/immutable/chunks/3qi00qrpi2qml.js:2:4527
    at tT (https://vercel.com/_next/static/immutable/chunks/2j7mrzldu8mz6.js:2:83624)
    at aj (https://vercel.com/_next/static/immutable/chunks/1ez_xjl8u_-5_.js:109:66413)
    at ic (https://vercel.com/_next/static/immutable/chunks/1ez_xjl8u_-5_.js:109:87432)
    at iL (https://vercel.com/_next/static/immutable/chunks/1ez_xjl8u_-5_.js:109:99301)
    at sZ (https://vercel.com/_next/static/immutable/chunks/1ez_xjl8u_-5_.js:109:145139)
    at https://vercel.com/_next/static/immutable/chunks/1ez_xjl8u_-5_.js:109:140046
    at sU (https://vercel.com/_next/static/immutable/chunks/1ez_xjl8u_-5_.js:109:140147)
    at ck (https://vercel.com/_next/static/immutable/chunks/1ez_xjl8u_-5_.js:109:174862)
    at MessagePort.C (https://vercel.com/_next/static/immutable/chunks/1ez_xjl8u_-5_.js:109:235590) {attributes: Object} @ https://vercel.com/_next/static/immutable/chunks/2sl1aftc4weqx.js:8
[  800254ms] [ERROR] Error: Missing param(s) [project] in link to route "/[teamSlug]/[project]/observability/build-diagnostics"
    at https://vercel.com/_next/static/immutable/chunks/3qi00qrpi2qml.js:2:2570
    at https://vercel.com/_next/static/immutable/chunks/3qi00qrpi2qml.js:2:5203
    at Object.useMemo (https://vercel.com/_next/static/immutable/chunks/1ez_xjl8u_-5_.js:109:79852)
    at push.r.useMemo (https://vercel.com/_next/static/immutable/chunks/3yj28cgcsk539.js:2:22543)
    at https://vercel.com/_next/static/immutable/chunks/3qi00qrpi2qml.js:2:4527
    at tT (https://vercel.com/_next/static/immutable/chunks/2j7mrzldu8mz6.js:2:83624)
    at aj (https://vercel.com/_next/static/immutable/chunks/1ez_xjl8u_-5_.js:109:66413)
    at ic (https://vercel.com/_next/static/immutable/chunks/1ez_xjl8u_-5_.js:109:87432)
    at iL (https://vercel.com/_next/static/immutable/chunks/1ez_xjl8u_-5_.js:109:99301)
    at sZ (https://vercel.com/_next/static/immutable/chunks/1ez_xjl8u_-5_.js:109:145139)
    at https://vercel.com/_next/static/immutable/chunks/1ez_xjl8u_-5_.js:109:140046
    at sU (https://vercel.com/_next/static/immutable/chunks/1ez_xjl8u_-5_.js:109:140147)
    at ck (https://vercel.com/_next/static/immutable/chunks/1ez_xjl8u_-5_.js:109:174862)
    at MessagePort.C (https://vercel.com/_next/static/immutable/chunks/1ez_xjl8u_-5_.js:109:235590) {attributes: Object} @ https://vercel.com/_next/static/immutable/chunks/2sl1aftc4weqx.js:8
[  800255ms] [ERROR] Error: Missing param(s) [project] in link to route "/[teamSlug]/[project]/settings/git"
    at https://vercel.com/_next/static/immutable/chunks/3qi00qrpi2qml.js:2:2570
    at https://vercel.com/_next/static/immutable/chunks/3qi00qrpi2qml.js:2:5203
    at Object.useMemo (https://vercel.com/_next/static/immutable/chunks/1ez_xjl8u_-5_.js:109:79852)
    at push.r.useMemo (https://vercel.com/_next/static/immutable/chunks/3yj28cgcsk539.js:2:22543)
    at https://vercel.com/_next/static/immutable/chunks/3qi00qrpi2qml.js:2:4527
    at tT (https://vercel.com/_next/static/immutable/chunks/2j7mrzldu8mz6.js:2:83624)
    at aj (https://vercel.com/_next/static/immutable/chunks/1ez_xjl8u_-5_.js:109:66413)
    at ic (https://vercel.com/_next/static/immutable/chunks/1ez_xjl8u_-5_.js:109:87432)
    at iL (https://vercel.com/_next/static/immutable/chunks/1ez_xjl8u_-5_.js:109:99301)
    at sZ (https://vercel.com/_next/static/immutable/chunks/1ez_xjl8u_-5_.js:109:145139)
    at https://vercel.com/_next/static/immutable/chunks/1ez_xjl8u_-5_.js:109:140046
    at sU (https://vercel.com/_next/static/immutable/chunks/1ez_xjl8u_-5_.js:109:140147)
    at ck (https://vercel.com/_next/static/immutable/chunks/1ez_xjl8u_-5_.js:109:174862)
    at MessagePort.C (https://vercel.com/_next/static/immutable/chunks/1ez_xjl8u_-5_.js:109:235590) {attributes: Object} @ https://vercel.com/_next/static/immutable/chunks/2sl1aftc4weqx.js:8
[  800287ms] [ERROR] Error: Missing param(s) [project] in link to route "/[teamSlug]/[project]"
    at https://vercel.com/_next/static/immutable/chunks/3qi00qrpi2qml.js:2:2570
    at https://vercel.com/_next/static/immutable/chunks/3qi00qrpi2qml.js:2:3908
    at aj (https://vercel.com/_next/static/immutable/chunks/1ez_xjl8u_-5_.js:109:66413)
    at ic (https://vercel.com/_next/static/immutable/chunks/1ez_xjl8u_-5_.js:109:87432)
    at iL (https://vercel.com/_next/static/immutable/chunks/1ez_xjl8u_-5_.js:109:99301)
    at sZ (https://vercel.com/_next/static/immutable/chunks/1ez_xjl8u_-5_.js:109:145139)
    at https://vercel.com/_next/static/immutable/chunks/1ez_xjl8u_-5_.js:109:140046
    at sU (https://vercel.com/_next/static/immutable/chunks/1ez_xjl8u_-5_.js:109:140147)
    at ck (https://vercel.com/_next/static/immutable/chunks/1ez_xjl8u_-5_.js:109:174862)
    at MessagePort.C (https://vercel.com/_next/static/immutable/chunks/1ez_xjl8u_-5_.js:109:235590) {attributes: Object} @ https://vercel.com/_next/static/immutable/chunks/2sl1aftc4weqx.js:8
[  800306ms] [ERROR] Error: Missing param(s) [project] in link to route "/[teamSlug]/[project]/deployments"
    at https://vercel.com/_next/static/immutable/chunks/3qi00qrpi2qml.js:2:2570
    at https://vercel.com/_next/static/immutable/chunks/3qi00qrpi2qml.js:2:3908
    at aj (https://vercel.com/_next/static/immutable/chunks/1ez_xjl8u_-5_.js:109:66413)
    at ic (https://vercel.com/_next/static/immutable/chunks/1ez_xjl8u_-5_.js:109:87432)
    at iL (https://vercel.com/_next/static/immutable/chunks/1ez_xjl8u_-5_.js:109:99301)
    at sZ (https://vercel.com/_next/static/immutable/chunks/1ez_xjl8u_-5_.js:109:145139)
    at https://vercel.com/_next/static/immutable/chunks/1ez_xjl8u_-5_.js:109:140046
    at sU (https://vercel.com/_next/static/immutable/chunks/1ez_xjl8u_-5_.js:109:140147)
    at ck (https://vercel.com/_next/static/immutable/chunks/1ez_xjl8u_-5_.js:109:174862)
    at MessagePort.C (https://vercel.com/_next/static/immutable/chunks/1ez_xjl8u_-5_.js:109:235590) {attributes: Object} @ https://vercel.com/_next/static/immutable/chunks/2sl1aftc4weqx.js:8
[  800310ms] [ERROR] Error: Missing param(s) [project] in link to route "/[teamSlug]/[project]/deployments"
    at https://vercel.com/_next/static/immutable/chunks/3qi00qrpi2qml.js:2:2570
    at https://vercel.com/_next/static/immutable/chunks/3qi00qrpi2qml.js:2:3908
    at aj (https://vercel.com/_next/static/immutable/chunks/1ez_xjl8u_-5_.js:109:66413)
    at ic (https://vercel.com/_next/static/immutable/chunks/1ez_xjl8u_-5_.js:109:87432)
    at iL (https://vercel.com/_next/static/immutable/chunks/1ez_xjl8u_-5_.js:109:99301)
    at sZ (https://vercel.com/_next/static/immutable/chunks/1ez_xjl8u_-5_.js:109:145139)
    at https://vercel.com/_next/static/immutable/chunks/1ez_xjl8u_-5_.js:109:140046
    at sU (https://vercel.com/_next/static/immutable/chunks/1ez_xjl8u_-5_.js:109:140147)
    at ck (https://vercel.com/_next/static/immutable/chunks/1ez_xjl8u_-5_.js:109:174862)
    at MessagePort.C (https://vercel.com/_next/static/immutable/chunks/1ez_xjl8u_-5_.js:109:235590) {attributes: Object} @ https://vercel.com/_next/static/immutable/chunks/2sl1aftc4weqx.js:8
[  800336ms] [ERROR] Error: Missing param(s) [project], [id] in link to route "/[teamSlug]/[project]/[id]"
    at https://vercel.com/_next/static/immutable/chunks/3qi00qrpi2qml.js:2:2570
    at https://vercel.com/_next/static/immutable/chunks/3qi00qrpi2qml.js:2:5203
    at Object.useMemo (https://vercel.com/_next/static/immutable/chunks/1ez_xjl8u_-5_.js:109:79852)
    at push.r.useMemo (https://vercel.com/_next/static/immutable/chunks/3yj28cgcsk539.js:2:22543)
    at https://vercel.com/_next/static/immutable/chunks/3qi00qrpi2qml.js:2:4527
    at c (https://vercel.com/_next/static/immutable/chunks/3oc81hqdy7vft.js:2:5164)
    at aj (https://vercel.com/_next/static/immutable/chunks/1ez_xjl8u_-5_.js:109:66413)
    at ic (https://vercel.com/_next/static/immutable/chunks/1ez_xjl8u_-5_.js:109:87432)
    at iL (https://vercel.com/_next/static/immutable/chunks/1ez_xjl8u_-5_.js:109:99301)
    at sZ (https://vercel.com/_next/static/immutable/chunks/1ez_xjl8u_-5_.js:109:145139)
    at https://vercel.com/_next/static/immutable/chunks/1ez_xjl8u_-5_.js:109:140046
    at sU (https://vercel.com/_next/static/immutable/chunks/1ez_xjl8u_-5_.js:109:140147)
    at ck (https://vercel.com/_next/static/immutable/chunks/1ez_xjl8u_-5_.js:109:174862)
    at MessagePort.C (https://vercel.com/_next/static/immutable/chunks/1ez_xjl8u_-5_.js:109:235590) {attributes: Object} @ https://vercel.com/_next/static/immutable/chunks/2sl1aftc4weqx.js:8
[  800337ms] [ERROR] Error: Missing param(s) [project], [id] in link to route "/[teamSlug]/[project]/[id]/logs"
    at https://vercel.com/_next/static/immutable/chunks/3qi00qrpi2qml.js:2:2570
    at https://vercel.com/_next/static/immutable/chunks/3qi00qrpi2qml.js:2:5203
    at Object.useMemo (https://vercel.com/_next/static/immutable/chunks/1ez_xjl8u_-5_.js:109:79852)
    at push.r.useMemo (https://vercel.com/_next/static/immutable/chunks/3yj28cgcsk539.js:2:22543)
    at https://vercel.com/_next/static/immutable/chunks/3qi00qrpi2qml.js:2:4527
    at c (https://vercel.com/_next/static/immutable/chunks/3oc81hqdy7vft.js:2:5164)
    at aj (https://vercel.com/_next/static/immutable/chunks/1ez_xjl8u_-5_.js:109:66413)
    at ic (https://vercel.com/_next/static/immutable/chunks/1ez_xjl8u_-5_.js:109:87432)
    at iL (https://vercel.com/_next/static/immutable/chunks/1ez_xjl8u_-5_.js:109:99301)
    at sZ (https://vercel.com/_next/static/immutable/chunks/1ez_xjl8u_-5_.js:109:145139)
    at https://vercel.com/_next/static/immutable/chunks/1ez_xjl8u_-5_.js:109:140046
    at sU (https://vercel.com/_next/static/immutable/chunks/1ez_xjl8u_-5_.js:109:140147)
    at ck (https://vercel.com/_next/static/immutable/chunks/1ez_xjl8u_-5_.js:109:174862)
    at MessagePort.C (https://vercel.com/_next/static/immutable/chunks/1ez_xjl8u_-5_.js:109:235590) {attributes: Object} @ https://vercel.com/_next/static/immutable/chunks/2sl1aftc4weqx.js:8
[  800338ms] [ERROR] Error: Missing param(s) [project], [id] in link to route "/[teamSlug]/[project]/[id]/resources"
    at https://vercel.com/_next/static/immutable/chunks/3qi00qrpi2qml.js:2:2570
    at https://vercel.com/_next/static/immutable/chunks/3qi00qrpi2qml.js:2:5203
    at Object.useMemo (https://vercel.com/_next/static/immutable/chunks/1ez_xjl8u_-5_.js:109:79852)
    at push.r.useMemo (https://vercel.com/_next/static/immutable/chunks/3yj28cgcsk539.js:2:22543)
    at https://vercel.com/_next/static/immutable/chunks/3qi00qrpi2qml.js:2:4527
    at c (https://vercel.com/_next/static/immutable/chunks/3oc81hqdy7vft.js:2:5164)
    at aj (https://vercel.com/_next/static/immutable/chunks/1ez_xjl8u_-5_.js:109:66413)
    at ic (https://vercel.com/_next/static/immutable/chunks/1ez_xjl8u_-5_.js:109:87432)
    at iL (https://vercel.com/_next/static/immutable/chunks/1ez_xjl8u_-5_.js:109:99301)
    at sZ (https://vercel.com/_next/static/immutable/chunks/1ez_xjl8u_-5_.js:109:145139)
    at https://vercel.com/_next/static/immutable/chunks/1ez_xjl8u_-5_.js:109:140046
    at sU (https://vercel.com/_next/static/immutable/chunks/1ez_xjl8u_-5_.js:109:140147)
    at ck (https://vercel.com/_next/static/immutable/chunks/1ez_xjl8u_-5_.js:109:174862)
    at MessagePort.C (https://vercel.com/_next/static/immutable/chunks/1ez_xjl8u_-5_.js:109:235590) {attributes: Object} @ https://vercel.com/_next/static/immutable/chunks/2sl1aftc4weqx.js:8
[  800340ms] [ERROR] Error: Missing param(s) [project], [id] in link to route "/[teamSlug]/[project]/[id]/source"
    at https://vercel.com/_next/static/immutable/chunks/3qi00qrpi2qml.js:2:2570
    at https://vercel.com/_next/static/immutable/chunks/3qi00qrpi2qml.js:2:5203
    at Object.useMemo (https://vercel.com/_next/static/immutable/chunks/1ez_xjl8u_-5_.js:109:79852)
    at push.r.useMemo (https://vercel.com/_next/static/immutable/chunks/3yj28cgcsk539.js:2:22543)
    at https://vercel.com/_next/static/immutable/chunks/3qi00qrpi2qml.js:2:4527
    at c (https://vercel.com/_next/static/immutable/chunks/3oc81hqdy7vft.js:2:5164)
    at aj (https://vercel.com/_next/static/immutable/chunks/1ez_xjl8u_-5_.js:109:66413)
    at ic (https://vercel.com/_next/static/immutable/chunks/1ez_xjl8u_-5_.js:109:87432)
    at iL (https://vercel.com/_next/static/immutable/chunks/1ez_xjl8u_-5_.js:109:99301)
    at sZ (https://vercel.com/_next/static/immutable/chunks/1ez_xjl8u_-5_.js:109:145139)
    at https://vercel.com/_next/static/immutable/chunks/1ez_xjl8u_-5_.js:109:140046
    at sU (https://vercel.com/_next/static/immutable/chunks/1ez_xjl8u_-5_.js:109:140147)
    at ck (https://vercel.com/_next/static/immutable/chunks/1ez_xjl8u_-5_.js:109:174862)
    at MessagePort.C (https://vercel.com/_next/static/immutable/chunks/1ez_xjl8u_-5_.js:109:235590) {attributes: Object} @ https://vercel.com/_next/static/immutable/chunks/2sl1aftc4weqx.js:8
[  800342ms] [ERROR] Error: Missing param(s) [project], [id] in link to route "/[teamSlug]/[project]/[id]/og"
    at https://vercel.com/_next/static/immutable/chunks/3qi00qrpi2qml.js:2:2570
    at https://vercel.com/_next/static/immutable/chunks/3qi00qrpi2qml.js:2:5203
    at Object.useMemo (https://vercel.com/_next/static/immutable/chunks/1ez_xjl8u_-5_.js:109:79852)
    at push.r.useMemo (https://vercel.com/_next/static/immutable/chunks/3yj28cgcsk539.js:2:22543)
    at https://vercel.com/_next/static/immutable/chunks/3qi00qrpi2qml.js:2:4527
    at c (https://vercel.com/_next/static/immutable/chunks/3oc81hqdy7vft.js:2:5164)
    at aj (https://vercel.com/_next/static/immutable/chunks/1ez_xjl8u_-5_.js:109:66413)
    at ic (https://vercel.com/_next/static/immutable/chunks/1ez_xjl8u_-5_.js:109:87432)
    at iL (https://vercel.com/_next/static/immutable/chunks/1ez_xjl8u_-5_.js:109:99301)
    at sZ (https://vercel.com/_next/static/immutable/chunks/1ez_xjl8u_-5_.js:109:145139)
    at https://vercel.com/_next/static/immutable/chunks/1ez_xjl8u_-5_.js:109:140046
    at sU (https://vercel.com/_next/static/immutable/chunks/1ez_xjl8u_-5_.js:109:140147)
    at ck (https://vercel.com/_next/static/immutable/chunks/1ez_xjl8u_-5_.js:109:174862)
    at MessagePort.C (https://vercel.com/_next/static/immutable/chunks/1ez_xjl8u_-5_.js:109:235590) {attributes: Object} @ https://vercel.com/_next/static/immutable/chunks/2sl1aftc4weqx.js:8
[  800365ms] [ERROR] Error: Missing param(s) [project] in link to route "/[teamSlug]/[project]/logs"
    at https://vercel.com/_next/static/immutable/chunks/3qi00qrpi2qml.js:2:2570
    at push.e.s.route (https://vercel.com/_next/static/immutable/chunks/3qi00qrpi2qml.js:2:3588)
    at aj (https://vercel.com/_next/static/immutable/chunks/1ez_xjl8u_-5_.js:109:66413)
    at ic (https://vercel.com/_next/static/immutable/chunks/1ez_xjl8u_-5_.js:109:87432)
    at iL (https://vercel.com/_next/static/immutable/chunks/1ez_xjl8u_-5_.js:109:99301)
    at sZ (https://vercel.com/_next/static/immutable/chunks/1ez_xjl8u_-5_.js:109:145139)
    at https://vercel.com/_next/static/immutable/chunks/1ez_xjl8u_-5_.js:109:140046
    at sU (https://vercel.com/_next/static/immutable/chunks/1ez_xjl8u_-5_.js:109:140147)
    at ck (https://vercel.com/_next/static/immutable/chunks/1ez_xjl8u_-5_.js:109:174862)
    at MessagePort.C (https://vercel.com/_next/static/immutable/chunks/1ez_xjl8u_-5_.js:109:235590) {attributes: Object} @ https://vercel.com/_next/static/immutable/chunks/2sl1aftc4weqx.js:8
[  800497ms] [ERROR] Failed to load resource: the server responded with a status of 400 () @ https://vercel.com/e62b3a9e28ed8bca/event:0
[  801241ms] [ERROR] Error: Missing param(s) [project] in link to route "/[teamSlug]/[project]/logs"
    at https://vercel.com/_next/static/immutable/chunks/3qi00qrpi2qml.js:2:2570
    at push.e.s.route (https://vercel.com/_next/static/immutable/chunks/3qi00qrpi2qml.js:2:3588)
    at aj (https://vercel.com/_next/static/immutable/chunks/1ez_xjl8u_-5_.js:109:66413)
    at ic (https://vercel.com/_next/static/immutable/chunks/1ez_xjl8u_-5_.js:109:87432)
    at iL (https://vercel.com/_next/static/immutable/chunks/1ez_xjl8u_-5_.js:109:99301)
    at sZ (https://vercel.com/_next/static/immutable/chunks/1ez_xjl8u_-5_.js:109:145139)
    at https://vercel.com/_next/static/immutable/chunks/1ez_xjl8u_-5_.js:109:144984
    at sX (https://vercel.com/_next/static/immutable/chunks/1ez_xjl8u_-5_.js:109:144992)
    at sU (https://vercel.com/_next/static/immutable/chunks/1ez_xjl8u_-5_.js:109:140153)
    at cS (https://vercel.com/_next/static/immutable/chunks/1ez_xjl8u_-5_.js:109:174983)
    at cy (https://vercel.com/_next/static/immutable/chunks/1ez_xjl8u_-5_.js:109:172886)
    at s9 (https://vercel.com/_next/static/immutable/chunks/1ez_xjl8u_-5_.js:109:169140)
    at https://vercel.com/_next/static/immutable/chunks/1ez_xjl8u_-5_.js:109:165761
    at s3 (https://vercel.com/_next/static/immutable/chunks/1ez_xjl8u_-5_.js:109:165767)
    at sB (https://vercel.com/_next/static/immutable/chunks/1ez_xjl8u_-5_.js:109:143359)
    at sU (https://vercel.com/_next/static/immutable/chunks/1ez_xjl8u_-5_.js:109:141518)
    at ck (https://vercel.com/_next/static/immutable/chunks/1ez_xjl8u_-5_.js:109:174862)
    at MessagePort.C (https://vercel.com/_next/static/immutable/chunks/1ez_xjl8u_-5_.js:109:235590) {attributes: Object} @ https://vercel.com/_next/static/immutable/chunks/2sl1aftc4weqx.js:8
[  803755ms] [ERROR] Error: Missing param(s) [project] in link to route "/[teamSlug]/[project]"
    at https://vercel.com/_next/static/immutable/chunks/3qi00qrpi2qml.js:2:2570
    at https://vercel.com/_next/static/immutable/chunks/3qi00qrpi2qml.js:2:3908
    at aj (https://vercel.com/_next/static/immutable/chunks/1ez_xjl8u_-5_.js:109:66413)
    at ic (https://vercel.com/_next/static/immutable/chunks/1ez_xjl8u_-5_.js:109:87432)
    at iL (https://vercel.com/_next/static/immutable/chunks/1ez_xjl8u_-5_.js:109:99301)
    at sZ (https://vercel.com/_next/static/immutable/chunks/1ez_xjl8u_-5_.js:109:145139)
    at https://vercel.com/_next/static/immutable/chunks/1ez_xjl8u_-5_.js:109:144984
    at sX (https://vercel.com/_next/static/immutable/chunks/1ez_xjl8u_-5_.js:109:144992)
    at sU (https://vercel.com/_next/static/immutable/chunks/1ez_xjl8u_-5_.js:109:140153)
    at cS (https://vercel.com/_next/static/immutable/chunks/1ez_xjl8u_-5_.js:109:174983)
    at cy (https://vercel.com/_next/static/immutable/chunks/1ez_xjl8u_-5_.js:109:172886)
    at c_ (https://vercel.com/_next/static/immutable/chunks/1ez_xjl8u_-5_.js:109:173243)
    at https://vercel.com/_next/static/immutable/chunks/1ez_xjl8u_-5_.js:109:175042 {attributes: Object} @ https://vercel.com/_next/static/immutable/chunks/2sl1aftc4weqx.js:8
[  803759ms] [ERROR] Error: Missing param(s) [project] in link to route "/[teamSlug]/[project]"
    at https://vercel.com/_next/static/immutable/chunks/3qi00qrpi2qml.js:2:2570
    at https://vercel.com/_next/static/immutable/chunks/3qi00qrpi2qml.js:2:5203
    at Object.oE [as useMemo] (https://vercel.com/_next/static/immutable/chunks/1ez_xjl8u_-5_.js:109:75491)
    at push.r.useMemo (https://vercel.com/_next/static/immutable/chunks/3yj28cgcsk539.js:2:22543)
    at https://vercel.com/_next/static/immutable/chunks/3qi00qrpi2qml.js:2:4527
    at tx (https://vercel.com/_next/static/immutable/chunks/2j7mrzldu8mz6.js:2:70041)
    at aj (https://vercel.com/_next/static/immutable/chunks/1ez_xjl8u_-5_.js:109:66413)
    at ic (https://vercel.com/_next/static/immutable/chunks/1ez_xjl8u_-5_.js:109:87432)
    at iL (https://vercel.com/_next/static/immutable/chunks/1ez_xjl8u_-5_.js:109:99301)
    at sZ (https://vercel.com/_next/static/immutable/chunks/1ez_xjl8u_-5_.js:109:145139)
    at https://vercel.com/_next/static/immutable/chunks/1ez_xjl8u_-5_.js:109:144984
    at sX (https://vercel.com/_next/static/immutable/chunks/1ez_xjl8u_-5_.js:109:144992)
    at sU (https://vercel.com/_next/static/immutable/chunks/1ez_xjl8u_-5_.js:109:140153)
    at cS (https://vercel.com/_next/static/immutable/chunks/1ez_xjl8u_-5_.js:109:174983)
    at cy (https://vercel.com/_next/static/immutable/chunks/1ez_xjl8u_-5_.js:109:172886)
    at c_ (https://vercel.com/_next/static/immutable/chunks/1ez_xjl8u_-5_.js:109:173243)
    at https://vercel.com/_next/static/immutable/chunks/1ez_xjl8u_-5_.js:109:175042 {attributes: Object} @ https://vercel.com/_next/static/immutable/chunks/2sl1aftc4weqx.js:8
[  803761ms] [ERROR] Error: Missing param(s) [project] in link to route "/[teamSlug]/[project]/deployments"
    at https://vercel.com/_next/static/immutable/chunks/3qi00qrpi2qml.js:2:2570
    at https://vercel.com/_next/static/immutable/chunks/3qi00qrpi2qml.js:2:5203
    at Object.oE [as useMemo] (https://vercel.com/_next/static/immutable/chunks/1ez_xjl8u_-5_.js:109:75491)
    at push.r.useMemo (https://vercel.com/_next/static/immutable/chunks/3yj28cgcsk539.js:2:22543)
    at https://vercel.com/_next/static/immutable/chunks/3qi00qrpi2qml.js:2:4527
    at tx (https://vercel.com/_next/static/immutable/chunks/2j7mrzldu8mz6.js:2:70041)
    at aj (https://vercel.com/_next/static/immutable/chunks/1ez_xjl8u_-5_.js:109:66413)
    at ic (https://vercel.com/_next/static/immutable/chunks/1ez_xjl8u_-5_.js:109:87432)
    at iL (https://vercel.com/_next/static/immutable/chunks/1ez_xjl8u_-5_.js:109:99301)
    at sZ (https://vercel.com/_next/static/immutable/chunks/1ez_xjl8u_-5_.js:109:145139)
    at https://vercel.com/_next/static/immutable/chunks/1ez_xjl8u_-5_.js:109:144984
    at sX (https://vercel.com/_next/static/immutable/chunks/1ez_xjl8u_-5_.js:109:144992)
    at sU (https://vercel.com/_next/static/immutable/chunks/1ez_xjl8u_-5_.js:109:140153)
    at cS (https://vercel.com/_next/static/immutable/chunks/1ez_xjl8u_-5_.js:109:174983)
    at cy (https://vercel.com/_next/static/immutable/chunks/1ez_xjl8u_-5_.js:109:172886)
    at c_ (https://vercel.com/_next/static/immutable/chunks/1ez_xjl8u_-5_.js:109:173243)
    at https://vercel.com/_next/static/immutable/chunks/1ez_xjl8u_-5_.js:109:175042 {attributes: Object} @ https://vercel.com/_next/static/immutable/chunks/2sl1aftc4weqx.js:8
[  803762ms] [ERROR] Error: Missing param(s) [project] in link to route "/[teamSlug]/[project]/logs"
    at https://vercel.com/_next/static/immutable/chunks/3qi00qrpi2qml.js:2:2570
    at https://vercel.com/_next/static/immutable/chunks/3qi00qrpi2qml.js:2:5203
    at Object.oE [as useMemo] (https://vercel.com/_next/static/immutable/chunks/1ez_xjl8u_-5_.js:109:75491)
    at push.r.useMemo (https://vercel.com/_next/static/immutable/chunks/3yj28cgcsk539.js:2:22543)
    at https://vercel.com/_next/static/immutable/chunks/3qi00qrpi2qml.js:2:4527
    at tx (https://vercel.com/_next/static/immutable/chunks/2j7mrzldu8mz6.js:2:70041)
    at aj (https://vercel.com/_next/static/immutable/chunks/1ez_xjl8u_-5_.js:109:66413)
    at ic (https://vercel.com/_next/static/immutable/chunks/1ez_xjl8u_-5_.js:109:87432)
    at iL (https://vercel.com/_next/static/immutable/chunks/1ez_xjl8u_-5_.js:109:99301)
    at sZ (https://vercel.com/_next/static/immutable/chunks/1ez_xjl8u_-5_.js:109:145139)
    at https://vercel.com/_next/static/immutable/chunks/1ez_xjl8u_-5_.js:109:144984
    at sX (https://vercel.com/_next/static/immutable/chunks/1ez_xjl8u_-5_.js:109:144992)
    at sU (https://vercel.com/_next/static/immutable/chunks/1ez_xjl8u_-5_.js:109:140153)
    at cS (https://vercel.com/_next/static/immutable/chunks/1ez_xjl8u_-5_.js:109:174983)
    at cy (https://vercel.com/_next/static/immutable/chunks/1ez_xjl8u_-5_.js:109:172886)
    at c_ (https://vercel.com/_next/static/immutable/chunks/1ez_xjl8u_-5_.js:109:173243)
    at https://vercel.com/_next/static/immutable/chunks/1ez_xjl8u_-5_.js:109:175042 {attributes: Object} @ https://vercel.com/_next/static/immutable/chunks/2sl1aftc4weqx.js:8
[  803764ms] [ERROR] Error: Missing param(s) [project] in link to route "/[teamSlug]/[project]/analytics"
    at https://vercel.com/_next/static/immutable/chunks/3qi00qrpi2qml.js:2:2570
    at https://vercel.com/_next/static/immutable/chunks/3qi00qrpi2qml.js:2:5203
    at Object.oE [as useMemo] (https://vercel.com/_next/static/immutable/chunks/1ez_xjl8u_-5_.js:109:75491)
    at push.r.useMemo (https://vercel.com/_next/static/immutable/chunks/3yj28cgcsk539.js:2:22543)
    at https://vercel.com/_next/static/immutable/chunks/3qi00qrpi2qml.js:2:4527
    at tx (https://vercel.com/_next/static/immutable/chunks/2j7mrzldu8mz6.js:2:70041)
    at aj (https://vercel.com/_next/static/immutable/chunks/1ez_xjl8u_-5_.js:109:66413)
    at ic (https://vercel.com/_next/static/immutable/chunks/1ez_xjl8u_-5_.js:109:87432)
    at iL (https://vercel.com/_next/static/immutable/chunks/1ez_xjl8u_-5_.js:109:99301)
    at sZ (https://vercel.com/_next/static/immutable/chunks/1ez_xjl8u_-5_.js:109:145139)
    at https://vercel.com/_next/static/immutable/chunks/1ez_xjl8u_-5_.js:109:144984
    at sX (https://vercel.com/_next/static/immutable/chunks/1ez_xjl8u_-5_.js:109:144992)
    at sU (https://vercel.com/_next/static/immutable/chunks/1ez_xjl8u_-5_.js:109:140153)
    at cS (https://vercel.com/_next/static/immutable/chunks/1ez_xjl8u_-5_.js:109:174983)
    at cy (https://vercel.com/_next/static/immutable/chunks/1ez_xjl8u_-5_.js:109:172886)
    at c_ (https://vercel.com/_next/static/immutable/chunks/1ez_xjl8u_-5_.js:109:173243)
    at https://vercel.com/_next/static/immutable/chunks/1ez_xjl8u_-5_.js:109:175042 {attributes: Object} @ https://vercel.com/_next/static/immutable/chunks/2sl1aftc4weqx.js:8
[  803765ms] [ERROR] Error: Missing param(s) [project] in link to route "/[teamSlug]/[project]/speed-insights"
    at https://vercel.com/_next/static/immutable/chunks/3qi00qrpi2qml.js:2:2570
    at https://vercel.com/_next/static/immutable/chunks/3qi00qrpi2qml.js:2:5203
    at Object.oE [as useMemo] (https://vercel.com/_next/static/immutable/chunks/1ez_xjl8u_-5_.js:109:75491)
    at push.r.useMemo (https://vercel.com/_next/static/immutable/chunks/3yj28cgcsk539.js:2:22543)
    at https://vercel.com/_next/static/immutable/chunks/3qi00qrpi2qml.js:2:4527
    at tx (https://vercel.com/_next/static/immutable/chunks/2j7mrzldu8mz6.js:2:70041)
    at aj (https://vercel.com/_next/static/immutable/chunks/1ez_xjl8u_-5_.js:109:66413)
    at ic (https://vercel.com/_next/static/immutable/chunks/1ez_xjl8u_-5_.js:109:87432)
    at iL (https://vercel.com/_next/static/immutable/chunks/1ez_xjl8u_-5_.js:109:99301)
    at sZ (https://vercel.com/_next/static/immutable/chunks/1ez_xjl8u_-5_.js:109:145139)
    at https://vercel.com/_next/static/immutable/chunks/1ez_xjl8u_-5_.js:109:144984
    at sX (https://vercel.com/_next/static/immutable/chunks/1ez_xjl8u_-5_.js:109:144992)
    at sU (https://vercel.com/_next/static/immutable/chunks/1ez_xjl8u_-5_.js:109:140153)
    at cS (https://vercel.com/_next/static/immutable/chunks/1ez_xjl8u_-5_.js:109:174983)
    at cy (https://vercel.com/_next/static/immutable/chunks/1ez_xjl8u_-5_.js:109:172886)
    at c_ (https://vercel.com/_next/static/immutable/chunks/1ez_xjl8u_-5_.js:109:173243)
    at https://vercel.com/_next/static/immutable/chunks/1ez_xjl8u_-5_.js:109:175042 {attributes: Object} @ https://vercel.com/_next/static/immutable/chunks/2sl1aftc4weqx.js:8
[  803766ms] [ERROR] Error: Missing param(s) [project] in link to route "/[teamSlug]/[project]/observability"
    at https://vercel.com/_next/static/immutable/chunks/3qi00qrpi2qml.js:2:2570
    at https://vercel.com/_next/static/immutable/chunks/3qi00qrpi2qml.js:2:5203
    at Object.oE [as useMemo] (https://vercel.com/_next/static/immutable/chunks/1ez_xjl8u_-5_.js:109:75491)
    at push.r.useMemo (https://vercel.com/_next/static/immutable/chunks/3yj28cgcsk539.js:2:22543)
    at https://vercel.com/_next/static/immutable/chunks/3qi00qrpi2qml.js:2:4527
    at tx (https://vercel.com/_next/static/immutable/chunks/2j7mrzldu8mz6.js:2:70041)
    at aj (https://vercel.com/_next/static/immutable/chunks/1ez_xjl8u_-5_.js:109:66413)
    at ic (https://vercel.com/_next/static/immutable/chunks/1ez_xjl8u_-5_.js:109:87432)
    at iL (https://vercel.com/_next/static/immutable/chunks/1ez_xjl8u_-5_.js:109:99301)
    at sZ (https://vercel.com/_next/static/immutable/chunks/1ez_xjl8u_-5_.js:109:145139)
    at https://vercel.com/_next/static/immutable/chunks/1ez_xjl8u_-5_.js:109:144984
    at sX (https://vercel.com/_next/static/immutable/chunks/1ez_xjl8u_-5_.js:109:144992)
    at sU (https://vercel.com/_next/static/immutable/chunks/1ez_xjl8u_-5_.js:109:140153)
    at cS (https://vercel.com/_next/static/immutable/chunks/1ez_xjl8u_-5_.js:109:174983)
    at cy (https://vercel.com/_next/static/immutable/chunks/1ez_xjl8u_-5_.js:109:172886)
    at c_ (https://vercel.com/_next/static/immutable/chunks/1ez_xjl8u_-5_.js:109:173243)
    at https://vercel.com/_next/static/immutable/chunks/1ez_xjl8u_-5_.js:109:175042 {attributes: Object} @ https://vercel.com/_next/static/immutable/chunks/2sl1aftc4weqx.js:8
[  803767ms] [ERROR] Error: Missing param(s) [project] in link to route "/[teamSlug]/[project]/firewall"
    at https://vercel.com/_next/static/immutable/chunks/3qi00qrpi2qml.js:2:2570
    at https://vercel.com/_next/static/immutable/chunks/3qi00qrpi2qml.js:2:5203
    at Object.oE [as useMemo] (https://vercel.com/_next/static/immutable/chunks/1ez_xjl8u_-5_.js:109:75491)
    at push.r.useMemo (https://vercel.com/_next/static/immutable/chunks/3yj28cgcsk539.js:2:22543)
    at https://vercel.com/_next/static/immutable/chunks/3qi00qrpi2qml.js:2:4527
    at tx (https://vercel.com/_next/static/immutable/chunks/2j7mrzldu8mz6.js:2:70041)
    at aj (https://vercel.com/_next/static/immutable/chunks/1ez_xjl8u_-5_.js:109:66413)
    at ic (https://vercel.com/_next/static/immutable/chunks/1ez_xjl8u_-5_.js:109:87432)
    at iL (https://vercel.com/_next/static/immutable/chunks/1ez_xjl8u_-5_.js:109:99301)
    at sZ (https://vercel.com/_next/static/immutable/chunks/1ez_xjl8u_-5_.js:109:145139)
    at https://vercel.com/_next/static/immutable/chunks/1ez_xjl8u_-5_.js:109:144984
    at sX (https://vercel.com/_next/static/immutable/chunks/1ez_xjl8u_-5_.js:109:144992)
    at sU (https://vercel.com/_next/static/immutable/chunks/1ez_xjl8u_-5_.js:109:140153)
    at cS (https://vercel.com/_next/static/immutable/chunks/1ez_xjl8u_-5_.js:109:174983)
    at cy (https://vercel.com/_next/static/immutable/chunks/1ez_xjl8u_-5_.js:109:172886)
    at c_ (https://vercel.com/_next/static/immutable/chunks/1ez_xjl8u_-5_.js:109:173243)
    at https://vercel.com/_next/static/immutable/chunks/1ez_xjl8u_-5_.js:109:175042 {attributes: Object} @ https://vercel.com/_next/static/immutable/chunks/2sl1aftc4weqx.js:8
[  803768ms] [ERROR] Error: Missing param(s) [project] in link to route "/[teamSlug]/[project]/cdn"
    at https://vercel.com/_next/static/immutable/chunks/3qi00qrpi2qml.js:2:2570
    at https://vercel.com/_next/static/immutable/chunks/3qi00qrpi2qml.js:2:5203
    at Object.oE [as useMemo] (https://vercel.com/_next/static/immutable/chunks/1ez_xjl8u_-5_.js:109:75491)
    at push.r.useMemo (https://vercel.com/_next/static/immutable/chunks/3yj28cgcsk539.js:2:22543)
    at https://vercel.com/_next/static/immutable/chunks/3qi00qrpi2qml.js:2:4527
    at tx (https://vercel.com/_next/static/immutable/chunks/2j7mrzldu8mz6.js:2:70041)
    at aj (https://vercel.com/_next/static/immutable/chunks/1ez_xjl8u_-5_.js:109:66413)
    at ic (https://vercel.com/_next/static/immutable/chunks/1ez_xjl8u_-5_.js:109:87432)
    at iL (https://vercel.com/_next/static/immutable/chunks/1ez_xjl8u_-5_.js:109:99301)
    at sZ (https://vercel.com/_next/static/immutable/chunks/1ez_xjl8u_-5_.js:109:145139)
    at https://vercel.com/_next/static/immutable/chunks/1ez_xjl8u_-5_.js:109:144984
    at sX (https://vercel.com/_next/static/immutable/chunks/1ez_xjl8u_-5_.js:109:144992)
    at sU (https://vercel.com/_next/static/immutable/chunks/1ez_xjl8u_-5_.js:109:140153)
    at cS (https://vercel.com/_next/static/immutable/chunks/1ez_xjl8u_-5_.js:109:174983)
    at cy (https://vercel.com/_next/static/immutable/chunks/1ez_xjl8u_-5_.js:109:172886)
    at c_ (https://vercel.com/_next/static/immutable/chunks/1ez_xjl8u_-5_.js:109:173243)
    at https://vercel.com/_next/static/immutable/chunks/1ez_xjl8u_-5_.js:109:175042 {attributes: Object} @ https://vercel.com/_next/static/immutable/chunks/2sl1aftc4weqx.js:8
[  803769ms] [ERROR] Error: Missing param(s) [project] in link to route "/[teamSlug]/[project]/settings/environment-variables"
    at https://vercel.com/_next/static/immutable/chunks/3qi00qrpi2qml.js:2:2570
    at https://vercel.com/_next/static/immutable/chunks/3qi00qrpi2qml.js:2:5203
    at Object.oE [as useMemo] (https://vercel.com/_next/static/immutable/chunks/1ez_xjl8u_-5_.js:109:75491)
    at push.r.useMemo (https://vercel.com/_next/static/immutable/chunks/3yj28cgcsk539.js:2:22543)
    at https://vercel.com/_next/static/immutable/chunks/3qi00qrpi2qml.js:2:4527
    at tx (https://vercel.com/_next/static/immutable/chunks/2j7mrzldu8mz6.js:2:70041)
    at aj (https://vercel.com/_next/static/immutable/chunks/1ez_xjl8u_-5_.js:109:66413)
    at ic (https://vercel.com/_next/static/immutable/chunks/1ez_xjl8u_-5_.js:109:87432)
    at iL (https://vercel.com/_next/static/immutable/chunks/1ez_xjl8u_-5_.js:109:99301)
    at sZ (https://vercel.com/_next/static/immutable/chunks/1ez_xjl8u_-5_.js:109:145139)
    at https://vercel.com/_next/static/immutable/chunks/1ez_xjl8u_-5_.js:109:144984
    at sX (https://vercel.com/_next/static/immutable/chunks/1ez_xjl8u_-5_.js:109:144992)
    at sU (https://vercel.com/_next/static/immutable/chunks/1ez_xjl8u_-5_.js:109:140153)
    at cS (https://vercel.com/_next/static/immutable/chunks/1ez_xjl8u_-5_.js:109:174983)
    at cy (https://vercel.com/_next/static/immutable/chunks/1ez_xjl8u_-5_.js:109:172886)
    at c_ (https://vercel.com/_next/static/immutable/chunks/1ez_xjl8u_-5_.js:109:173243)
    at https://vercel.com/_next/static/immutable/chunks/1ez_xjl8u_-5_.js:109:175042 {attributes: Object} @ https://vercel.com/_next/static/immutable/chunks/2sl1aftc4weqx.js:8
[  803770ms] [ERROR] Error: Missing param(s) [project] in link to route "/[teamSlug]/[project]/settings/domains"
    at https://vercel.com/_next/static/immutable/chunks/3qi00qrpi2qml.js:2:2570
    at https://vercel.com/_next/static/immutable/chunks/3qi00qrpi2qml.js:2:5203
    at Object.oE [as useMemo] (https://vercel.com/_next/static/immutable/chunks/1ez_xjl8u_-5_.js:109:75491)
    at push.r.useMemo (https://vercel.com/_next/static/immutable/chunks/3yj28cgcsk539.js:2:22543)
    at https://vercel.com/_next/static/immutable/chunks/3qi00qrpi2qml.js:2:4527
    at tx (https://vercel.com/_next/static/immutable/chunks/2j7mrzldu8mz6.js:2:70041)
    at aj (https://vercel.com/_next/static/immutable/chunks/1ez_xjl8u_-5_.js:109:66413)
    at ic (https://vercel.com/_next/static/immutable/chunks/1ez_xjl8u_-5_.js:109:87432)
    at iL (https://vercel.com/_next/static/immutable/chunks/1ez_xjl8u_-5_.js:109:99301)
    at sZ (https://vercel.com/_next/static/immutable/chunks/1ez_xjl8u_-5_.js:109:145139)
    at https://vercel.com/_next/static/immutable/chunks/1ez_xjl8u_-5_.js:109:144984
    at sX (https://vercel.com/_next/static/immutable/chunks/1ez_xjl8u_-5_.js:109:144992)
    at sU (https://vercel.com/_next/static/immutable/chunks/1ez_xjl8u_-5_.js:109:140153)
    at cS (https://vercel.com/_next/static/immutable/chunks/1ez_xjl8u_-5_.js:109:174983)
    at cy (https://vercel.com/_next/static/immutable/chunks/1ez_xjl8u_-5_.js:109:172886)
    at c_ (https://vercel.com/_next/static/immutable/chunks/1ez_xjl8u_-5_.js:109:173243)
    at https://vercel.com/_next/static/immutable/chunks/1ez_xjl8u_-5_.js:109:175042 {attributes: Object} @ https://vercel.com/_next/static/immutable/chunks/2sl1aftc4weqx.js:8
[  803771ms] [ERROR] Error: Missing param(s) [project] in link to route "/[teamSlug]/[project]/connect"
    at https://vercel.com/_next/static/immutable/chunks/3qi00qrpi2qml.js:2:2570
    at https://vercel.com/_next/static/immutable/chunks/3qi00qrpi2qml.js:2:5203
    at Object.oE [as useMemo] (https://vercel.com/_next/static/immutable/chunks/1ez_xjl8u_-5_.js:109:75491)
    at push.r.useMemo (https://vercel.com/_next/static/immutable/chunks/3yj28cgcsk539.js:2:22543)
    at https://vercel.com/_next/static/immutable/chunks/3qi00qrpi2qml.js:2:4527
    at tx (https://vercel.com/_next/static/immutable/chunks/2j7mrzldu8mz6.js:2:70041)
    at aj (https://vercel.com/_next/static/immutable/chunks/1ez_xjl8u_-5_.js:109:66413)
    at ic (https://vercel.com/_next/static/immutable/chunks/1ez_xjl8u_-5_.js:109:87432)
    at iL (https://vercel.com/_next/static/immutable/chunks/1ez_xjl8u_-5_.js:109:99301)
    at sZ (https://vercel.com/_next/static/immutable/chunks/1ez_xjl8u_-5_.js:109:145139)
    at https://vercel.com/_next/static/immutable/chunks/1ez_xjl8u_-5_.js:109:144984
    at sX (https://vercel.com/_next/static/immutable/chunks/1ez_xjl8u_-5_.js:109:144992)
    at sU (https://vercel.com/_next/static/immutable/chunks/1ez_xjl8u_-5_.js:109:140153)
    at cS (https://vercel.com/_next/static/immutable/chunks/1ez_xjl8u_-5_.js:109:174983)
    at cy (https://vercel.com/_next/static/immutable/chunks/1ez_xjl8u_-5_.js:109:172886)
    at c_ (https://vercel.com/_next/static/immutable/chunks/1ez_xjl8u_-5_.js:109:173243)
    at https://vercel.com/_next/static/immutable/chunks/1ez_xjl8u_-5_.js:109:175042 {attributes: Object} @ https://vercel.com/_next/static/immutable/chunks/2sl1aftc4weqx.js:8
[  803772ms] [ERROR] Error: Missing param(s) [project] in link to route "/[teamSlug]/[project]/settings/integrations"
    at https://vercel.com/_next/static/immutable/chunks/3qi00qrpi2qml.js:2:2570
    at https://vercel.com/_next/static/immutable/chunks/3qi00qrpi2qml.js:2:5203
    at Object.oE [as useMemo] (https://vercel.com/_next/static/immutable/chunks/1ez_xjl8u_-5_.js:109:75491)
    at push.r.useMemo (https://vercel.com/_next/static/immutable/chunks/3yj28cgcsk539.js:2:22543)
    at https://vercel.com/_next/static/immutable/chunks/3qi00qrpi2qml.js:2:4527
    at tx (https://vercel.com/_next/static/immutable/chunks/2j7mrzldu8mz6.js:2:70041)
    at aj (https://vercel.com/_next/static/immutable/chunks/1ez_xjl8u_-5_.js:109:66413)
    at ic (https://vercel.com/_next/static/immutable/chunks/1ez_xjl8u_-5_.js:109:87432)
    at iL (https://vercel.com/_next/static/immutable/chunks/1ez_xjl8u_-5_.js:109:99301)
    at sZ (https://vercel.com/_next/static/immutable/chunks/1ez_xjl8u_-5_.js:109:145139)
    at https://vercel.com/_next/static/immutable/chunks/1ez_xjl8u_-5_.js:109:144984
    at sX (https://vercel.com/_next/static/immutable/chunks/1ez_xjl8u_-5_.js:109:144992)
    at sU (https://vercel.com/_next/static/immutable/chunks/1ez_xjl8u_-5_.js:109:140153)
    at cS (https://vercel.com/_next/static/immutable/chunks/1ez_xjl8u_-5_.js:109:174983)
    at cy (https://vercel.com/_next/static/immutable/chunks/1ez_xjl8u_-5_.js:109:172886)
    at c_ (https://vercel.com/_next/static/immutable/chunks/1ez_xjl8u_-5_.js:109:173243)
    at https://vercel.com/_next/static/immutable/chunks/1ez_xjl8u_-5_.js:109:175042 {attributes: Object} @ https://vercel.com/_next/static/immutable/chunks/2sl1aftc4weqx.js:8
[  803773ms] [ERROR] Error: Missing param(s) [project] in link to route "/[teamSlug]/[project]/stores"
    at https://vercel.com/_next/static/immutable/chunks/3qi00qrpi2qml.js:2:2570
    at https://vercel.com/_next/static/immutable/chunks/3qi00qrpi2qml.js:2:5203
    at Object.oE [as useMemo] (https://vercel.com/_next/static/immutable/chunks/1ez_xjl8u_-5_.js:109:75491)
    at push.r.useMemo (https://vercel.com/_next/static/immutable/chunks/3yj28cgcsk539.js:2:22543)
    at https://vercel.com/_next/static/immutable/chunks/3qi00qrpi2qml.js:2:4527
    at tx (https://vercel.com/_next/static/immutable/chunks/2j7mrzldu8mz6.js:2:70041)
    at aj (https://vercel.com/_next/static/immutable/chunks/1ez_xjl8u_-5_.js:109:66413)
    at ic (https://vercel.com/_next/static/immutable/chunks/1ez_xjl8u_-5_.js:109:87432)
    at iL (https://vercel.com/_next/static/immutable/chunks/1ez_xjl8u_-5_.js:109:99301)
    at sZ (https://vercel.com/_next/static/immutable/chunks/1ez_xjl8u_-5_.js:109:145139)
    at https://vercel.com/_next/static/immutable/chunks/1ez_xjl8u_-5_.js:109:144984
    at sX (https://vercel.com/_next/static/immutable/chunks/1ez_xjl8u_-5_.js:109:144992)
    at sU (https://vercel.com/_next/static/immutable/chunks/1ez_xjl8u_-5_.js:109:140153)
    at cS (https://vercel.com/_next/static/immutable/chunks/1ez_xjl8u_-5_.js:109:174983)
    at cy (https://vercel.com/_next/static/immutable/chunks/1ez_xjl8u_-5_.js:109:172886)
    at c_ (https://vercel.com/_next/static/immutable/chunks/1ez_xjl8u_-5_.js:109:173243)
    at https://vercel.com/_next/static/immutable/chunks/1ez_xjl8u_-5_.js:109:175042 {attributes: Object} @ https://vercel.com/_next/static/immutable/chunks/2sl1aftc4weqx.js:8
[  803774ms] [ERROR] Error: Missing param(s) [project] in link to route "/[teamSlug]/[project]/flags"
    at https://vercel.com/_next/static/immutable/chunks/3qi00qrpi2qml.js:2:2570
    at https://vercel.com/_next/static/immutable/chunks/3qi00qrpi2qml.js:2:5203
    at Object.oE [as useMemo] (https://vercel.com/_next/static/immutable/chunks/1ez_xjl8u_-5_.js:109:75491)
    at push.r.useMemo (https://vercel.com/_next/static/immutable/chunks/3yj28cgcsk539.js:2:22543)
    at https://vercel.com/_next/static/immutable/chunks/3qi00qrpi2qml.js:2:4527
    at tx (https://vercel.com/_next/static/immutable/chunks/2j7mrzldu8mz6.js:2:70041)
    at aj (https://vercel.com/_next/static/immutable/chunks/1ez_xjl8u_-5_.js:109:66413)
    at ic (https://vercel.com/_next/static/immutable/chunks/1ez_xjl8u_-5_.js:109:87432)
    at iL (https://vercel.com/_next/static/immutable/chunks/1ez_xjl8u_-5_.js:109:99301)
    at sZ (https://vercel.com/_next/static/immutable/chunks/1ez_xjl8u_-5_.js:109:145139)
    at https://vercel.com/_next/static/immutable/chunks/1ez_xjl8u_-5_.js:109:144984
    at sX (https://vercel.com/_next/static/immutable/chunks/1ez_xjl8u_-5_.js:109:144992)
    at sU (https://vercel.com/_next/static/immutable/chunks/1ez_xjl8u_-5_.js:109:140153)
    at cS (https://vercel.com/_next/static/immutable/chunks/1ez_xjl8u_-5_.js:109:174983)
    at cy (https://vercel.com/_next/static/immutable/chunks/1ez_xjl8u_-5_.js:109:172886)
    at c_ (https://vercel.com/_next/static/immutable/chunks/1ez_xjl8u_-5_.js:109:173243)
    at https://vercel.com/_next/static/immutable/chunks/1ez_xjl8u_-5_.js:109:175042 {attributes: Object} @ https://vercel.com/_next/static/immutable/chunks/2sl1aftc4weqx.js:8
[  803776ms] [ERROR] Error: Missing param(s) [project] in link to route "/[teamSlug]/[project]/agent"
    at https://vercel.com/_next/static/immutable/chunks/3qi00qrpi2qml.js:2:2570
    at https://vercel.com/_next/static/immutable/chunks/3qi00qrpi2qml.js:2:5203
    at Object.oE [as useMemo] (https://vercel.com/_next/static/immutable/chunks/1ez_xjl8u_-5_.js:109:75491)
    at push.r.useMemo (https://vercel.com/_next/static/immutable/chunks/3yj28cgcsk539.js:2:22543)
    at https://vercel.com/_next/static/immutable/chunks/3qi00qrpi2qml.js:2:4527
    at tx (https://vercel.com/_next/static/immutable/chunks/2j7mrzldu8mz6.js:2:70041)
    at aj (https://vercel.com/_next/static/immutable/chunks/1ez_xjl8u_-5_.js:109:66413)
    at ic (https://vercel.com/_next/static/immutable/chunks/1ez_xjl8u_-5_.js:109:87432)
    at iL (https://vercel.com/_next/static/immutable/chunks/1ez_xjl8u_-5_.js:109:99301)
    at sZ (https://vercel.com/_next/static/immutable/chunks/1ez_xjl8u_-5_.js:109:145139)
    at https://vercel.com/_next/static/immutable/chunks/1ez_xjl8u_-5_.js:109:144984
    at sX (https://vercel.com/_next/static/immutable/chunks/1ez_xjl8u_-5_.js:109:144992)
    at sU (https://vercel.com/_next/static/immutable/chunks/1ez_xjl8u_-5_.js:109:140153)
    at cS (https://vercel.com/_next/static/immutable/chunks/1ez_xjl8u_-5_.js:109:174983)
    at cy (https://vercel.com/_next/static/immutable/chunks/1ez_xjl8u_-5_.js:109:172886)
    at c_ (https://vercel.com/_next/static/immutable/chunks/1ez_xjl8u_-5_.js:109:173243)
    at https://vercel.com/_next/static/immutable/chunks/1ez_xjl8u_-5_.js:109:175042 {attributes: Object} @ https://vercel.com/_next/static/immutable/chunks/2sl1aftc4weqx.js:8
[  803778ms] [ERROR] Error: Missing param(s) [project] in link to route "/[teamSlug]/[project]/ai-gateway"
    at https://vercel.com/_next/static/immutable/chunks/3qi00qrpi2qml.js:2:2570
    at https://vercel.com/_next/static/immutable/chunks/3qi00qrpi2qml.js:2:5203
    at Object.oE [as useMemo] (https://vercel.com/_next/static/immutable/chunks/1ez_xjl8u_-5_.js:109:75491)
    at push.r.useMemo (https://vercel.com/_next/static/immutable/chunks/3yj28cgcsk539.js:2:22543)
    at https://vercel.com/_next/static/immutable/chunks/3qi00qrpi2qml.js:2:4527
    at tx (https://vercel.com/_next/static/immutable/chunks/2j7mrzldu8mz6.js:2:70041)
    at aj (https://vercel.com/_next/static/immutable/chunks/1ez_xjl8u_-5_.js:109:66413)
    at ic (https://vercel.com/_next/static/immutable/chunks/1ez_xjl8u_-5_.js:109:87432)
    at iL (https://vercel.com/_next/static/immutable/chunks/1ez_xjl8u_-5_.js:109:99301)
    at sZ (https://vercel.com/_next/static/immutable/chunks/1ez_xjl8u_-5_.js:109:145139)
    at https://vercel.com/_next/static/immutable/chunks/1ez_xjl8u_-5_.js:109:144984
    at sX (https://vercel.com/_next/static/immutable/chunks/1ez_xjl8u_-5_.js:109:144992)
    at sU (https://vercel.com/_next/static/immutable/chunks/1ez_xjl8u_-5_.js:109:140153)
    at cS (https://vercel.com/_next/static/immutable/chunks/1ez_xjl8u_-5_.js:109:174983)
    at cy (https://vercel.com/_next/static/immutable/chunks/1ez_xjl8u_-5_.js:109:172886)
    at c_ (https://vercel.com/_next/static/immutable/chunks/1ez_xjl8u_-5_.js:109:173243)
    at https://vercel.com/_next/static/immutable/chunks/1ez_xjl8u_-5_.js:109:175042 {attributes: Object} @ https://vercel.com/_next/static/immutable/chunks/2sl1aftc4weqx.js:8
[  803780ms] [ERROR] Error: Missing param(s) [project] in link to route "/[teamSlug]/[project]/sandboxes"
    at https://vercel.com/_next/static/immutable/chunks/3qi00qrpi2qml.js:2:2570
    at https://vercel.com/_next/static/immutable/chunks/3qi00qrpi2qml.js:2:5203
    at Object.oE [as useMemo] (https://vercel.com/_next/static/immutable/chunks/1ez_xjl8u_-5_.js:109:75491)
    at push.r.useMemo (https://vercel.com/_next/static/immutable/chunks/3yj28cgcsk539.js:2:22543)
    at https://vercel.com/_next/static/immutable/chunks/3qi00qrpi2qml.js:2:4527
    at tx (https://vercel.com/_next/static/immutable/chunks/2j7mrzldu8mz6.js:2:70041)
    at aj (https://vercel.com/_next/static/immutable/chunks/1ez_xjl8u_-5_.js:109:66413)
    at ic (https://vercel.com/_next/static/immutable/chunks/1ez_xjl8u_-5_.js:109:87432)
    at iL (https://vercel.com/_next/static/immutable/chunks/1ez_xjl8u_-5_.js:109:99301)
    at sZ (https://vercel.com/_next/static/immutable/chunks/1ez_xjl8u_-5_.js:109:145139)
    at https://vercel.com/_next/static/immutable/chunks/1ez_xjl8u_-5_.js:109:144984
    at sX (https://vercel.com/_next/static/immutable/chunks/1ez_xjl8u_-5_.js:109:144992)
    at sU (https://vercel.com/_next/static/immutable/chunks/1ez_xjl8u_-5_.js:109:140153)
    at cS (https://vercel.com/_next/static/immutable/chunks/1ez_xjl8u_-5_.js:109:174983)
    at cy (https://vercel.com/_next/static/immutable/chunks/1ez_xjl8u_-5_.js:109:172886)
    at c_ (https://vercel.com/_next/static/immutable/chunks/1ez_xjl8u_-5_.js:109:173243)
    at https://vercel.com/_next/static/immutable/chunks/1ez_xjl8u_-5_.js:109:175042 {attributes: Object} @ https://vercel.com/_next/static/immutable/chunks/2sl1aftc4weqx.js:8
[  803781ms] [ERROR] Error: Missing param(s) [project] in link to route "/[teamSlug]/[project]/workflows"
    at https://vercel.com/_next/static/immutable/chunks/3qi00qrpi2qml.js:2:2570
    at https://vercel.com/_next/static/immutable/chunks/3qi00qrpi2qml.js:2:5203
    at Object.oE [as useMemo] (https://vercel.com/_next/static/immutable/chunks/1ez_xjl8u_-5_.js:109:75491)
    at push.r.useMemo (https://vercel.com/_next/static/immutable/chunks/3yj28cgcsk539.js:2:22543)
    at https://vercel.com/_next/static/immutable/chunks/3qi00qrpi2qml.js:2:4527
    at tx (https://vercel.com/_next/static/immutable/chunks/2j7mrzldu8mz6.js:2:70041)
    at aj (https://vercel.com/_next/static/immutable/chunks/1ez_xjl8u_-5_.js:109:66413)
    at ic (https://vercel.com/_next/static/immutable/chunks/1ez_xjl8u_-5_.js:109:87432)
    at iL (https://vercel.com/_next/static/immutable/chunks/1ez_xjl8u_-5_.js:109:99301)
    at sZ (https://vercel.com/_next/static/immutable/chunks/1ez_xjl8u_-5_.js:109:145139)
    at https://vercel.com/_next/static/immutable/chunks/1ez_xjl8u_-5_.js:109:144984
    at sX (https://vercel.com/_next/static/immutable/chunks/1ez_xjl8u_-5_.js:109:144992)
    at sU (https://vercel.com/_next/static/immutable/chunks/1ez_xjl8u_-5_.js:109:140153)
    at cS (https://vercel.com/_next/static/immutable/chunks/1ez_xjl8u_-5_.js:109:174983)
    at cy (https://vercel.com/_next/static/immutable/chunks/1ez_xjl8u_-5_.js:109:172886)
    at c_ (https://vercel.com/_next/static/immutable/chunks/1ez_xjl8u_-5_.js:109:173243)
    at https://vercel.com/_next/static/immutable/chunks/1ez_xjl8u_-5_.js:109:175042 {attributes: Object} @ https://vercel.com/_next/static/immutable/chunks/2sl1aftc4weqx.js:8
[  803782ms] [ERROR] Error: Missing param(s) [project] in link to route "/[teamSlug]/[project]/images"
    at https://vercel.com/_next/static/immutable/chunks/3qi00qrpi2qml.js:2:2570
    at https://vercel.com/_next/static/immutable/chunks/3qi00qrpi2qml.js:2:5203
    at Object.oE [as useMemo] (https://vercel.com/_next/static/immutable/chunks/1ez_xjl8u_-5_.js:109:75491)
    at push.r.useMemo (https://vercel.com/_next/static/immutable/chunks/3yj28cgcsk539.js:2:22543)
    at https://vercel.com/_next/static/immutable/chunks/3qi00qrpi2qml.js:2:4527
    at tx (https://vercel.com/_next/static/immutable/chunks/2j7mrzldu8mz6.js:2:70041)
    at aj (https://vercel.com/_next/static/immutable/chunks/1ez_xjl8u_-5_.js:109:66413)
    at ic (https://vercel.com/_next/static/immutable/chunks/1ez_xjl8u_-5_.js:109:87432)
    at iL (https://vercel.com/_next/static/immutable/chunks/1ez_xjl8u_-5_.js:109:99301)
    at sZ (https://vercel.com/_next/static/immutable/chunks/1ez_xjl8u_-5_.js:109:145139)
    at https://vercel.com/_next/static/immutable/chunks/1ez_xjl8u_-5_.js:109:144984
    at sX (https://vercel.com/_next/static/immutable/chunks/1ez_xjl8u_-5_.js:109:144992)
    at sU (https://vercel.com/_next/static/immutable/chunks/1ez_xjl8u_-5_.js:109:140153)
    at cS (https://vercel.com/_next/static/immutable/chunks/1ez_xjl8u_-5_.js:109:174983)
    at cy (https://vercel.com/_next/static/immutable/chunks/1ez_xjl8u_-5_.js:109:172886)
    at c_ (https://vercel.com/_next/static/immutable/chunks/1ez_xjl8u_-5_.js:109:173243)
    at https://vercel.com/_next/static/immutable/chunks/1ez_xjl8u_-5_.js:109:175042 {attributes: Object} @ https://vercel.com/_next/static/immutable/chunks/2sl1aftc4weqx.js:8
[  803783ms] [ERROR] Error: Missing param(s) [project] in link to route "/[teamSlug]/[project]/usage"
    at https://vercel.com/_next/static/immutable/chunks/3qi00qrpi2qml.js:2:2570
    at https://vercel.com/_next/static/immutable/chunks/3qi00qrpi2qml.js:2:5203
    at Object.oE [as useMemo] (https://vercel.com/_next/static/immutable/chunks/1ez_xjl8u_-5_.js:109:75491)
    at push.r.useMemo (https://vercel.com/_next/static/immutable/chunks/3yj28cgcsk539.js:2:22543)
    at https://vercel.com/_next/static/immutable/chunks/3qi00qrpi2qml.js:2:4527
    at tx (https://vercel.com/_next/static/immutable/chunks/2j7mrzldu8mz6.js:2:70041)
    at aj (https://vercel.com/_next/static/immutable/chunks/1ez_xjl8u_-5_.js:109:66413)
    at ic (https://vercel.com/_next/static/immutable/chunks/1ez_xjl8u_-5_.js:109:87432)
    at iL (https://vercel.com/_next/static/immutable/chunks/1ez_xjl8u_-5_.js:109:99301)
    at sZ (https://vercel.com/_next/static/immutable/chunks/1ez_xjl8u_-5_.js:109:145139)
    at https://vercel.com/_next/static/immutable/chunks/1ez_xjl8u_-5_.js:109:144984
    at sX (https://vercel.com/_next/static/immutable/chunks/1ez_xjl8u_-5_.js:109:144992)
    at sU (https://vercel.com/_next/static/immutable/chunks/1ez_xjl8u_-5_.js:109:140153)
    at cS (https://vercel.com/_next/static/immutable/chunks/1ez_xjl8u_-5_.js:109:174983)
    at cy (https://vercel.com/_next/static/immutable/chunks/1ez_xjl8u_-5_.js:109:172886)
    at c_ (https://vercel.com/_next/static/immutable/chunks/1ez_xjl8u_-5_.js:109:173243)
    at https://vercel.com/_next/static/immutable/chunks/1ez_xjl8u_-5_.js:109:175042 {attributes: Object} @ https://vercel.com/_next/static/immutable/chunks/2sl1aftc4weqx.js:8
[  803784ms] [ERROR] Error: Missing param(s) [project] in link to route "/[teamSlug]/[project]/support"
    at https://vercel.com/_next/static/immutable/chunks/3qi00qrpi2qml.js:2:2570
    at https://vercel.com/_next/static/immutable/chunks/3qi00qrpi2qml.js:2:5203
    at Object.oE [as useMemo] (https://vercel.com/_next/static/immutable/chunks/1ez_xjl8u_-5_.js:109:75491)
    at push.r.useMemo (https://vercel.com/_next/static/immutable/chunks/3yj28cgcsk539.js:2:22543)
    at https://vercel.com/_next/static/immutable/chunks/3qi00qrpi2qml.js:2:4527
    at tx (https://vercel.com/_next/static/immutable/chunks/2j7mrzldu8mz6.js:2:70041)
    at aj (https://vercel.com/_next/static/immutable/chunks/1ez_xjl8u_-5_.js:109:66413)
    at ic (https://vercel.com/_next/static/immutable/chunks/1ez_xjl8u_-5_.js:109:87432)
    at iL (https://vercel.com/_next/static/immutable/chunks/1ez_xjl8u_-5_.js:109:99301)
    at sZ (https://vercel.com/_next/static/immutable/chunks/1ez_xjl8u_-5_.js:109:145139)
    at https://vercel.com/_next/static/immutable/chunks/1ez_xjl8u_-5_.js:109:144984
    at sX (https://vercel.com/_next/static/immutable/chunks/1ez_xjl8u_-5_.js:109:144992)
    at sU (https://vercel.com/_next/static/immutable/chunks/1ez_xjl8u_-5_.js:109:140153)
    at cS (https://vercel.com/_next/static/immutable/chunks/1ez_xjl8u_-5_.js:109:174983)
    at cy (https://vercel.com/_next/static/immutable/chunks/1ez_xjl8u_-5_.js:109:172886)
    at c_ (https://vercel.com/_next/static/immutable/chunks/1ez_xjl8u_-5_.js:109:173243)
    at https://vercel.com/_next/static/immutable/chunks/1ez_xjl8u_-5_.js:109:175042 {attributes: Object} @ https://vercel.com/_next/static/immutable/chunks/2sl1aftc4weqx.js:8
[  803785ms] [ERROR] Error: Missing param(s) [project] in link to route "/[teamSlug]/[project]/settings"
    at https://vercel.com/_next/static/immutable/chunks/3qi00qrpi2qml.js:2:2570
    at https://vercel.com/_next/static/immutable/chunks/3qi00qrpi2qml.js:2:5203
    at Object.oE [as useMemo] (https://vercel.com/_next/static/immutable/chunks/1ez_xjl8u_-5_.js:109:75491)
    at push.r.useMemo (https://vercel.com/_next/static/immutable/chunks/3yj28cgcsk539.js:2:22543)
    at https://vercel.com/_next/static/immutable/chunks/3qi00qrpi2qml.js:2:4527
    at tx (https://vercel.com/_next/static/immutable/chunks/2j7mrzldu8mz6.js:2:70041)
    at aj (https://vercel.com/_next/static/immutable/chunks/1ez_xjl8u_-5_.js:109:66413)
    at ic (https://vercel.com/_next/static/immutable/chunks/1ez_xjl8u_-5_.js:109:87432)
    at iL (https://vercel.com/_next/static/immutable/chunks/1ez_xjl8u_-5_.js:109:99301)
    at sZ (https://vercel.com/_next/static/immutable/chunks/1ez_xjl8u_-5_.js:109:145139)
    at https://vercel.com/_next/static/immutable/chunks/1ez_xjl8u_-5_.js:109:144984
    at sX (https://vercel.com/_next/static/immutable/chunks/1ez_xjl8u_-5_.js:109:144992)
    at sU (https://vercel.com/_next/static/immutable/chunks/1ez_xjl8u_-5_.js:109:140153)
    at cS (https://vercel.com/_next/static/immutable/chunks/1ez_xjl8u_-5_.js:109:174983)
    at cy (https://vercel.com/_next/static/immutable/chunks/1ez_xjl8u_-5_.js:109:172886)
    at c_ (https://vercel.com/_next/static/immutable/chunks/1ez_xjl8u_-5_.js:109:173243)
    at https://vercel.com/_next/static/immutable/chunks/1ez_xjl8u_-5_.js:109:175042 {attributes: Object} @ https://vercel.com/_next/static/immutable/chunks/2sl1aftc4weqx.js:8
[  803790ms] [ERROR] Error: Missing param(s) [project] in link to route "/[teamSlug]/[project]"
    at https://vercel.com/_next/static/immutable/chunks/3qi00qrpi2qml.js:2:2570
    at https://vercel.com/_next/static/immutable/chunks/3qi00qrpi2qml.js:2:5203
    at Object.oE [as useMemo] (https://vercel.com/_next/static/immutable/chunks/1ez_xjl8u_-5_.js:109:75491)
    at push.r.useMemo (https://vercel.com/_next/static/immutable/chunks/3yj28cgcsk539.js:2:22543)
    at https://vercel.com/_next/static/immutable/chunks/3qi00qrpi2qml.js:2:4527
    at tx (https://vercel.com/_next/static/immutable/chunks/2j7mrzldu8mz6.js:2:70041)
    at aj (https://vercel.com/_next/static/immutable/chunks/1ez_xjl8u_-5_.js:109:66413)
    at ic (https://vercel.com/_next/static/immutable/chunks/1ez_xjl8u_-5_.js:109:87432)
    at iL (https://vercel.com/_next/static/immutable/chunks/1ez_xjl8u_-5_.js:109:99301)
    at sZ (https://vercel.com/_next/static/immutable/chunks/1ez_xjl8u_-5_.js:109:145139)
    at https://vercel.com/_next/static/immutable/chunks/1ez_xjl8u_-5_.js:109:144984
    at sX (https://vercel.com/_next/static/immutable/chunks/1ez_xjl8u_-5_.js:109:144992)
    at sU (https://vercel.com/_next/static/immutable/chunks/1ez_xjl8u_-5_.js:109:140153)
    at cS (https://vercel.com/_next/static/immutable/chunks/1ez_xjl8u_-5_.js:109:174983)
    at cy (https://vercel.com/_next/static/immutable/chunks/1ez_xjl8u_-5_.js:109:172886)
    at c_ (https://vercel.com/_next/static/immutable/chunks/1ez_xjl8u_-5_.js:109:173243)
    at https://vercel.com/_next/static/immutable/chunks/1ez_xjl8u_-5_.js:109:175042 {attributes: Object} @ https://vercel.com/_next/static/immutable/chunks/2sl1aftc4weqx.js:8
[  803792ms] [ERROR] Error: Missing param(s) [project] in link to route "/[teamSlug]/[project]/deployments"
    at https://vercel.com/_next/static/immutable/chunks/3qi00qrpi2qml.js:2:2570
    at https://vercel.com/_next/static/immutable/chunks/3qi00qrpi2qml.js:2:5203
    at Object.oE [as useMemo] (https://vercel.com/_next/static/immutable/chunks/1ez_xjl8u_-5_.js:109:75491)
    at push.r.useMemo (https://vercel.com/_next/static/immutable/chunks/3yj28cgcsk539.js:2:22543)
    at https://vercel.com/_next/static/immutable/chunks/3qi00qrpi2qml.js:2:4527
    at tx (https://vercel.com/_next/static/immutable/chunks/2j7mrzldu8mz6.js:2:70041)
    at aj (https://vercel.com/_next/static/immutable/chunks/1ez_xjl8u_-5_.js:109:66413)
    at ic (https://vercel.com/_next/static/immutable/chunks/1ez_xjl8u_-5_.js:109:87432)
    at iL (https://vercel.com/_next/static/immutable/chunks/1ez_xjl8u_-5_.js:109:99301)
    at sZ (https://vercel.com/_next/static/immutable/chunks/1ez_xjl8u_-5_.js:109:145139)
    at https://vercel.com/_next/static/immutable/chunks/1ez_xjl8u_-5_.js:109:144984
    at sX (https://vercel.com/_next/static/immutable/chunks/1ez_xjl8u_-5_.js:109:144992)
    at sU (https://vercel.com/_next/static/immutable/chunks/1ez_xjl8u_-5_.js:109:140153)
    at cS (https://vercel.com/_next/static/immutable/chunks/1ez_xjl8u_-5_.js:109:174983)
    at cy (https://vercel.com/_next/static/immutable/chunks/1ez_xjl8u_-5_.js:109:172886)
    at c_ (https://vercel.com/_next/static/immutable/chunks/1ez_xjl8u_-5_.js:109:173243)
    at https://vercel.com/_next/static/immutable/chunks/1ez_xjl8u_-5_.js:109:175042 {attributes: Object} @ https://vercel.com/_next/static/immutable/chunks/2sl1aftc4weqx.js:8
[  803794ms] [ERROR] Error: Missing param(s) [project] in link to route "/[teamSlug]/[project]/observability"
    at https://vercel.com/_next/static/immutable/chunks/3qi00qrpi2qml.js:2:2570
    at https://vercel.com/_next/static/immutable/chunks/3qi00qrpi2qml.js:2:5203
    at Object.oE [as useMemo] (https://vercel.com/_next/static/immutable/chunks/1ez_xjl8u_-5_.js:109:75491)
    at push.r.useMemo (https://vercel.com/_next/static/immutable/chunks/3yj28cgcsk539.js:2:22543)
    at https://vercel.com/_next/static/immutable/chunks/3qi00qrpi2qml.js:2:4527
    at tx (https://vercel.com/_next/static/immutable/chunks/2j7mrzldu8mz6.js:2:70041)
    at aj (https://vercel.com/_next/static/immutable/chunks/1ez_xjl8u_-5_.js:109:66413)
    at ic (https://vercel.com/_next/static/immutable/chunks/1ez_xjl8u_-5_.js:109:87432)
    at iL (https://vercel.com/_next/static/immutable/chunks/1ez_xjl8u_-5_.js:109:99301)
    at sZ (https://vercel.com/_next/static/immutable/chunks/1ez_xjl8u_-5_.js:109:145139)
    at https://vercel.com/_next/static/immutable/chunks/1ez_xjl8u_-5_.js:109:144984
    at sX (https://vercel.com/_next/static/immutable/chunks/1ez_xjl8u_-5_.js:109:144992)
    at sU (https://vercel.com/_next/static/immutable/chunks/1ez_xjl8u_-5_.js:109:140153)
    at cS (https://vercel.com/_next/static/immutable/chunks/1ez_xjl8u_-5_.js:109:174983)
    at cy (https://vercel.com/_next/static/immutable/chunks/1ez_xjl8u_-5_.js:109:172886)
    at c_ (https://vercel.com/_next/static/immutable/chunks/1ez_xjl8u_-5_.js:109:173243)
    at https://vercel.com/_next/static/immutable/chunks/1ez_xjl8u_-5_.js:109:175042 {attributes: Object} @ https://vercel.com/_next/static/immutable/chunks/2sl1aftc4weqx.js:8
[  803796ms] [ERROR] Error: Missing param(s) [project] in link to route "/[teamSlug]/[project]/security"
    at https://vercel.com/_next/static/immutable/chunks/3qi00qrpi2qml.js:2:2570
    at https://vercel.com/_next/static/immutable/chunks/3qi00qrpi2qml.js:2:5203
    at Object.oE [as useMemo] (https://vercel.com/_next/static/immutable/chunks/1ez_xjl8u_-5_.js:109:75491)
    at push.r.useMemo (https://vercel.com/_next/static/immutable/chunks/3yj28cgcsk539.js:2:22543)
    at https://vercel.com/_next/static/immutable/chunks/3qi00qrpi2qml.js:2:4527
    at tx (https://vercel.com/_next/static/immutable/chunks/2j7mrzldu8mz6.js:2:70041)
    at aj (https://vercel.com/_next/static/immutable/chunks/1ez_xjl8u_-5_.js:109:66413)
    at ic (https://vercel.com/_next/static/immutable/chunks/1ez_xjl8u_-5_.js:109:87432)
    at iL (https://vercel.com/_next/static/immutable/chunks/1ez_xjl8u_-5_.js:109:99301)
    at sZ (https://vercel.com/_next/static/immutable/chunks/1ez_xjl8u_-5_.js:109:145139)
    at https://vercel.com/_next/static/immutable/chunks/1ez_xjl8u_-5_.js:109:144984
    at sX (https://vercel.com/_next/static/immutable/chunks/1ez_xjl8u_-5_.js:109:144992)
    at sU (https://vercel.com/_next/static/immutable/chunks/1ez_xjl8u_-5_.js:109:140153)
    at cS (https://vercel.com/_next/static/immutable/chunks/1ez_xjl8u_-5_.js:109:174983)
    at cy (https://vercel.com/_next/static/immutable/chunks/1ez_xjl8u_-5_.js:109:172886)
    at c_ (https://vercel.com/_next/static/immutable/chunks/1ez_xjl8u_-5_.js:109:173243)
    at https://vercel.com/_next/static/immutable/chunks/1ez_xjl8u_-5_.js:109:175042 {attributes: Object} @ https://vercel.com/_next/static/immutable/chunks/2sl1aftc4weqx.js:8
[  803798ms] [ERROR] Error: Missing param(s) [project] in link to route "/[teamSlug]/[project]/cdn"
    at https://vercel.com/_next/static/immutable/chunks/3qi00qrpi2qml.js:2:2570
    at https://vercel.com/_next/static/immutable/chunks/3qi00qrpi2qml.js:2:5203
    at Object.oE [as useMemo] (https://vercel.com/_next/static/immutable/chunks/1ez_xjl8u_-5_.js:109:75491)
    at push.r.useMemo (https://vercel.com/_next/static/immutable/chunks/3yj28cgcsk539.js:2:22543)
    at https://vercel.com/_next/static/immutable/chunks/3qi00qrpi2qml.js:2:4527
    at tx (https://vercel.com/_next/static/immutable/chunks/2j7mrzldu8mz6.js:2:70041)
    at aj (https://vercel.com/_next/static/immutable/chunks/1ez_xjl8u_-5_.js:109:66413)
    at ic (https://vercel.com/_next/static/immutable/chunks/1ez_xjl8u_-5_.js:109:87432)
    at iL (https://vercel.com/_next/static/immutable/chunks/1ez_xjl8u_-5_.js:109:99301)
    at sZ (https://vercel.com/_next/static/immutable/chunks/1ez_xjl8u_-5_.js:109:145139)
    at https://vercel.com/_next/static/immutable/chunks/1ez_xjl8u_-5_.js:109:144984
    at sX (https://vercel.com/_next/static/immutable/chunks/1ez_xjl8u_-5_.js:109:144992)
    at sU (https://vercel.com/_next/static/immutable/chunks/1ez_xjl8u_-5_.js:109:140153)
    at cS (https://vercel.com/_next/static/immutable/chunks/1ez_xjl8u_-5_.js:109:174983)
    at cy (https://vercel.com/_next/static/immutable/chunks/1ez_xjl8u_-5_.js:109:172886)
    at c_ (https://vercel.com/_next/static/immutable/chunks/1ez_xjl8u_-5_.js:109:173243)
    at https://vercel.com/_next/static/immutable/chunks/1ez_xjl8u_-5_.js:109:175042 {attributes: Object} @ https://vercel.com/_next/static/immutable/chunks/2sl1aftc4weqx.js:8
[  803799ms] [ERROR] Error: Missing param(s) [project] in link to route "/[teamSlug]/[project]/observability/vercel-functions"
    at https://vercel.com/_next/static/immutable/chunks/3qi00qrpi2qml.js:2:2570
    at https://vercel.com/_next/static/immutable/chunks/3qi00qrpi2qml.js:2:5203
    at Object.oE [as useMemo] (https://vercel.com/_next/static/immutable/chunks/1ez_xjl8u_-5_.js:109:75491)
    at push.r.useMemo (https://vercel.com/_next/static/immutable/chunks/3yj28cgcsk539.js:2:22543)
    at https://vercel.com/_next/static/immutable/chunks/3qi00qrpi2qml.js:2:4527
    at tx (https://vercel.com/_next/static/immutable/chunks/2j7mrzldu8mz6.js:2:70041)
    at aj (https://vercel.com/_next/static/immutable/chunks/1ez_xjl8u_-5_.js:109:66413)
    at ic (https://vercel.com/_next/static/immutable/chunks/1ez_xjl8u_-5_.js:109:87432)
    at iL (https://vercel.com/_next/static/immutable/chunks/1ez_xjl8u_-5_.js:109:99301)
    at sZ (https://vercel.com/_next/static/immutable/chunks/1ez_xjl8u_-5_.js:109:145139)
    at https://vercel.com/_next/static/immutable/chunks/1ez_xjl8u_-5_.js:109:144984
    at sX (https://vercel.com/_next/static/immutable/chunks/1ez_xjl8u_-5_.js:109:144992)
    at sU (https://vercel.com/_next/static/immutable/chunks/1ez_xjl8u_-5_.js:109:140153)
    at cS (https://vercel.com/_next/static/immutable/chunks/1ez_xjl8u_-5_.js:109:174983)
    at cy (https://vercel.com/_next/static/immutable/chunks/1ez_xjl8u_-5_.js:109:172886)
    at c_ (https://vercel.com/_next/static/immutable/chunks/1ez_xjl8u_-5_.js:109:173243)
    at https://vercel.com/_next/static/immutable/chunks/1ez_xjl8u_-5_.js:109:175042 {attributes: Object} @ https://vercel.com/_next/static/immutable/chunks/2sl1aftc4weqx.js:8
[  803800ms] [ERROR] Error: Missing param(s) [project] in link to route "/[teamSlug]/[project]/ai-gateway"
    at https://vercel.com/_next/static/immutable/chunks/3qi00qrpi2qml.js:2:2570
    at https://vercel.com/_next/static/immutable/chunks/3qi00qrpi2qml.js:2:5203
    at Object.oE [as useMemo] (https://vercel.com/_next/static/immutable/chunks/1ez_xjl8u_-5_.js:109:75491)
    at push.r.useMemo (https://vercel.com/_next/static/immutable/chunks/3yj28cgcsk539.js:2:22543)
    at https://vercel.com/_next/static/immutable/chunks/3qi00qrpi2qml.js:2:4527
    at tx (https://vercel.com/_next/static/immutable/chunks/2j7mrzldu8mz6.js:2:70041)
    at aj (https://vercel.com/_next/static/immutable/chunks/1ez_xjl8u_-5_.js:109:66413)
    at ic (https://vercel.com/_next/static/immutable/chunks/1ez_xjl8u_-5_.js:109:87432)
    at iL (https://vercel.com/_next/static/immutable/chunks/1ez_xjl8u_-5_.js:109:99301)
    at sZ (https://vercel.com/_next/static/immutable/chunks/1ez_xjl8u_-5_.js:109:145139)
    at https://vercel.com/_next/static/immutable/chunks/1ez_xjl8u_-5_.js:109:144984
    at sX (https://vercel.com/_next/static/immutable/chunks/1ez_xjl8u_-5_.js:109:144992)
    at sU (https://vercel.com/_next/static/immutable/chunks/1ez_xjl8u_-5_.js:109:140153)
    at cS (https://vercel.com/_next/static/immutable/chunks/1ez_xjl8u_-5_.js:109:174983)
    at cy (https://vercel.com/_next/static/immutable/chunks/1ez_xjl8u_-5_.js:109:172886)
    at c_ (https://vercel.com/_next/static/immutable/chunks/1ez_xjl8u_-5_.js:109:173243)
    at https://vercel.com/_next/static/immutable/chunks/1ez_xjl8u_-5_.js:109:175042 {attributes: Object} @ https://vercel.com/_next/static/immutable/chunks/2sl1aftc4weqx.js:8
[  803801ms] [ERROR] Error: Missing param(s) [project] in link to route "/[teamSlug]/[project]/flags"
    at https://vercel.com/_next/static/immutable/chunks/3qi00qrpi2qml.js:2:2570
    at https://vercel.com/_next/static/immutable/chunks/3qi00qrpi2qml.js:2:5203
    at Object.oE [as useMemo] (https://vercel.com/_next/static/immutable/chunks/1ez_xjl8u_-5_.js:109:75491)
    at push.r.useMemo (https://vercel.com/_next/static/immutable/chunks/3yj28cgcsk539.js:2:22543)
    at https://vercel.com/_next/static/immutable/chunks/3qi00qrpi2qml.js:2:4527
    at tx (https://vercel.com/_next/static/immutable/chunks/2j7mrzldu8mz6.js:2:70041)
    at aj (https://vercel.com/_next/static/immutable/chunks/1ez_xjl8u_-5_.js:109:66413)
    at ic (https://vercel.com/_next/static/immutable/chunks/1ez_xjl8u_-5_.js:109:87432)
    at iL (https://vercel.com/_next/static/immutable/chunks/1ez_xjl8u_-5_.js:109:99301)
    at sZ (https://vercel.com/_next/static/immutable/chunks/1ez_xjl8u_-5_.js:109:145139)
    at https://vercel.com/_next/static/immutable/chunks/1ez_xjl8u_-5_.js:109:144984
    at sX (https://vercel.com/_next/static/immutable/chunks/1ez_xjl8u_-5_.js:109:144992)
    at sU (https://vercel.com/_next/static/immutable/chunks/1ez_xjl8u_-5_.js:109:140153)
    at cS (https://vercel.com/_next/static/immutable/chunks/1ez_xjl8u_-5_.js:109:174983)
    at cy (https://vercel.com/_next/static/immutable/chunks/1ez_xjl8u_-5_.js:109:172886)
    at c_ (https://vercel.com/_next/static/immutable/chunks/1ez_xjl8u_-5_.js:109:173243)
    at https://vercel.com/_next/static/immutable/chunks/1ez_xjl8u_-5_.js:109:175042 {attributes: Object} @ https://vercel.com/_next/static/immutable/chunks/2sl1aftc4weqx.js:8
[  803803ms] [ERROR] Error: Missing param(s) [project] in link to route "/[teamSlug]/[project]/settings/integrations"
    at https://vercel.com/_next/static/immutable/chunks/3qi00qrpi2qml.js:2:2570
    at https://vercel.com/_next/static/immutable/chunks/3qi00qrpi2qml.js:2:5203
    at Object.oE [as useMemo] (https://vercel.com/_next/static/immutable/chunks/1ez_xjl8u_-5_.js:109:75491)
    at push.r.useMemo (https://vercel.com/_next/static/immutable/chunks/3yj28cgcsk539.js:2:22543)
    at https://vercel.com/_next/static/immutable/chunks/3qi00qrpi2qml.js:2:4527
    at tx (https://vercel.com/_next/static/immutable/chunks/2j7mrzldu8mz6.js:2:70041)
    at aj (https://vercel.com/_next/static/immutable/chunks/1ez_xjl8u_-5_.js:109:66413)
    at ic (https://vercel.com/_next/static/immutable/chunks/1ez_xjl8u_-5_.js:109:87432)
    at iL (https://vercel.com/_next/static/immutable/chunks/1ez_xjl8u_-5_.js:109:99301)
    at sZ (https://vercel.com/_next/static/immutable/chunks/1ez_xjl8u_-5_.js:109:145139)
    at https://vercel.com/_next/static/immutable/chunks/1ez_xjl8u_-5_.js:109:144984
    at sX (https://vercel.com/_next/static/immutable/chunks/1ez_xjl8u_-5_.js:109:144992)
    at sU (https://vercel.com/_next/static/immutable/chunks/1ez_xjl8u_-5_.js:109:140153)
    at cS (https://vercel.com/_next/static/immutable/chunks/1ez_xjl8u_-5_.js:109:174983)
    at cy (https://vercel.com/_next/static/immutable/chunks/1ez_xjl8u_-5_.js:109:172886)
    at c_ (https://vercel.com/_next/static/immutable/chunks/1ez_xjl8u_-5_.js:109:173243)
    at https://vercel.com/_next/static/immutable/chunks/1ez_xjl8u_-5_.js:109:175042 {attributes: Object} @ https://vercel.com/_next/static/immutable/chunks/2sl1aftc4weqx.js:8
[  803804ms] [ERROR] Error: Missing param(s) [project] in link to route "/[teamSlug]/[project]/agent"
    at https://vercel.com/_next/static/immutable/chunks/3qi00qrpi2qml.js:2:2570
    at https://vercel.com/_next/static/immutable/chunks/3qi00qrpi2qml.js:2:5203
    at Object.oE [as useMemo] (https://vercel.com/_next/static/immutable/chunks/1ez_xjl8u_-5_.js:109:75491)
    at push.r.useMemo (https://vercel.com/_next/static/immutable/chunks/3yj28cgcsk539.js:2:22543)
    at https://vercel.com/_next/static/immutable/chunks/3qi00qrpi2qml.js:2:4527
    at tx (https://vercel.com/_next/static/immutable/chunks/2j7mrzldu8mz6.js:2:70041)
    at aj (https://vercel.com/_next/static/immutable/chunks/1ez_xjl8u_-5_.js:109:66413)
    at ic (https://vercel.com/_next/static/immutable/chunks/1ez_xjl8u_-5_.js:109:87432)
    at iL (https://vercel.com/_next/static/immutable/chunks/1ez_xjl8u_-5_.js:109:99301)
    at sZ (https://vercel.com/_next/static/immutable/chunks/1ez_xjl8u_-5_.js:109:145139)
    at https://vercel.com/_next/static/immutable/chunks/1ez_xjl8u_-5_.js:109:144984
    at sX (https://vercel.com/_next/static/immutable/chunks/1ez_xjl8u_-5_.js:109:144992)
    at sU (https://vercel.com/_next/static/immutable/chunks/1ez_xjl8u_-5_.js:109:140153)
    at cS (https://vercel.com/_next/static/immutable/chunks/1ez_xjl8u_-5_.js:109:174983)
    at cy (https://vercel.com/_next/static/immutable/chunks/1ez_xjl8u_-5_.js:109:172886)
    at c_ (https://vercel.com/_next/static/immutable/chunks/1ez_xjl8u_-5_.js:109:173243)
    at https://vercel.com/_next/static/immutable/chunks/1ez_xjl8u_-5_.js:109:175042 {attributes: Object} @ https://vercel.com/_next/static/immutable/chunks/2sl1aftc4weqx.js:8
[  803805ms] [ERROR] Error: Missing param(s) [project] in link to route "/[teamSlug]/[project]/usage"
    at https://vercel.com/_next/static/immutable/chunks/3qi00qrpi2qml.js:2:2570
    at https://vercel.com/_next/static/immutable/chunks/3qi00qrpi2qml.js:2:5203
    at Object.oE [as useMemo] (https://vercel.com/_next/static/immutable/chunks/1ez_xjl8u_-5_.js:109:75491)
    at push.r.useMemo (https://vercel.com/_next/static/immutable/chunks/3yj28cgcsk539.js:2:22543)
    at https://vercel.com/_next/static/immutable/chunks/3qi00qrpi2qml.js:2:4527
    at tx (https://vercel.com/_next/static/immutable/chunks/2j7mrzldu8mz6.js:2:70041)
    at aj (https://vercel.com/_next/static/immutable/chunks/1ez_xjl8u_-5_.js:109:66413)
    at ic (https://vercel.com/_next/static/immutable/chunks/1ez_xjl8u_-5_.js:109:87432)
    at iL (https://vercel.com/_next/static/immutable/chunks/1ez_xjl8u_-5_.js:109:99301)
    at sZ (https://vercel.com/_next/static/immutable/chunks/1ez_xjl8u_-5_.js:109:145139)
    at https://vercel.com/_next/static/immutable/chunks/1ez_xjl8u_-5_.js:109:144984
    at sX (https://vercel.com/_next/static/immutable/chunks/1ez_xjl8u_-5_.js:109:144992)
    at sU (https://vercel.com/_next/static/immutable/chunks/1ez_xjl8u_-5_.js:109:140153)
    at cS (https://vercel.com/_next/static/immutable/chunks/1ez_xjl8u_-5_.js:109:174983)
    at cy (https://vercel.com/_next/static/immutable/chunks/1ez_xjl8u_-5_.js:109:172886)
    at c_ (https://vercel.com/_next/static/immutable/chunks/1ez_xjl8u_-5_.js:109:173243)
    at https://vercel.com/_next/static/immutable/chunks/1ez_xjl8u_-5_.js:109:175042 {attributes: Object} @ https://vercel.com/_next/static/immutable/chunks/2sl1aftc4weqx.js:8
[  803806ms] [ERROR] Error: Missing param(s) [project] in link to route "/[teamSlug]/[project]/settings"
    at https://vercel.com/_next/static/immutable/chunks/3qi00qrpi2qml.js:2:2570
    at https://vercel.com/_next/static/immutable/chunks/3qi00qrpi2qml.js:2:5203
    at Object.oE [as useMemo] (https://vercel.com/_next/static/immutable/chunks/1ez_xjl8u_-5_.js:109:75491)
    at push.r.useMemo (https://vercel.com/_next/static/immutable/chunks/3yj28cgcsk539.js:2:22543)
    at https://vercel.com/_next/static/immutable/chunks/3qi00qrpi2qml.js:2:4527
    at tx (https://vercel.com/_next/static/immutable/chunks/2j7mrzldu8mz6.js:2:70041)
    at aj (https://vercel.com/_next/static/immutable/chunks/1ez_xjl8u_-5_.js:109:66413)
    at ic (https://vercel.com/_next/static/immutable/chunks/1ez_xjl8u_-5_.js:109:87432)
    at iL (https://vercel.com/_next/static/immutable/chunks/1ez_xjl8u_-5_.js:109:99301)
    at sZ (https://vercel.com/_next/static/immutable/chunks/1ez_xjl8u_-5_.js:109:145139)
    at https://vercel.com/_next/static/immutable/chunks/1ez_xjl8u_-5_.js:109:144984
    at sX (https://vercel.com/_next/static/immutable/chunks/1ez_xjl8u_-5_.js:109:144992)
    at sU (https://vercel.com/_next/static/immutable/chunks/1ez_xjl8u_-5_.js:109:140153)
    at cS (https://vercel.com/_next/static/immutable/chunks/1ez_xjl8u_-5_.js:109:174983)
    at cy (https://vercel.com/_next/static/immutable/chunks/1ez_xjl8u_-5_.js:109:172886)
    at c_ (https://vercel.com/_next/static/immutable/chunks/1ez_xjl8u_-5_.js:109:173243)
    at https://vercel.com/_next/static/immutable/chunks/1ez_xjl8u_-5_.js:109:175042 {attributes: Object} @ https://vercel.com/_next/static/immutable/chunks/2sl1aftc4weqx.js:8
[  803807ms] [ERROR] Error: Missing param(s) [project] in link to route "/[teamSlug]/[project]/support"
    at https://vercel.com/_next/static/immutable/chunks/3qi00qrpi2qml.js:2:2570
    at https://vercel.com/_next/static/immutable/chunks/3qi00qrpi2qml.js:2:5203
    at Object.oE [as useMemo] (https://vercel.com/_next/static/immutable/chunks/1ez_xjl8u_-5_.js:109:75491)
    at push.r.useMemo (https://vercel.com/_next/static/immutable/chunks/3yj28cgcsk539.js:2:22543)
    at https://vercel.com/_next/static/immutable/chunks/3qi00qrpi2qml.js:2:4527
    at tx (https://vercel.com/_next/static/immutable/chunks/2j7mrzldu8mz6.js:2:70041)
    at aj (https://vercel.com/_next/static/immutable/chunks/1ez_xjl8u_-5_.js:109:66413)
    at ic (https://vercel.com/_next/static/immutable/chunks/1ez_xjl8u_-5_.js:109:87432)
    at iL (https://vercel.com/_next/static/immutable/chunks/1ez_xjl8u_-5_.js:109:99301)
    at sZ (https://vercel.com/_next/static/immutable/chunks/1ez_xjl8u_-5_.js:109:145139)
    at https://vercel.com/_next/static/immutable/chunks/1ez_xjl8u_-5_.js:109:144984
    at sX (https://vercel.com/_next/static/immutable/chunks/1ez_xjl8u_-5_.js:109:144992)
    at sU (https://vercel.com/_next/static/immutable/chunks/1ez_xjl8u_-5_.js:109:140153)
    at cS (https://vercel.com/_next/static/immutable/chunks/1ez_xjl8u_-5_.js:109:174983)
    at cy (https://vercel.com/_next/static/immutable/chunks/1ez_xjl8u_-5_.js:109:172886)
    at c_ (https://vercel.com/_next/static/immutable/chunks/1ez_xjl8u_-5_.js:109:173243)
    at https://vercel.com/_next/static/immutable/chunks/1ez_xjl8u_-5_.js:109:175042 {attributes: Object} @ https://vercel.com/_next/static/immutable/chunks/2sl1aftc4weqx.js:8
[  803811ms] [ERROR] Error: Missing param(s) [project] in link to route "/[teamSlug]/[project]/deployments"
    at https://vercel.com/_next/static/immutable/chunks/3qi00qrpi2qml.js:2:2570
    at https://vercel.com/_next/static/immutable/chunks/3qi00qrpi2qml.js:2:5203
    at Object.oE [as useMemo] (https://vercel.com/_next/static/immutable/chunks/1ez_xjl8u_-5_.js:109:75491)
    at push.r.useMemo (https://vercel.com/_next/static/immutable/chunks/3yj28cgcsk539.js:2:22543)
    at https://vercel.com/_next/static/immutable/chunks/3qi00qrpi2qml.js:2:4527
    at tT (https://vercel.com/_next/static/immutable/chunks/2j7mrzldu8mz6.js:2:83624)
    at aj (https://vercel.com/_next/static/immutable/chunks/1ez_xjl8u_-5_.js:109:66413)
    at ic (https://vercel.com/_next/static/immutable/chunks/1ez_xjl8u_-5_.js:109:87432)
    at iL (https://vercel.com/_next/static/immutable/chunks/1ez_xjl8u_-5_.js:109:99301)
    at sZ (https://vercel.com/_next/static/immutable/chunks/1ez_xjl8u_-5_.js:109:145139)
    at https://vercel.com/_next/static/immutable/chunks/1ez_xjl8u_-5_.js:109:144984
    at sX (https://vercel.com/_next/static/immutable/chunks/1ez_xjl8u_-5_.js:109:144992)
    at sU (https://vercel.com/_next/static/immutable/chunks/1ez_xjl8u_-5_.js:109:140153)
    at cS (https://vercel.com/_next/static/immutable/chunks/1ez_xjl8u_-5_.js:109:174983)
    at cy (https://vercel.com/_next/static/immutable/chunks/1ez_xjl8u_-5_.js:109:172886)
    at c_ (https://vercel.com/_next/static/immutable/chunks/1ez_xjl8u_-5_.js:109:173243)
    at https://vercel.com/_next/static/immutable/chunks/1ez_xjl8u_-5_.js:109:175042 {attributes: Object} @ https://vercel.com/_next/static/immutable/chunks/2sl1aftc4weqx.js:8
[  803813ms] [ERROR] Error: Missing param(s) [project] in link to route "/[teamSlug]/[project]/settings/environments"
    at https://vercel.com/_next/static/immutable/chunks/3qi00qrpi2qml.js:2:2570
    at https://vercel.com/_next/static/immutable/chunks/3qi00qrpi2qml.js:2:5203
    at Object.oE [as useMemo] (https://vercel.com/_next/static/immutable/chunks/1ez_xjl8u_-5_.js:109:75491)
    at push.r.useMemo (https://vercel.com/_next/static/immutable/chunks/3yj28cgcsk539.js:2:22543)
    at https://vercel.com/_next/static/immutable/chunks/3qi00qrpi2qml.js:2:4527
    at tT (https://vercel.com/_next/static/immutable/chunks/2j7mrzldu8mz6.js:2:83624)
    at aj (https://vercel.com/_next/static/immutable/chunks/1ez_xjl8u_-5_.js:109:66413)
    at ic (https://vercel.com/_next/static/immutable/chunks/1ez_xjl8u_-5_.js:109:87432)
    at iL (https://vercel.com/_next/static/immutable/chunks/1ez_xjl8u_-5_.js:109:99301)
    at sZ (https://vercel.com/_next/static/immutable/chunks/1ez_xjl8u_-5_.js:109:145139)
    at https://vercel.com/_next/static/immutable/chunks/1ez_xjl8u_-5_.js:109:144984
    at sX (https://vercel.com/_next/static/immutable/chunks/1ez_xjl8u_-5_.js:109:144992)
    at sU (https://vercel.com/_next/static/immutable/chunks/1ez_xjl8u_-5_.js:109:140153)
    at cS (https://vercel.com/_next/static/immutable/chunks/1ez_xjl8u_-5_.js:109:174983)
    at cy (https://vercel.com/_next/static/immutable/chunks/1ez_xjl8u_-5_.js:109:172886)
    at c_ (https://vercel.com/_next/static/immutable/chunks/1ez_xjl8u_-5_.js:109:173243)
    at https://vercel.com/_next/static/immutable/chunks/1ez_xjl8u_-5_.js:109:175042 {attributes: Object} @ https://vercel.com/_next/static/immutable/chunks/2sl1aftc4weqx.js:8
[  803815ms] [ERROR] Error: Missing param(s) [project] in link to route "/[teamSlug]/[project]/settings/build-and-deployment"
    at https://vercel.com/_next/static/immutable/chunks/3qi00qrpi2qml.js:2:2570
    at https://vercel.com/_next/static/immutable/chunks/3qi00qrpi2qml.js:2:5203
    at Object.oE [as useMemo] (https://vercel.com/_next/static/immutable/chunks/1ez_xjl8u_-5_.js:109:75491)
    at push.r.useMemo (https://vercel.com/_next/static/immutable/chunks/3yj28cgcsk539.js:2:22543)
    at https://vercel.com/_next/static/immutable/chunks/3qi00qrpi2qml.js:2:4527
    at tT (https://vercel.com/_next/static/immutable/chunks/2j7mrzldu8mz6.js:2:83624)
    at aj (https://vercel.com/_next/static/immutable/chunks/1ez_xjl8u_-5_.js:109:66413)
    at ic (https://vercel.com/_next/static/immutable/chunks/1ez_xjl8u_-5_.js:109:87432)
    at iL (https://vercel.com/_next/static/immutable/chunks/1ez_xjl8u_-5_.js:109:99301)
    at sZ (https://vercel.com/_next/static/immutable/chunks/1ez_xjl8u_-5_.js:109:145139)
    at https://vercel.com/_next/static/immutable/chunks/1ez_xjl8u_-5_.js:109:144984
    at sX (https://vercel.com/_next/static/immutable/chunks/1ez_xjl8u_-5_.js:109:144992)
    at sU (https://vercel.com/_next/static/immutable/chunks/1ez_xjl8u_-5_.js:109:140153)
    at cS (https://vercel.com/_next/static/immutable/chunks/1ez_xjl8u_-5_.js:109:174983)
    at cy (https://vercel.com/_next/static/immutable/chunks/1ez_xjl8u_-5_.js:109:172886)
    at c_ (https://vercel.com/_next/static/immutable/chunks/1ez_xjl8u_-5_.js:109:173243)
    at https://vercel.com/_next/static/immutable/chunks/1ez_xjl8u_-5_.js:109:175042 {attributes: Object} @ https://vercel.com/_next/static/immutable/chunks/2sl1aftc4weqx.js:8
[  803816ms] [ERROR] Error: Missing param(s) [project] in link to route "/[teamSlug]/[project]/observability/build-diagnostics"
    at https://vercel.com/_next/static/immutable/chunks/3qi00qrpi2qml.js:2:2570
    at https://vercel.com/_next/static/immutable/chunks/3qi00qrpi2qml.js:2:5203
    at Object.oE [as useMemo] (https://vercel.com/_next/static/immutable/chunks/1ez_xjl8u_-5_.js:109:75491)
    at push.r.useMemo (https://vercel.com/_next/static/immutable/chunks/3yj28cgcsk539.js:2:22543)
    at https://vercel.com/_next/static/immutable/chunks/3qi00qrpi2qml.js:2:4527
    at tT (https://vercel.com/_next/static/immutable/chunks/2j7mrzldu8mz6.js:2:83624)
    at aj (https://vercel.com/_next/static/immutable/chunks/1ez_xjl8u_-5_.js:109:66413)
    at ic (https://vercel.com/_next/static/immutable/chunks/1ez_xjl8u_-5_.js:109:87432)
    at iL (https://vercel.com/_next/static/immutable/chunks/1ez_xjl8u_-5_.js:109:99301)
    at sZ (https://vercel.com/_next/static/immutable/chunks/1ez_xjl8u_-5_.js:109:145139)
    at https://vercel.com/_next/static/immutable/chunks/1ez_xjl8u_-5_.js:109:144984
    at sX (https://vercel.com/_next/static/immutable/chunks/1ez_xjl8u_-5_.js:109:144992)
    at sU (https://vercel.com/_next/static/immutable/chunks/1ez_xjl8u_-5_.js:109:140153)
    at cS (https://vercel.com/_next/static/immutable/chunks/1ez_xjl8u_-5_.js:109:174983)
    at cy (https://vercel.com/_next/static/immutable/chunks/1ez_xjl8u_-5_.js:109:172886)
    at c_ (https://vercel.com/_next/static/immutable/chunks/1ez_xjl8u_-5_.js:109:173243)
    at https://vercel.com/_next/static/immutable/chunks/1ez_xjl8u_-5_.js:109:175042 {attributes: Object} @ https://vercel.com/_next/static/immutable/chunks/2sl1aftc4weqx.js:8
[  803817ms] [ERROR] Error: Missing param(s) [project] in link to route "/[teamSlug]/[project]/settings/git"
    at https://vercel.com/_next/static/immutable/chunks/3qi00qrpi2qml.js:2:2570
    at https://vercel.com/_next/static/immutable/chunks/3qi00qrpi2qml.js:2:5203
    at Object.oE [as useMemo] (https://vercel.com/_next/static/immutable/chunks/1ez_xjl8u_-5_.js:109:75491)
    at push.r.useMemo (https://vercel.com/_next/static/immutable/chunks/3yj28cgcsk539.js:2:22543)
    at https://vercel.com/_next/static/immutable/chunks/3qi00qrpi2qml.js:2:4527
    at tT (https://vercel.com/_next/static/immutable/chunks/2j7mrzldu8mz6.js:2:83624)
    at aj (https://vercel.com/_next/static/immutable/chunks/1ez_xjl8u_-5_.js:109:66413)
    at ic (https://vercel.com/_next/static/immutable/chunks/1ez_xjl8u_-5_.js:109:87432)
    at iL (https://vercel.com/_next/static/immutable/chunks/1ez_xjl8u_-5_.js:109:99301)
    at sZ (https://vercel.com/_next/static/immutable/chunks/1ez_xjl8u_-5_.js:109:145139)
    at https://vercel.com/_next/static/immutable/chunks/1ez_xjl8u_-5_.js:109:144984
    at sX (https://vercel.com/_next/static/immutable/chunks/1ez_xjl8u_-5_.js:109:144992)
    at sU (https://vercel.com/_next/static/immutable/chunks/1ez_xjl8u_-5_.js:109:140153)
    at cS (https://vercel.com/_next/static/immutable/chunks/1ez_xjl8u_-5_.js:109:174983)
    at cy (https://vercel.com/_next/static/immutable/chunks/1ez_xjl8u_-5_.js:109:172886)
    at c_ (https://vercel.com/_next/static/immutable/chunks/1ez_xjl8u_-5_.js:109:173243)
    at https://vercel.com/_next/static/immutable/chunks/1ez_xjl8u_-5_.js:109:175042 {attributes: Object} @ https://vercel.com/_next/static/immutable/chunks/2sl1aftc4weqx.js:8
[  803819ms] [ERROR] Error: Missing param(s) [project] in link to route "/[teamSlug]/[project]"
    at https://vercel.com/_next/static/immutable/chunks/3qi00qrpi2qml.js:2:2570
    at https://vercel.com/_next/static/immutable/chunks/3qi00qrpi2qml.js:2:3908
    at aj (https://vercel.com/_next/static/immutable/chunks/1ez_xjl8u_-5_.js:109:66413)
    at ic (https://vercel.com/_next/static/immutable/chunks/1ez_xjl8u_-5_.js:109:87432)
    at iL (https://vercel.com/_next/static/immutable/chunks/1ez_xjl8u_-5_.js:109:99301)
    at sZ (https://vercel.com/_next/static/immutable/chunks/1ez_xjl8u_-5_.js:109:145139)
    at https://vercel.com/_next/static/immutable/chunks/1ez_xjl8u_-5_.js:109:144984
    at sX (https://vercel.com/_next/static/immutable/chunks/1ez_xjl8u_-5_.js:109:144992)
    at sU (https://vercel.com/_next/static/immutable/chunks/1ez_xjl8u_-5_.js:109:140153)
    at cS (https://vercel.com/_next/static/immutable/chunks/1ez_xjl8u_-5_.js:109:174983)
    at cy (https://vercel.com/_next/static/immutable/chunks/1ez_xjl8u_-5_.js:109:172886)
    at c_ (https://vercel.com/_next/static/immutable/chunks/1ez_xjl8u_-5_.js:109:173243)
    at https://vercel.com/_next/static/immutable/chunks/1ez_xjl8u_-5_.js:109:175042 {attributes: Object} @ https://vercel.com/_next/static/immutable/chunks/2sl1aftc4weqx.js:8
[  803821ms] [ERROR] Error: Missing param(s) [project], [id] in link to route "/[teamSlug]/[project]/[id]"
    at https://vercel.com/_next/static/immutable/chunks/3qi00qrpi2qml.js:2:2570
    at https://vercel.com/_next/static/immutable/chunks/3qi00qrpi2qml.js:2:5203
    at Object.oE [as useMemo] (https://vercel.com/_next/static/immutable/chunks/1ez_xjl8u_-5_.js:109:75491)
    at push.r.useMemo (https://vercel.com/_next/static/immutable/chunks/3yj28cgcsk539.js:2:22543)
    at https://vercel.com/_next/static/immutable/chunks/3qi00qrpi2qml.js:2:4527
    at c (https://vercel.com/_next/static/immutable/chunks/3oc81hqdy7vft.js:2:5164)
    at aj (https://vercel.com/_next/static/immutable/chunks/1ez_xjl8u_-5_.js:109:66413)
    at ic (https://vercel.com/_next/static/immutable/chunks/1ez_xjl8u_-5_.js:109:87432)
    at iL (https://vercel.com/_next/static/immutable/chunks/1ez_xjl8u_-5_.js:109:99301)
    at sZ (https://vercel.com/_next/static/immutable/chunks/1ez_xjl8u_-5_.js:109:145139)
    at https://vercel.com/_next/static/immutable/chunks/1ez_xjl8u_-5_.js:109:144984
    at sX (https://vercel.com/_next/static/immutable/chunks/1ez_xjl8u_-5_.js:109:144992)
    at sU (https://vercel.com/_next/static/immutable/chunks/1ez_xjl8u_-5_.js:109:140153)
    at cS (https://vercel.com/_next/static/immutable/chunks/1ez_xjl8u_-5_.js:109:174983)
    at cy (https://vercel.com/_next/static/immutable/chunks/1ez_xjl8u_-5_.js:109:172886)
    at c_ (https://vercel.com/_next/static/immutable/chunks/1ez_xjl8u_-5_.js:109:173243)
    at https://vercel.com/_next/static/immutable/chunks/1ez_xjl8u_-5_.js:109:175042 {attributes: Object} @ https://vercel.com/_next/static/immutable/chunks/2sl1aftc4weqx.js:8
[  803822ms] [ERROR] Error: Missing param(s) [project], [id] in link to route "/[teamSlug]/[project]/[id]/logs"
    at https://vercel.com/_next/static/immutable/chunks/3qi00qrpi2qml.js:2:2570
    at https://vercel.com/_next/static/immutable/chunks/3qi00qrpi2qml.js:2:5203
    at Object.oE [as useMemo] (https://vercel.com/_next/static/immutable/chunks/1ez_xjl8u_-5_.js:109:75491)
    at push.r.useMemo (https://vercel.com/_next/static/immutable/chunks/3yj28cgcsk539.js:2:22543)
    at https://vercel.com/_next/static/immutable/chunks/3qi00qrpi2qml.js:2:4527
    at c (https://vercel.com/_next/static/immutable/chunks/3oc81hqdy7vft.js:2:5164)
    at aj (https://vercel.com/_next/static/immutable/chunks/1ez_xjl8u_-5_.js:109:66413)
    at ic (https://vercel.com/_next/static/immutable/chunks/1ez_xjl8u_-5_.js:109:87432)
    at iL (https://vercel.com/_next/static/immutable/chunks/1ez_xjl8u_-5_.js:109:99301)
    at sZ (https://vercel.com/_next/static/immutable/chunks/1ez_xjl8u_-5_.js:109:145139)
    at https://vercel.com/_next/static/immutable/chunks/1ez_xjl8u_-5_.js:109:144984
    at sX (https://vercel.com/_next/static/immutable/chunks/1ez_xjl8u_-5_.js:109:144992)
    at sU (https://vercel.com/_next/static/immutable/chunks/1ez_xjl8u_-5_.js:109:140153)
    at cS (https://vercel.com/_next/static/immutable/chunks/1ez_xjl8u_-5_.js:109:174983)
    at cy (https://vercel.com/_next/static/immutable/chunks/1ez_xjl8u_-5_.js:109:172886)
    at c_ (https://vercel.com/_next/static/immutable/chunks/1ez_xjl8u_-5_.js:109:173243)
    at https://vercel.com/_next/static/immutable/chunks/1ez_xjl8u_-5_.js:109:175042 {attributes: Object} @ https://vercel.com/_next/static/immutable/chunks/2sl1aftc4weqx.js:8
[  803823ms] [ERROR] Error: Missing param(s) [project], [id] in link to route "/[teamSlug]/[project]/[id]/resources"
    at https://vercel.com/_next/static/immutable/chunks/3qi00qrpi2qml.js:2:2570
    at https://vercel.com/_next/static/immutable/chunks/3qi00qrpi2qml.js:2:5203
    at Object.oE [as useMemo] (https://vercel.com/_next/static/immutable/chunks/1ez_xjl8u_-5_.js:109:75491)
    at push.r.useMemo (https://vercel.com/_next/static/immutable/chunks/3yj28cgcsk539.js:2:22543)
    at https://vercel.com/_next/static/immutable/chunks/3qi00qrpi2qml.js:2:4527
    at c (https://vercel.com/_next/static/immutable/chunks/3oc81hqdy7vft.js:2:5164)
    at aj (https://vercel.com/_next/static/immutable/chunks/1ez_xjl8u_-5_.js:109:66413)
    at ic (https://vercel.com/_next/static/immutable/chunks/1ez_xjl8u_-5_.js:109:87432)
    at iL (https://vercel.com/_next/static/immutable/chunks/1ez_xjl8u_-5_.js:109:99301)
    at sZ (https://vercel.com/_next/static/immutable/chunks/1ez_xjl8u_-5_.js:109:145139)
    at https://vercel.com/_next/static/immutable/chunks/1ez_xjl8u_-5_.js:109:144984
    at sX (https://vercel.com/_next/static/immutable/chunks/1ez_xjl8u_-5_.js:109:144992)
    at sU (https://vercel.com/_next/static/immutable/chunks/1ez_xjl8u_-5_.js:109:140153)
    at cS (https://vercel.com/_next/static/immutable/chunks/1ez_xjl8u_-5_.js:109:174983)
    at cy (https://vercel.com/_next/static/immutable/chunks/1ez_xjl8u_-5_.js:109:172886)
    at c_ (https://vercel.com/_next/static/immutable/chunks/1ez_xjl8u_-5_.js:109:173243)
    at https://vercel.com/_next/static/immutable/chunks/1ez_xjl8u_-5_.js:109:175042 {attributes: Object} @ https://vercel.com/_next/static/immutable/chunks/2sl1aftc4weqx.js:8
[  803824ms] [ERROR] Error: Missing param(s) [project], [id] in link to route "/[teamSlug]/[project]/[id]/source"
    at https://vercel.com/_next/static/immutable/chunks/3qi00qrpi2qml.js:2:2570
    at https://vercel.com/_next/static/immutable/chunks/3qi00qrpi2qml.js:2:5203
    at Object.oE [as useMemo] (https://vercel.com/_next/static/immutable/chunks/1ez_xjl8u_-5_.js:109:75491)
    at push.r.useMemo (https://vercel.com/_next/static/immutable/chunks/3yj28cgcsk539.js:2:22543)
    at https://vercel.com/_next/static/immutable/chunks/3qi00qrpi2qml.js:2:4527
    at c (https://vercel.com/_next/static/immutable/chunks/3oc81hqdy7vft.js:2:5164)
    at aj (https://vercel.com/_next/static/immutable/chunks/1ez_xjl8u_-5_.js:109:66413)
    at ic (https://vercel.com/_next/static/immutable/chunks/1ez_xjl8u_-5_.js:109:87432)
    at iL (https://vercel.com/_next/static/immutable/chunks/1ez_xjl8u_-5_.js:109:99301)
    at sZ (https://vercel.com/_next/static/immutable/chunks/1ez_xjl8u_-5_.js:109:145139)
    at https://vercel.com/_next/static/immutable/chunks/1ez_xjl8u_-5_.js:109:144984
    at sX (https://vercel.com/_next/static/immutable/chunks/1ez_xjl8u_-5_.js:109:144992)
    at sU (https://vercel.com/_next/static/immutable/chunks/1ez_xjl8u_-5_.js:109:140153)
    at cS (https://vercel.com/_next/static/immutable/chunks/1ez_xjl8u_-5_.js:109:174983)
    at cy (https://vercel.com/_next/static/immutable/chunks/1ez_xjl8u_-5_.js:109:172886)
    at c_ (https://vercel.com/_next/static/immutable/chunks/1ez_xjl8u_-5_.js:109:173243)
    at https://vercel.com/_next/static/immutable/chunks/1ez_xjl8u_-5_.js:109:175042 {attributes: Object} @ https://vercel.com/_next/static/immutable/chunks/2sl1aftc4weqx.js:8
[  803826ms] [ERROR] Error: Missing param(s) [project], [id] in link to route "/[teamSlug]/[project]/[id]/og"
    at https://vercel.com/_next/static/immutable/chunks/3qi00qrpi2qml.js:2:2570
    at https://vercel.com/_next/static/immutable/chunks/3qi00qrpi2qml.js:2:5203
    at Object.oE [as useMemo] (https://vercel.com/_next/static/immutable/chunks/1ez_xjl8u_-5_.js:109:75491)
    at push.r.useMemo (https://vercel.com/_next/static/immutable/chunks/3yj28cgcsk539.js:2:22543)
    at https://vercel.com/_next/static/immutable/chunks/3qi00qrpi2qml.js:2:4527
    at c (https://vercel.com/_next/static/immutable/chunks/3oc81hqdy7vft.js:2:5164)
    at aj (https://vercel.com/_next/static/immutable/chunks/1ez_xjl8u_-5_.js:109:66413)
    at ic (https://vercel.com/_next/static/immutable/chunks/1ez_xjl8u_-5_.js:109:87432)
    at iL (https://vercel.com/_next/static/immutable/chunks/1ez_xjl8u_-5_.js:109:99301)
    at sZ (https://vercel.com/_next/static/immutable/chunks/1ez_xjl8u_-5_.js:109:145139)
    at https://vercel.com/_next/static/immutable/chunks/1ez_xjl8u_-5_.js:109:144984
    at sX (https://vercel.com/_next/static/immutable/chunks/1ez_xjl8u_-5_.js:109:144992)
    at sU (https://vercel.com/_next/static/immutable/chunks/1ez_xjl8u_-5_.js:109:140153)
    at cS (https://vercel.com/_next/static/immutable/chunks/1ez_xjl8u_-5_.js:109:174983)
    at cy (https://vercel.com/_next/static/immutable/chunks/1ez_xjl8u_-5_.js:109:172886)
    at c_ (https://vercel.com/_next/static/immutable/chunks/1ez_xjl8u_-5_.js:109:173243)
    at https://vercel.com/_next/static/immutable/chunks/1ez_xjl8u_-5_.js:109:175042 {attributes: Object} @ https://vercel.com/_next/static/immutable/chunks/2sl1aftc4weqx.js:8
[  804255ms] [ERROR] Failed to load resource: the server responded with a status of 400 () @ https://vercel.com/e62b3a9e28ed8bca/event:0
[  804362ms] [WARNING] The resource https://vercel.com/_next/static/immutable/chunks/3-8o8rgv2oz7a.css was preloaded using link preload but not used within a few seconds from the window's load event. Please make sure it has an appropriate `as` value and it is preloaded intentionally. @ https://vercel.com/syaakiirrmfs-projects/traceo/Bzyk4S5uDfBn12q85iYY1386TYGy#intent:sidebar:logs:0
[  804363ms] [WARNING] The resource https://vercel.com/_next/static/immutable/chunks/3x-498ddzryk9.css was preloaded using link preload but not used within a few seconds from the window's load event. Please make sure it has an appropriate `as` value and it is preloaded intentionally. @ https://vercel.com/syaakiirrmfs-projects/traceo/Bzyk4S5uDfBn12q85iYY1386TYGy#intent:sidebar:logs:0
[  804363ms] [WARNING] The resource https://vercel.com/_next/static/immutable/chunks/2auu4bhcsy3ul.css was preloaded using link preload but not used within a few seconds from the window's load event. Please make sure it has an appropriate `as` value and it is preloaded intentionally. @ https://vercel.com/syaakiirrmfs-projects/traceo/Bzyk4S5uDfBn12q85iYY1386TYGy#intent:sidebar:logs:0
[  804363ms] [WARNING] The resource https://vercel.com/_next/static/immutable/chunks/3flhcz7cw314y.css was preloaded using link preload but not used within a few seconds from the window's load event. Please make sure it has an appropriate `as` value and it is preloaded intentionally. @ https://vercel.com/syaakiirrmfs-projects/traceo/Bzyk4S5uDfBn12q85iYY1386TYGy#intent:sidebar:logs:0
[  805064ms] [ERROR] Failed to load resource: the server responded with a status of 400 () @ https://vercel.com/e62b3a9e28ed8bca/event:0
[  805853ms] [ERROR] Failed to load resource: the server responded with a status of 404 () @ https://vercel.com/api/v6/deployments/dpl_2gFywMFAvo4EFK2H489ar24WiEHk/files/turborepo-summary?teamId=syaakiirrmfs-projects:0
[  805854ms] [ERROR] Failed to load resource: the server responded with a status of 404 () @ https://vercel.com/api/v6/deployments/dpl_Bzyk4S5uDfBn12q85iYY1386TYGy/files/turborepo-summary?teamId=syaakiirrmfs-projects:0
[  806381ms] [ERROR] Error: Missing param(s) [id] in link to route "/[teamSlug]/[project]/[id]"
    at https://vercel.com/_next/static/immutable/chunks/3qi00qrpi2qml.js:2:2570
    at https://vercel.com/_next/static/immutable/chunks/3qi00qrpi2qml.js:2:5203
    at Object.oE [as useMemo] (https://vercel.com/_next/static/immutable/chunks/1ez_xjl8u_-5_.js:109:75491)
    at push.r.useMemo (https://vercel.com/_next/static/immutable/chunks/3yj28cgcsk539.js:2:22543)
    at https://vercel.com/_next/static/immutable/chunks/3qi00qrpi2qml.js:2:4527
    at c (https://vercel.com/_next/static/immutable/chunks/3oc81hqdy7vft.js:2:5164)
    at aj (https://vercel.com/_next/static/immutable/chunks/1ez_xjl8u_-5_.js:109:66413)
    at ic (https://vercel.com/_next/static/immutable/chunks/1ez_xjl8u_-5_.js:109:87432)
    at iL (https://vercel.com/_next/static/immutable/chunks/1ez_xjl8u_-5_.js:109:99301)
    at sZ (https://vercel.com/_next/static/immutable/chunks/1ez_xjl8u_-5_.js:109:145139)
    at https://vercel.com/_next/static/immutable/chunks/1ez_xjl8u_-5_.js:109:140046
    at sU (https://vercel.com/_next/static/immutable/chunks/1ez_xjl8u_-5_.js:109:140147)
    at ck (https://vercel.com/_next/static/immutable/chunks/1ez_xjl8u_-5_.js:109:174862)
    at MessagePort.C (https://vercel.com/_next/static/immutable/chunks/1ez_xjl8u_-5_.js:109:235590) {attributes: Object} @ https://vercel.com/_next/static/immutable/chunks/2sl1aftc4weqx.js:8
[  806383ms] [ERROR] Error: Missing param(s) [id] in link to route "/[teamSlug]/[project]/[id]/logs"
    at https://vercel.com/_next/static/immutable/chunks/3qi00qrpi2qml.js:2:2570
    at https://vercel.com/_next/static/immutable/chunks/3qi00qrpi2qml.js:2:5203
    at Object.oE [as useMemo] (https://vercel.com/_next/static/immutable/chunks/1ez_xjl8u_-5_.js:109:75491)
    at push.r.useMemo (https://vercel.com/_next/static/immutable/chunks/3yj28cgcsk539.js:2:22543)
    at https://vercel.com/_next/static/immutable/chunks/3qi00qrpi2qml.js:2:4527
    at c (https://vercel.com/_next/static/immutable/chunks/3oc81hqdy7vft.js:2:5164)
    at aj (https://vercel.com/_next/static/immutable/chunks/1ez_xjl8u_-5_.js:109:66413)
    at ic (https://vercel.com/_next/static/immutable/chunks/1ez_xjl8u_-5_.js:109:87432)
    at iL (https://vercel.com/_next/static/immutable/chunks/1ez_xjl8u_-5_.js:109:99301)
    at sZ (https://vercel.com/_next/static/immutable/chunks/1ez_xjl8u_-5_.js:109:145139)
    at https://vercel.com/_next/static/immutable/chunks/1ez_xjl8u_-5_.js:109:140046
    at sU (https://vercel.com/_next/static/immutable/chunks/1ez_xjl8u_-5_.js:109:140147)
    at ck (https://vercel.com/_next/static/immutable/chunks/1ez_xjl8u_-5_.js:109:174862)
    at MessagePort.C (https://vercel.com/_next/static/immutable/chunks/1ez_xjl8u_-5_.js:109:235590) {attributes: Object} @ https://vercel.com/_next/static/immutable/chunks/2sl1aftc4weqx.js:8
[  806384ms] [ERROR] Error: Missing param(s) [id] in link to route "/[teamSlug]/[project]/[id]/resources"
    at https://vercel.com/_next/static/immutable/chunks/3qi00qrpi2qml.js:2:2570
    at https://vercel.com/_next/static/immutable/chunks/3qi00qrpi2qml.js:2:5203
    at Object.oE [as useMemo] (https://vercel.com/_next/static/immutable/chunks/1ez_xjl8u_-5_.js:109:75491)
    at push.r.useMemo (https://vercel.com/_next/static/immutable/chunks/3yj28cgcsk539.js:2:22543)
    at https://vercel.com/_next/static/immutable/chunks/3qi00qrpi2qml.js:2:4527
    at c (https://vercel.com/_next/static/immutable/chunks/3oc81hqdy7vft.js:2:5164)
    at aj (https://vercel.com/_next/static/immutable/chunks/1ez_xjl8u_-5_.js:109:66413)
    at ic (https://vercel.com/_next/static/immutable/chunks/1ez_xjl8u_-5_.js:109:87432)
    at iL (https://vercel.com/_next/static/immutable/chunks/1ez_xjl8u_-5_.js:109:99301)
    at sZ (https://vercel.com/_next/static/immutable/chunks/1ez_xjl8u_-5_.js:109:145139)
    at https://vercel.com/_next/static/immutable/chunks/1ez_xjl8u_-5_.js:109:140046
    at sU (https://vercel.com/_next/static/immutable/chunks/1ez_xjl8u_-5_.js:109:140147)
    at ck (https://vercel.com/_next/static/immutable/chunks/1ez_xjl8u_-5_.js:109:174862)
    at MessagePort.C (https://vercel.com/_next/static/immutable/chunks/1ez_xjl8u_-5_.js:109:235590) {attributes: Object} @ https://vercel.com/_next/static/immutable/chunks/2sl1aftc4weqx.js:8
[  806385ms] [ERROR] Error: Missing param(s) [id] in link to route "/[teamSlug]/[project]/[id]/source"
    at https://vercel.com/_next/static/immutable/chunks/3qi00qrpi2qml.js:2:2570
    at https://vercel.com/_next/static/immutable/chunks/3qi00qrpi2qml.js:2:5203
    at Object.oE [as useMemo] (https://vercel.com/_next/static/immutable/chunks/1ez_xjl8u_-5_.js:109:75491)
    at push.r.useMemo (https://vercel.com/_next/static/immutable/chunks/3yj28cgcsk539.js:2:22543)
    at https://vercel.com/_next/static/immutable/chunks/3qi00qrpi2qml.js:2:4527
    at c (https://vercel.com/_next/static/immutable/chunks/3oc81hqdy7vft.js:2:5164)
    at aj (https://vercel.com/_next/static/immutable/chunks/1ez_xjl8u_-5_.js:109:66413)
    at ic (https://vercel.com/_next/static/immutable/chunks/1ez_xjl8u_-5_.js:109:87432)
    at iL (https://vercel.com/_next/static/immutable/chunks/1ez_xjl8u_-5_.js:109:99301)
    at sZ (https://vercel.com/_next/static/immutable/chunks/1ez_xjl8u_-5_.js:109:145139)
    at https://vercel.com/_next/static/immutable/chunks/1ez_xjl8u_-5_.js:109:140046
    at sU (https://vercel.com/_next/static/immutable/chunks/1ez_xjl8u_-5_.js:109:140147)
    at ck (https://vercel.com/_next/static/immutable/chunks/1ez_xjl8u_-5_.js:109:174862)
    at MessagePort.C (https://vercel.com/_next/static/immutable/chunks/1ez_xjl8u_-5_.js:109:235590) {attributes: Object} @ https://vercel.com/_next/static/immutable/chunks/2sl1aftc4weqx.js:8
[  806385ms] [ERROR] Error: Missing param(s) [id] in link to route "/[teamSlug]/[project]/[id]/og"
    at https://vercel.com/_next/static/immutable/chunks/3qi00qrpi2qml.js:2:2570
    at https://vercel.com/_next/static/immutable/chunks/3qi00qrpi2qml.js:2:5203
    at Object.oE [as useMemo] (https://vercel.com/_next/static/immutable/chunks/1ez_xjl8u_-5_.js:109:75491)
    at push.r.useMemo (https://vercel.com/_next/static/immutable/chunks/3yj28cgcsk539.js:2:22543)
    at https://vercel.com/_next/static/immutable/chunks/3qi00qrpi2qml.js:2:4527
    at c (https://vercel.com/_next/static/immutable/chunks/3oc81hqdy7vft.js:2:5164)
    at aj (https://vercel.com/_next/static/immutable/chunks/1ez_xjl8u_-5_.js:109:66413)
    at ic (https://vercel.com/_next/static/immutable/chunks/1ez_xjl8u_-5_.js:109:87432)
    at iL (https://vercel.com/_next/static/immutable/chunks/1ez_xjl8u_-5_.js:109:99301)
    at sZ (https://vercel.com/_next/static/immutable/chunks/1ez_xjl8u_-5_.js:109:145139)
    at https://vercel.com/_next/static/immutable/chunks/1ez_xjl8u_-5_.js:109:140046
    at sU (https://vercel.com/_next/static/immutable/chunks/1ez_xjl8u_-5_.js:109:140147)
    at ck (https://vercel.com/_next/static/immutable/chunks/1ez_xjl8u_-5_.js:109:174862)
    at MessagePort.C (https://vercel.com/_next/static/immutable/chunks/1ez_xjl8u_-5_.js:109:235590) {attributes: Object} @ https://vercel.com/_next/static/immutable/chunks/2sl1aftc4weqx.js:8
[  810068ms] [ERROR] Error: Missing param(s) [id] in link to route "/[teamSlug]/[project]/[id]"
    at https://vercel.com/_next/static/immutable/chunks/3qi00qrpi2qml.js:2:2570
    at https://vercel.com/_next/static/immutable/chunks/3qi00qrpi2qml.js:2:5203
    at Object.oE [as useMemo] (https://vercel.com/_next/static/immutable/chunks/1ez_xjl8u_-5_.js:109:75491)
    at push.r.useMemo (https://vercel.com/_next/static/immutable/chunks/3yj28cgcsk539.js:2:22543)
    at https://vercel.com/_next/static/immutable/chunks/3qi00qrpi2qml.js:2:4527
    at c (https://vercel.com/_next/static/immutable/chunks/3oc81hqdy7vft.js:2:5164)
    at aj (https://vercel.com/_next/static/immutable/chunks/1ez_xjl8u_-5_.js:109:66413)
    at ic (https://vercel.com/_next/static/immutable/chunks/1ez_xjl8u_-5_.js:109:87432)
    at iL (https://vercel.com/_next/static/immutable/chunks/1ez_xjl8u_-5_.js:109:99301)
    at sZ (https://vercel.com/_next/static/immutable/chunks/1ez_xjl8u_-5_.js:109:145139)
    at https://vercel.com/_next/static/immutable/chunks/1ez_xjl8u_-5_.js:109:140046
    at sU (https://vercel.com/_next/static/immutable/chunks/1ez_xjl8u_-5_.js:109:140147)
    at ck (https://vercel.com/_next/static/immutable/chunks/1ez_xjl8u_-5_.js:109:174862)
    at MessagePort.C (https://vercel.com/_next/static/immutable/chunks/1ez_xjl8u_-5_.js:109:235590) {attributes: Object} @ https://vercel.com/_next/static/immutable/chunks/2sl1aftc4weqx.js:8
[  810069ms] [ERROR] Error: Missing param(s) [id] in link to route "/[teamSlug]/[project]/[id]/logs"
    at https://vercel.com/_next/static/immutable/chunks/3qi00qrpi2qml.js:2:2570
    at https://vercel.com/_next/static/immutable/chunks/3qi00qrpi2qml.js:2:5203
    at Object.oE [as useMemo] (https://vercel.com/_next/static/immutable/chunks/1ez_xjl8u_-5_.js:109:75491)
    at push.r.useMemo (https://vercel.com/_next/static/immutable/chunks/3yj28cgcsk539.js:2:22543)
    at https://vercel.com/_next/static/immutable/chunks/3qi00qrpi2qml.js:2:4527
    at c (https://vercel.com/_next/static/immutable/chunks/3oc81hqdy7vft.js:2:5164)
    at aj (https://vercel.com/_next/static/immutable/chunks/1ez_xjl8u_-5_.js:109:66413)
    at ic (https://vercel.com/_next/static/immutable/chunks/1ez_xjl8u_-5_.js:109:87432)
    at iL (https://vercel.com/_next/static/immutable/chunks/1ez_xjl8u_-5_.js:109:99301)
    at sZ (https://vercel.com/_next/static/immutable/chunks/1ez_xjl8u_-5_.js:109:145139)
    at https://vercel.com/_next/static/immutable/chunks/1ez_xjl8u_-5_.js:109:140046
    at sU (https://vercel.com/_next/static/immutable/chunks/1ez_xjl8u_-5_.js:109:140147)
    at ck (https://vercel.com/_next/static/immutable/chunks/1ez_xjl8u_-5_.js:109:174862)
    at MessagePort.C (https://vercel.com/_next/static/immutable/chunks/1ez_xjl8u_-5_.js:109:235590) {attributes: Object} @ https://vercel.com/_next/static/immutable/chunks/2sl1aftc4weqx.js:8
[  810070ms] [ERROR] Error: Missing param(s) [id] in link to route "/[teamSlug]/[project]/[id]/resources"
    at https://vercel.com/_next/static/immutable/chunks/3qi00qrpi2qml.js:2:2570
    at https://vercel.com/_next/static/immutable/chunks/3qi00qrpi2qml.js:2:5203
    at Object.oE [as useMemo] (https://vercel.com/_next/static/immutable/chunks/1ez_xjl8u_-5_.js:109:75491)
    at push.r.useMemo (https://vercel.com/_next/static/immutable/chunks/3yj28cgcsk539.js:2:22543)
    at https://vercel.com/_next/static/immutable/chunks/3qi00qrpi2qml.js:2:4527
    at c (https://vercel.com/_next/static/immutable/chunks/3oc81hqdy7vft.js:2:5164)
    at aj (https://vercel.com/_next/static/immutable/chunks/1ez_xjl8u_-5_.js:109:66413)
    at ic (https://vercel.com/_next/static/immutable/chunks/1ez_xjl8u_-5_.js:109:87432)
    at iL (https://vercel.com/_next/static/immutable/chunks/1ez_xjl8u_-5_.js:109:99301)
    at sZ (https://vercel.com/_next/static/immutable/chunks/1ez_xjl8u_-5_.js:109:145139)
    at https://vercel.com/_next/static/immutable/chunks/1ez_xjl8u_-5_.js:109:140046
    at sU (https://vercel.com/_next/static/immutable/chunks/1ez_xjl8u_-5_.js:109:140147)
    at ck (https://vercel.com/_next/static/immutable/chunks/1ez_xjl8u_-5_.js:109:174862)
    at MessagePort.C (https://vercel.com/_next/static/immutable/chunks/1ez_xjl8u_-5_.js:109:235590) {attributes: Object} @ https://vercel.com/_next/static/immutable/chunks/2sl1aftc4weqx.js:8
[  810071ms] [ERROR] Error: Missing param(s) [id] in link to route "/[teamSlug]/[project]/[id]/source"
    at https://vercel.com/_next/static/immutable/chunks/3qi00qrpi2qml.js:2:2570
    at https://vercel.com/_next/static/immutable/chunks/3qi00qrpi2qml.js:2:5203
    at Object.oE [as useMemo] (https://vercel.com/_next/static/immutable/chunks/1ez_xjl8u_-5_.js:109:75491)
    at push.r.useMemo (https://vercel.com/_next/static/immutable/chunks/3yj28cgcsk539.js:2:22543)
    at https://vercel.com/_next/static/immutable/chunks/3qi00qrpi2qml.js:2:4527
    at c (https://vercel.com/_next/static/immutable/chunks/3oc81hqdy7vft.js:2:5164)
    at aj (https://vercel.com/_next/static/immutable/chunks/1ez_xjl8u_-5_.js:109:66413)
    at ic (https://vercel.com/_next/static/immutable/chunks/1ez_xjl8u_-5_.js:109:87432)
    at iL (https://vercel.com/_next/static/immutable/chunks/1ez_xjl8u_-5_.js:109:99301)
    at sZ (https://vercel.com/_next/static/immutable/chunks/1ez_xjl8u_-5_.js:109:145139)
    at https://vercel.com/_next/static/immutable/chunks/1ez_xjl8u_-5_.js:109:140046
    at sU (https://vercel.com/_next/static/immutable/chunks/1ez_xjl8u_-5_.js:109:140147)
    at ck (https://vercel.com/_next/static/immutable/chunks/1ez_xjl8u_-5_.js:109:174862)
    at MessagePort.C (https://vercel.com/_next/static/immutable/chunks/1ez_xjl8u_-5_.js:109:235590) {attributes: Object} @ https://vercel.com/_next/static/immutable/chunks/2sl1aftc4weqx.js:8
[  810072ms] [ERROR] Error: Missing param(s) [id] in link to route "/[teamSlug]/[project]/[id]/og"
    at https://vercel.com/_next/static/immutable/chunks/3qi00qrpi2qml.js:2:2570
    at https://vercel.com/_next/static/immutable/chunks/3qi00qrpi2qml.js:2:5203
    at Object.oE [as useMemo] (https://vercel.com/_next/static/immutable/chunks/1ez_xjl8u_-5_.js:109:75491)
    at push.r.useMemo (https://vercel.com/_next/static/immutable/chunks/3yj28cgcsk539.js:2:22543)
    at https://vercel.com/_next/static/immutable/chunks/3qi00qrpi2qml.js:2:4527
    at c (https://vercel.com/_next/static/immutable/chunks/3oc81hqdy7vft.js:2:5164)
    at aj (https://vercel.com/_next/static/immutable/chunks/1ez_xjl8u_-5_.js:109:66413)
    at ic (https://vercel.com/_next/static/immutable/chunks/1ez_xjl8u_-5_.js:109:87432)
    at iL (https://vercel.com/_next/static/immutable/chunks/1ez_xjl8u_-5_.js:109:99301)
    at sZ (https://vercel.com/_next/static/immutable/chunks/1ez_xjl8u_-5_.js:109:145139)
    at https://vercel.com/_next/static/immutable/chunks/1ez_xjl8u_-5_.js:109:140046
    at sU (https://vercel.com/_next/static/immutable/chunks/1ez_xjl8u_-5_.js:109:140147)
    at ck (https://vercel.com/_next/static/immutable/chunks/1ez_xjl8u_-5_.js:109:174862)
    at MessagePort.C (https://vercel.com/_next/static/immutable/chunks/1ez_xjl8u_-5_.js:109:235590) {attributes: Object} @ https://vercel.com/_next/static/immutable/chunks/2sl1aftc4weqx.js:8
[  811985ms] [ERROR] Error: Missing param(s) [id] in link to route "/[teamSlug]/[project]/[id]"
    at https://vercel.com/_next/static/immutable/chunks/3qi00qrpi2qml.js:2:2570
    at https://vercel.com/_next/static/immutable/chunks/3qi00qrpi2qml.js:2:5203
    at Object.oE [as useMemo] (https://vercel.com/_next/static/immutable/chunks/1ez_xjl8u_-5_.js:109:75491)
    at push.r.useMemo (https://vercel.com/_next/static/immutable/chunks/3yj28cgcsk539.js:2:22543)
    at https://vercel.com/_next/static/immutable/chunks/3qi00qrpi2qml.js:2:4527
    at c (https://vercel.com/_next/static/immutable/chunks/3oc81hqdy7vft.js:2:5164)
    at aj (https://vercel.com/_next/static/immutable/chunks/1ez_xjl8u_-5_.js:109:66413)
    at ic (https://vercel.com/_next/static/immutable/chunks/1ez_xjl8u_-5_.js:109:87432)
    at iL (https://vercel.com/_next/static/immutable/chunks/1ez_xjl8u_-5_.js:109:99301)
    at sZ (https://vercel.com/_next/static/immutable/chunks/1ez_xjl8u_-5_.js:109:145139)
    at https://vercel.com/_next/static/immutable/chunks/1ez_xjl8u_-5_.js:109:140046
    at sU (https://vercel.com/_next/static/immutable/chunks/1ez_xjl8u_-5_.js:109:140147)
    at ck (https://vercel.com/_next/static/immutable/chunks/1ez_xjl8u_-5_.js:109:174862)
    at MessagePort.C (https://vercel.com/_next/static/immutable/chunks/1ez_xjl8u_-5_.js:109:235590) {attributes: Object} @ https://vercel.com/_next/static/immutable/chunks/2sl1aftc4weqx.js:8
[  811986ms] [ERROR] Error: Missing param(s) [id] in link to route "/[teamSlug]/[project]/[id]/logs"
    at https://vercel.com/_next/static/immutable/chunks/3qi00qrpi2qml.js:2:2570
    at https://vercel.com/_next/static/immutable/chunks/3qi00qrpi2qml.js:2:5203
    at Object.oE [as useMemo] (https://vercel.com/_next/static/immutable/chunks/1ez_xjl8u_-5_.js:109:75491)
    at push.r.useMemo (https://vercel.com/_next/static/immutable/chunks/3yj28cgcsk539.js:2:22543)
    at https://vercel.com/_next/static/immutable/chunks/3qi00qrpi2qml.js:2:4527
    at c (https://vercel.com/_next/static/immutable/chunks/3oc81hqdy7vft.js:2:5164)
    at aj (https://vercel.com/_next/static/immutable/chunks/1ez_xjl8u_-5_.js:109:66413)
    at ic (https://vercel.com/_next/static/immutable/chunks/1ez_xjl8u_-5_.js:109:87432)
    at iL (https://vercel.com/_next/static/immutable/chunks/1ez_xjl8u_-5_.js:109:99301)
    at sZ (https://vercel.com/_next/static/immutable/chunks/1ez_xjl8u_-5_.js:109:145139)
    at https://vercel.com/_next/static/immutable/chunks/1ez_xjl8u_-5_.js:109:140046
    at sU (https://vercel.com/_next/static/immutable/chunks/1ez_xjl8u_-5_.js:109:140147)
    at ck (https://vercel.com/_next/static/immutable/chunks/1ez_xjl8u_-5_.js:109:174862)
    at MessagePort.C (https://vercel.com/_next/static/immutable/chunks/1ez_xjl8u_-5_.js:109:235590) {attributes: Object} @ https://vercel.com/_next/static/immutable/chunks/2sl1aftc4weqx.js:8
[  811987ms] [ERROR] Error: Missing param(s) [id] in link to route "/[teamSlug]/[project]/[id]/resources"
    at https://vercel.com/_next/static/immutable/chunks/3qi00qrpi2qml.js:2:2570
    at https://vercel.com/_next/static/immutable/chunks/3qi00qrpi2qml.js:2:5203
    at Object.oE [as useMemo] (https://vercel.com/_next/static/immutable/chunks/1ez_xjl8u_-5_.js:109:75491)
    at push.r.useMemo (https://vercel.com/_next/static/immutable/chunks/3yj28cgcsk539.js:2:22543)
    at https://vercel.com/_next/static/immutable/chunks/3qi00qrpi2qml.js:2:4527
    at c (https://vercel.com/_next/static/immutable/chunks/3oc81hqdy7vft.js:2:5164)
    at aj (https://vercel.com/_next/static/immutable/chunks/1ez_xjl8u_-5_.js:109:66413)
    at ic (https://vercel.com/_next/static/immutable/chunks/1ez_xjl8u_-5_.js:109:87432)
    at iL (https://vercel.com/_next/static/immutable/chunks/1ez_xjl8u_-5_.js:109:99301)
    at sZ (https://vercel.com/_next/static/immutable/chunks/1ez_xjl8u_-5_.js:109:145139)
    at https://vercel.com/_next/static/immutable/chunks/1ez_xjl8u_-5_.js:109:140046
    at sU (https://vercel.com/_next/static/immutable/chunks/1ez_xjl8u_-5_.js:109:140147)
    at ck (https://vercel.com/_next/static/immutable/chunks/1ez_xjl8u_-5_.js:109:174862)
    at MessagePort.C (https://vercel.com/_next/static/immutable/chunks/1ez_xjl8u_-5_.js:109:235590) {attributes: Object} @ https://vercel.com/_next/static/immutable/chunks/2sl1aftc4weqx.js:8
[  811988ms] [ERROR] Error: Missing param(s) [id] in link to route "/[teamSlug]/[project]/[id]/source"
    at https://vercel.com/_next/static/immutable/chunks/3qi00qrpi2qml.js:2:2570
    at https://vercel.com/_next/static/immutable/chunks/3qi00qrpi2qml.js:2:5203
    at Object.oE [as useMemo] (https://vercel.com/_next/static/immutable/chunks/1ez_xjl8u_-5_.js:109:75491)
    at push.r.useMemo (https://vercel.com/_next/static/immutable/chunks/3yj28cgcsk539.js:2:22543)
    at https://vercel.com/_next/static/immutable/chunks/3qi00qrpi2qml.js:2:4527
    at c (https://vercel.com/_next/static/immutable/chunks/3oc81hqdy7vft.js:2:5164)
    at aj (https://vercel.com/_next/static/immutable/chunks/1ez_xjl8u_-5_.js:109:66413)
    at ic (https://vercel.com/_next/static/immutable/chunks/1ez_xjl8u_-5_.js:109:87432)
    at iL (https://vercel.com/_next/static/immutable/chunks/1ez_xjl8u_-5_.js:109:99301)
    at sZ (https://vercel.com/_next/static/immutable/chunks/1ez_xjl8u_-5_.js:109:145139)
    at https://vercel.com/_next/static/immutable/chunks/1ez_xjl8u_-5_.js:109:140046
    at sU (https://vercel.com/_next/static/immutable/chunks/1ez_xjl8u_-5_.js:109:140147)
    at ck (https://vercel.com/_next/static/immutable/chunks/1ez_xjl8u_-5_.js:109:174862)
    at MessagePort.C (https://vercel.com/_next/static/immutable/chunks/1ez_xjl8u_-5_.js:109:235590) {attributes: Object} @ https://vercel.com/_next/static/immutable/chunks/2sl1aftc4weqx.js:8
[  811989ms] [ERROR] Error: Missing param(s) [id] in link to route "/[teamSlug]/[project]/[id]/og"
    at https://vercel.com/_next/static/immutable/chunks/3qi00qrpi2qml.js:2:2570
    at https://vercel.com/_next/static/immutable/chunks/3qi00qrpi2qml.js:2:5203
    at Object.oE [as useMemo] (https://vercel.com/_next/static/immutable/chunks/1ez_xjl8u_-5_.js:109:75491)
    at push.r.useMemo (https://vercel.com/_next/static/immutable/chunks/3yj28cgcsk539.js:2:22543)
    at https://vercel.com/_next/static/immutable/chunks/3qi00qrpi2qml.js:2:4527
    at c (https://vercel.com/_next/static/immutable/chunks/3oc81hqdy7vft.js:2:5164)
    at aj (https://vercel.com/_next/static/immutable/chunks/1ez_xjl8u_-5_.js:109:66413)
    at ic (https://vercel.com/_next/static/immutable/chunks/1ez_xjl8u_-5_.js:109:87432)
    at iL (https://vercel.com/_next/static/immutable/chunks/1ez_xjl8u_-5_.js:109:99301)
    at sZ (https://vercel.com/_next/static/immutable/chunks/1ez_xjl8u_-5_.js:109:145139)
    at https://vercel.com/_next/static/immutable/chunks/1ez_xjl8u_-5_.js:109:140046
    at sU (https://vercel.com/_next/static/immutable/chunks/1ez_xjl8u_-5_.js:109:140147)
    at ck (https://vercel.com/_next/static/immutable/chunks/1ez_xjl8u_-5_.js:109:174862)
    at MessagePort.C (https://vercel.com/_next/static/immutable/chunks/1ez_xjl8u_-5_.js:109:235590) {attributes: Object} @ https://vercel.com/_next/static/immutable/chunks/2sl1aftc4weqx.js:8
[  812203ms] [ERROR] Error: Missing param(s) [id] in link to route "/[teamSlug]/[project]/[id]"
    at https://vercel.com/_next/static/immutable/chunks/3qi00qrpi2qml.js:2:2570
    at https://vercel.com/_next/static/immutable/chunks/3qi00qrpi2qml.js:2:5203
    at Object.oE [as useMemo] (https://vercel.com/_next/static/immutable/chunks/1ez_xjl8u_-5_.js:109:75491)
    at push.r.useMemo (https://vercel.com/_next/static/immutable/chunks/3yj28cgcsk539.js:2:22543)
    at https://vercel.com/_next/static/immutable/chunks/3qi00qrpi2qml.js:2:4527
    at c (https://vercel.com/_next/static/immutable/chunks/3oc81hqdy7vft.js:2:5164)
    at aj (https://vercel.com/_next/static/immutable/chunks/1ez_xjl8u_-5_.js:109:66413)
    at ic (https://vercel.com/_next/static/immutable/chunks/1ez_xjl8u_-5_.js:109:87432)
    at iL (https://vercel.com/_next/static/immutable/chunks/1ez_xjl8u_-5_.js:109:99301)
    at sZ (https://vercel.com/_next/static/immutable/chunks/1ez_xjl8u_-5_.js:109:145139)
    at https://vercel.com/_next/static/immutable/chunks/1ez_xjl8u_-5_.js:109:140046
    at sU (https://vercel.com/_next/static/immutable/chunks/1ez_xjl8u_-5_.js:109:140147)
    at ck (https://vercel.com/_next/static/immutable/chunks/1ez_xjl8u_-5_.js:109:174862)
    at MessagePort.C (https://vercel.com/_next/static/immutable/chunks/1ez_xjl8u_-5_.js:109:235590) {attributes: Object} @ https://vercel.com/_next/static/immutable/chunks/2sl1aftc4weqx.js:8
[  812204ms] [ERROR] Error: Missing param(s) [id] in link to route "/[teamSlug]/[project]/[id]/logs"
    at https://vercel.com/_next/static/immutable/chunks/3qi00qrpi2qml.js:2:2570
    at https://vercel.com/_next/static/immutable/chunks/3qi00qrpi2qml.js:2:5203
    at Object.oE [as useMemo] (https://vercel.com/_next/static/immutable/chunks/1ez_xjl8u_-5_.js:109:75491)
    at push.r.useMemo (https://vercel.com/_next/static/immutable/chunks/3yj28cgcsk539.js:2:22543)
    at https://vercel.com/_next/static/immutable/chunks/3qi00qrpi2qml.js:2:4527
    at c (https://vercel.com/_next/static/immutable/chunks/3oc81hqdy7vft.js:2:5164)
    at aj (https://vercel.com/_next/static/immutable/chunks/1ez_xjl8u_-5_.js:109:66413)
    at ic (https://vercel.com/_next/static/immutable/chunks/1ez_xjl8u_-5_.js:109:87432)
    at iL (https://vercel.com/_next/static/immutable/chunks/1ez_xjl8u_-5_.js:109:99301)
    at sZ (https://vercel.com/_next/static/immutable/chunks/1ez_xjl8u_-5_.js:109:145139)
    at https://vercel.com/_next/static/immutable/chunks/1ez_xjl8u_-5_.js:109:140046
    at sU (https://vercel.com/_next/static/immutable/chunks/1ez_xjl8u_-5_.js:109:140147)
    at ck (https://vercel.com/_next/static/immutable/chunks/1ez_xjl8u_-5_.js:109:174862)
    at MessagePort.C (https://vercel.com/_next/static/immutable/chunks/1ez_xjl8u_-5_.js:109:235590) {attributes: Object} @ https://vercel.com/_next/static/immutable/chunks/2sl1aftc4weqx.js:8
[  812205ms] [ERROR] Error: Missing param(s) [id] in link to route "/[teamSlug]/[project]/[id]/resources"
    at https://vercel.com/_next/static/immutable/chunks/3qi00qrpi2qml.js:2:2570
    at https://vercel.com/_next/static/immutable/chunks/3qi00qrpi2qml.js:2:5203
    at Object.oE [as useMemo] (https://vercel.com/_next/static/immutable/chunks/1ez_xjl8u_-5_.js:109:75491)
    at push.r.useMemo (https://vercel.com/_next/static/immutable/chunks/3yj28cgcsk539.js:2:22543)
    at https://vercel.com/_next/static/immutable/chunks/3qi00qrpi2qml.js:2:4527
    at c (https://vercel.com/_next/static/immutable/chunks/3oc81hqdy7vft.js:2:5164)
    at aj (https://vercel.com/_next/static/immutable/chunks/1ez_xjl8u_-5_.js:109:66413)
    at ic (https://vercel.com/_next/static/immutable/chunks/1ez_xjl8u_-5_.js:109:87432)
    at iL (https://vercel.com/_next/static/immutable/chunks/1ez_xjl8u_-5_.js:109:99301)
    at sZ (https://vercel.com/_next/static/immutable/chunks/1ez_xjl8u_-5_.js:109:145139)
    at https://vercel.com/_next/static/immutable/chunks/1ez_xjl8u_-5_.js:109:140046
    at sU (https://vercel.com/_next/static/immutable/chunks/1ez_xjl8u_-5_.js:109:140147)
    at ck (https://vercel.com/_next/static/immutable/chunks/1ez_xjl8u_-5_.js:109:174862)
    at MessagePort.C (https://vercel.com/_next/static/immutable/chunks/1ez_xjl8u_-5_.js:109:235590) {attributes: Object} @ https://vercel.com/_next/static/immutable/chunks/2sl1aftc4weqx.js:8
[  812206ms] [ERROR] Error: Missing param(s) [id] in link to route "/[teamSlug]/[project]/[id]/source"
    at https://vercel.com/_next/static/immutable/chunks/3qi00qrpi2qml.js:2:2570
    at https://vercel.com/_next/static/immutable/chunks/3qi00qrpi2qml.js:2:5203
    at Object.oE [as useMemo] (https://vercel.com/_next/static/immutable/chunks/1ez_xjl8u_-5_.js:109:75491)
    at push.r.useMemo (https://vercel.com/_next/static/immutable/chunks/3yj28cgcsk539.js:2:22543)
    at https://vercel.com/_next/static/immutable/chunks/3qi00qrpi2qml.js:2:4527
    at c (https://vercel.com/_next/static/immutable/chunks/3oc81hqdy7vft.js:2:5164)
    at aj (https://vercel.com/_next/static/immutable/chunks/1ez_xjl8u_-5_.js:109:66413)
    at ic (https://vercel.com/_next/static/immutable/chunks/1ez_xjl8u_-5_.js:109:87432)
    at iL (https://vercel.com/_next/static/immutable/chunks/1ez_xjl8u_-5_.js:109:99301)
    at sZ (https://vercel.com/_next/static/immutable/chunks/1ez_xjl8u_-5_.js:109:145139)
    at https://vercel.com/_next/static/immutable/chunks/1ez_xjl8u_-5_.js:109:140046
    at sU (https://vercel.com/_next/static/immutable/chunks/1ez_xjl8u_-5_.js:109:140147)
    at ck (https://vercel.com/_next/static/immutable/chunks/1ez_xjl8u_-5_.js:109:174862)
    at MessagePort.C (https://vercel.com/_next/static/immutable/chunks/1ez_xjl8u_-5_.js:109:235590) {attributes: Object} @ https://vercel.com/_next/static/immutable/chunks/2sl1aftc4weqx.js:8
[  812207ms] [ERROR] Error: Missing param(s) [id] in link to route "/[teamSlug]/[project]/[id]/og"
    at https://vercel.com/_next/static/immutable/chunks/3qi00qrpi2qml.js:2:2570
    at https://vercel.com/_next/static/immutable/chunks/3qi00qrpi2qml.js:2:5203
    at Object.oE [as useMemo] (https://vercel.com/_next/static/immutable/chunks/1ez_xjl8u_-5_.js:109:75491)
    at push.r.useMemo (https://vercel.com/_next/static/immutable/chunks/3yj28cgcsk539.js:2:22543)
    at https://vercel.com/_next/static/immutable/chunks/3qi00qrpi2qml.js:2:4527
    at c (https://vercel.com/_next/static/immutable/chunks/3oc81hqdy7vft.js:2:5164)
    at aj (https://vercel.com/_next/static/immutable/chunks/1ez_xjl8u_-5_.js:109:66413)
    at ic (https://vercel.com/_next/static/immutable/chunks/1ez_xjl8u_-5_.js:109:87432)
    at iL (https://vercel.com/_next/static/immutable/chunks/1ez_xjl8u_-5_.js:109:99301)
    at sZ (https://vercel.com/_next/static/immutable/chunks/1ez_xjl8u_-5_.js:109:145139)
    at https://vercel.com/_next/static/immutable/chunks/1ez_xjl8u_-5_.js:109:140046
    at sU (https://vercel.com/_next/static/immutable/chunks/1ez_xjl8u_-5_.js:109:140147)
    at ck (https://vercel.com/_next/static/immutable/chunks/1ez_xjl8u_-5_.js:109:174862)
    at MessagePort.C (https://vercel.com/_next/static/immutable/chunks/1ez_xjl8u_-5_.js:109:235590) {attributes: Object} @ https://vercel.com/_next/static/immutable/chunks/2sl1aftc4weqx.js:8
[  812431ms] [ERROR] Error: Missing param(s) [id] in link to route "/[teamSlug]/[project]/[id]"
    at https://vercel.com/_next/static/immutable/chunks/3qi00qrpi2qml.js:2:2570
    at https://vercel.com/_next/static/immutable/chunks/3qi00qrpi2qml.js:2:5203
    at Object.oE [as useMemo] (https://vercel.com/_next/static/immutable/chunks/1ez_xjl8u_-5_.js:109:75491)
    at push.r.useMemo (https://vercel.com/_next/static/immutable/chunks/3yj28cgcsk539.js:2:22543)
    at https://vercel.com/_next/static/immutable/chunks/3qi00qrpi2qml.js:2:4527
    at c (https://vercel.com/_next/static/immutable/chunks/3oc81hqdy7vft.js:2:5164)
    at aj (https://vercel.com/_next/static/immutable/chunks/1ez_xjl8u_-5_.js:109:66413)
    at ic (https://vercel.com/_next/static/immutable/chunks/1ez_xjl8u_-5_.js:109:87432)
    at iL (https://vercel.com/_next/static/immutable/chunks/1ez_xjl8u_-5_.js:109:99301)
    at sZ (https://vercel.com/_next/static/immutable/chunks/1ez_xjl8u_-5_.js:109:145139)
    at https://vercel.com/_next/static/immutable/chunks/1ez_xjl8u_-5_.js:109:140046
    at sU (https://vercel.com/_next/static/immutable/chunks/1ez_xjl8u_-5_.js:109:140147)
    at ck (https://vercel.com/_next/static/immutable/chunks/1ez_xjl8u_-5_.js:109:174862)
    at MessagePort.C (https://vercel.com/_next/static/immutable/chunks/1ez_xjl8u_-5_.js:109:235590) {attributes: Object} @ https://vercel.com/_next/static/immutable/chunks/2sl1aftc4weqx.js:8
[  812433ms] [ERROR] Error: Missing param(s) [id] in link to route "/[teamSlug]/[project]/[id]/logs"
    at https://vercel.com/_next/static/immutable/chunks/3qi00qrpi2qml.js:2:2570
    at https://vercel.com/_next/static/immutable/chunks/3qi00qrpi2qml.js:2:5203
    at Object.oE [as useMemo] (https://vercel.com/_next/static/immutable/chunks/1ez_xjl8u_-5_.js:109:75491)
    at push.r.useMemo (https://vercel.com/_next/static/immutable/chunks/3yj28cgcsk539.js:2:22543)
    at https://vercel.com/_next/static/immutable/chunks/3qi00qrpi2qml.js:2:4527
    at c (https://vercel.com/_next/static/immutable/chunks/3oc81hqdy7vft.js:2:5164)
    at aj (https://vercel.com/_next/static/immutable/chunks/1ez_xjl8u_-5_.js:109:66413)
    at ic (https://vercel.com/_next/static/immutable/chunks/1ez_xjl8u_-5_.js:109:87432)
    at iL (https://vercel.com/_next/static/immutable/chunks/1ez_xjl8u_-5_.js:109:99301)
    at sZ (https://vercel.com/_next/static/immutable/chunks/1ez_xjl8u_-5_.js:109:145139)
    at https://vercel.com/_next/static/immutable/chunks/1ez_xjl8u_-5_.js:109:140046
    at sU (https://vercel.com/_next/static/immutable/chunks/1ez_xjl8u_-5_.js:109:140147)
    at ck (https://vercel.com/_next/static/immutable/chunks/1ez_xjl8u_-5_.js:109:174862)
    at MessagePort.C (https://vercel.com/_next/static/immutable/chunks/1ez_xjl8u_-5_.js:109:235590) {attributes: Object} @ https://vercel.com/_next/static/immutable/chunks/2sl1aftc4weqx.js:8
[  812435ms] [ERROR] Error: Missing param(s) [id] in link to route "/[teamSlug]/[project]/[id]/resources"
    at https://vercel.com/_next/static/immutable/chunks/3qi00qrpi2qml.js:2:2570
    at https://vercel.com/_next/static/immutable/chunks/3qi00qrpi2qml.js:2:5203
    at Object.oE [as useMemo] (https://vercel.com/_next/static/immutable/chunks/1ez_xjl8u_-5_.js:109:75491)
    at push.r.useMemo (https://vercel.com/_next/static/immutable/chunks/3yj28cgcsk539.js:2:22543)
    at https://vercel.com/_next/static/immutable/chunks/3qi00qrpi2qml.js:2:4527
    at c (https://vercel.com/_next/static/immutable/chunks/3oc81hqdy7vft.js:2:5164)
    at aj (https://vercel.com/_next/static/immutable/chunks/1ez_xjl8u_-5_.js:109:66413)
    at ic (https://vercel.com/_next/static/immutable/chunks/1ez_xjl8u_-5_.js:109:87432)
    at iL (https://vercel.com/_next/static/immutable/chunks/1ez_xjl8u_-5_.js:109:99301)
    at sZ (https://vercel.com/_next/static/immutable/chunks/1ez_xjl8u_-5_.js:109:145139)
    at https://vercel.com/_next/static/immutable/chunks/1ez_xjl8u_-5_.js:109:140046
    at sU (https://vercel.com/_next/static/immutable/chunks/1ez_xjl8u_-5_.js:109:140147)
    at ck (https://vercel.com/_next/static/immutable/chunks/1ez_xjl8u_-5_.js:109:174862)
    at MessagePort.C (https://vercel.com/_next/static/immutable/chunks/1ez_xjl8u_-5_.js:109:235590) {attributes: Object} @ https://vercel.com/_next/static/immutable/chunks/2sl1aftc4weqx.js:8
[  812436ms] [ERROR] Error: Missing param(s) [id] in link to route "/[teamSlug]/[project]/[id]/source"
    at https://vercel.com/_next/static/immutable/chunks/3qi00qrpi2qml.js:2:2570
    at https://vercel.com/_next/static/immutable/chunks/3qi00qrpi2qml.js:2:5203
    at Object.oE [as useMemo] (https://vercel.com/_next/static/immutable/chunks/1ez_xjl8u_-5_.js:109:75491)
    at push.r.useMemo (https://vercel.com/_next/static/immutable/chunks/3yj28cgcsk539.js:2:22543)
    at https://vercel.com/_next/static/immutable/chunks/3qi00qrpi2qml.js:2:4527
    at c (https://vercel.com/_next/static/immutable/chunks/3oc81hqdy7vft.js:2:5164)
    at aj (https://vercel.com/_next/static/immutable/chunks/1ez_xjl8u_-5_.js:109:66413)
    at ic (https://vercel.com/_next/static/immutable/chunks/1ez_xjl8u_-5_.js:109:87432)
    at iL (https://vercel.com/_next/static/immutable/chunks/1ez_xjl8u_-5_.js:109:99301)
    at sZ (https://vercel.com/_next/static/immutable/chunks/1ez_xjl8u_-5_.js:109:145139)
    at https://vercel.com/_next/static/immutable/chunks/1ez_xjl8u_-5_.js:109:140046
    at sU (https://vercel.com/_next/static/immutable/chunks/1ez_xjl8u_-5_.js:109:140147)
    at ck (https://vercel.com/_next/static/immutable/chunks/1ez_xjl8u_-5_.js:109:174862)
    at MessagePort.C (https://vercel.com/_next/static/immutable/chunks/1ez_xjl8u_-5_.js:109:235590) {attributes: Object} @ https://vercel.com/_next/static/immutable/chunks/2sl1aftc4weqx.js:8
[  812438ms] [ERROR] Error: Missing param(s) [id] in link to route "/[teamSlug]/[project]/[id]/og"
    at https://vercel.com/_next/static/immutable/chunks/3qi00qrpi2qml.js:2:2570
    at https://vercel.com/_next/static/immutable/chunks/3qi00qrpi2qml.js:2:5203
    at Object.oE [as useMemo] (https://vercel.com/_next/static/immutable/chunks/1ez_xjl8u_-5_.js:109:75491)
    at push.r.useMemo (https://vercel.com/_next/static/immutable/chunks/3yj28cgcsk539.js:2:22543)
    at https://vercel.com/_next/static/immutable/chunks/3qi00qrpi2qml.js:2:4527
    at c (https://vercel.com/_next/static/immutable/chunks/3oc81hqdy7vft.js:2:5164)
    at aj (https://vercel.com/_next/static/immutable/chunks/1ez_xjl8u_-5_.js:109:66413)
    at ic (https://vercel.com/_next/static/immutable/chunks/1ez_xjl8u_-5_.js:109:87432)
    at iL (https://vercel.com/_next/static/immutable/chunks/1ez_xjl8u_-5_.js:109:99301)
    at sZ (https://vercel.com/_next/static/immutable/chunks/1ez_xjl8u_-5_.js:109:145139)
    at https://vercel.com/_next/static/immutable/chunks/1ez_xjl8u_-5_.js:109:140046
    at sU (https://vercel.com/_next/static/immutable/chunks/1ez_xjl8u_-5_.js:109:140147)
    at ck (https://vercel.com/_next/static/immutable/chunks/1ez_xjl8u_-5_.js:109:174862)
    at MessagePort.C (https://vercel.com/_next/static/immutable/chunks/1ez_xjl8u_-5_.js:109:235590) {attributes: Object} @ https://vercel.com/_next/static/immutable/chunks/2sl1aftc4weqx.js:8
[  812579ms] [ERROR] Error: Missing param(s) [id] in link to route "/[teamSlug]/[project]/[id]"
    at https://vercel.com/_next/static/immutable/chunks/3qi00qrpi2qml.js:2:2570
    at https://vercel.com/_next/static/immutable/chunks/3qi00qrpi2qml.js:2:5203
    at Object.oE [as useMemo] (https://vercel.com/_next/static/immutable/chunks/1ez_xjl8u_-5_.js:109:75491)
    at push.r.useMemo (https://vercel.com/_next/static/immutable/chunks/3yj28cgcsk539.js:2:22543)
    at https://vercel.com/_next/static/immutable/chunks/3qi00qrpi2qml.js:2:4527
    at c (https://vercel.com/_next/static/immutable/chunks/3oc81hqdy7vft.js:2:5164)
    at aj (https://vercel.com/_next/static/immutable/chunks/1ez_xjl8u_-5_.js:109:66413)
    at ic (https://vercel.com/_next/static/immutable/chunks/1ez_xjl8u_-5_.js:109:87432)
    at iL (https://vercel.com/_next/static/immutable/chunks/1ez_xjl8u_-5_.js:109:99301)
    at sZ (https://vercel.com/_next/static/immutable/chunks/1ez_xjl8u_-5_.js:109:145139)
    at https://vercel.com/_next/static/immutable/chunks/1ez_xjl8u_-5_.js:109:140046
    at sU (https://vercel.com/_next/static/immutable/chunks/1ez_xjl8u_-5_.js:109:140147)
    at ck (https://vercel.com/_next/static/immutable/chunks/1ez_xjl8u_-5_.js:109:174862)
    at MessagePort.C (https://vercel.com/_next/static/immutable/chunks/1ez_xjl8u_-5_.js:109:235590) {attributes: Object} @ https://vercel.com/_next/static/immutable/chunks/2sl1aftc4weqx.js:8
[  812580ms] [ERROR] Error: Missing param(s) [id] in link to route "/[teamSlug]/[project]/[id]/logs"
    at https://vercel.com/_next/static/immutable/chunks/3qi00qrpi2qml.js:2:2570
    at https://vercel.com/_next/static/immutable/chunks/3qi00qrpi2qml.js:2:5203
    at Object.oE [as useMemo] (https://vercel.com/_next/static/immutable/chunks/1ez_xjl8u_-5_.js:109:75491)
    at push.r.useMemo (https://vercel.com/_next/static/immutable/chunks/3yj28cgcsk539.js:2:22543)
    at https://vercel.com/_next/static/immutable/chunks/3qi00qrpi2qml.js:2:4527
    at c (https://vercel.com/_next/static/immutable/chunks/3oc81hqdy7vft.js:2:5164)
    at aj (https://vercel.com/_next/static/immutable/chunks/1ez_xjl8u_-5_.js:109:66413)
    at ic (https://vercel.com/_next/static/immutable/chunks/1ez_xjl8u_-5_.js:109:87432)
    at iL (https://vercel.com/_next/static/immutable/chunks/1ez_xjl8u_-5_.js:109:99301)
    at sZ (https://vercel.com/_next/static/immutable/chunks/1ez_xjl8u_-5_.js:109:145139)
    at https://vercel.com/_next/static/immutable/chunks/1ez_xjl8u_-5_.js:109:140046
    at sU (https://vercel.com/_next/static/immutable/chunks/1ez_xjl8u_-5_.js:109:140147)
    at ck (https://vercel.com/_next/static/immutable/chunks/1ez_xjl8u_-5_.js:109:174862)
    at MessagePort.C (https://vercel.com/_next/static/immutable/chunks/1ez_xjl8u_-5_.js:109:235590) {attributes: Object} @ https://vercel.com/_next/static/immutable/chunks/2sl1aftc4weqx.js:8
[  812582ms] [ERROR] Error: Missing param(s) [id] in link to route "/[teamSlug]/[project]/[id]/resources"
    at https://vercel.com/_next/static/immutable/chunks/3qi00qrpi2qml.js:2:2570
    at https://vercel.com/_next/static/immutable/chunks/3qi00qrpi2qml.js:2:5203
    at Object.oE [as useMemo] (https://vercel.com/_next/static/immutable/chunks/1ez_xjl8u_-5_.js:109:75491)
    at push.r.useMemo (https://vercel.com/_next/static/immutable/chunks/3yj28cgcsk539.js:2:22543)
    at https://vercel.com/_next/static/immutable/chunks/3qi00qrpi2qml.js:2:4527
    at c (https://vercel.com/_next/static/immutable/chunks/3oc81hqdy7vft.js:2:5164)
    at aj (https://vercel.com/_next/static/immutable/chunks/1ez_xjl8u_-5_.js:109:66413)
    at ic (https://vercel.com/_next/static/immutable/chunks/1ez_xjl8u_-5_.js:109:87432)
    at iL (https://vercel.com/_next/static/immutable/chunks/1ez_xjl8u_-5_.js:109:99301)
    at sZ (https://vercel.com/_next/static/immutable/chunks/1ez_xjl8u_-5_.js:109:145139)
    at https://vercel.com/_next/static/immutable/chunks/1ez_xjl8u_-5_.js:109:140046
    at sU (https://vercel.com/_next/static/immutable/chunks/1ez_xjl8u_-5_.js:109:140147)
    at ck (https://vercel.com/_next/static/immutable/chunks/1ez_xjl8u_-5_.js:109:174862)
    at MessagePort.C (https://vercel.com/_next/static/immutable/chunks/1ez_xjl8u_-5_.js:109:235590) {attributes: Object} @ https://vercel.com/_next/static/immutable/chunks/2sl1aftc4weqx.js:8
[  812583ms] [ERROR] Error: Missing param(s) [id] in link to route "/[teamSlug]/[project]/[id]/source"
    at https://vercel.com/_next/static/immutable/chunks/3qi00qrpi2qml.js:2:2570
    at https://vercel.com/_next/static/immutable/chunks/3qi00qrpi2qml.js:2:5203
    at Object.oE [as useMemo] (https://vercel.com/_next/static/immutable/chunks/1ez_xjl8u_-5_.js:109:75491)
    at push.r.useMemo (https://vercel.com/_next/static/immutable/chunks/3yj28cgcsk539.js:2:22543)
    at https://vercel.com/_next/static/immutable/chunks/3qi00qrpi2qml.js:2:4527
    at c (https://vercel.com/_next/static/immutable/chunks/3oc81hqdy7vft.js:2:5164)
    at aj (https://vercel.com/_next/static/immutable/chunks/1ez_xjl8u_-5_.js:109:66413)
    at ic (https://vercel.com/_next/static/immutable/chunks/1ez_xjl8u_-5_.js:109:87432)
    at iL (https://vercel.com/_next/static/immutable/chunks/1ez_xjl8u_-5_.js:109:99301)
    at sZ (https://vercel.com/_next/static/immutable/chunks/1ez_xjl8u_-5_.js:109:145139)
    at https://vercel.com/_next/static/immutable/chunks/1ez_xjl8u_-5_.js:109:140046
    at sU (https://vercel.com/_next/static/immutable/chunks/1ez_xjl8u_-5_.js:109:140147)
    at ck (https://vercel.com/_next/static/immutable/chunks/1ez_xjl8u_-5_.js:109:174862)
    at MessagePort.C (https://vercel.com/_next/static/immutable/chunks/1ez_xjl8u_-5_.js:109:235590) {attributes: Object} @ https://vercel.com/_next/static/immutable/chunks/2sl1aftc4weqx.js:8
[  812585ms] [ERROR] Error: Missing param(s) [id] in link to route "/[teamSlug]/[project]/[id]/og"
    at https://vercel.com/_next/static/immutable/chunks/3qi00qrpi2qml.js:2:2570
    at https://vercel.com/_next/static/immutable/chunks/3qi00qrpi2qml.js:2:5203
    at Object.oE [as useMemo] (https://vercel.com/_next/static/immutable/chunks/1ez_xjl8u_-5_.js:109:75491)
    at push.r.useMemo (https://vercel.com/_next/static/immutable/chunks/3yj28cgcsk539.js:2:22543)
    at https://vercel.com/_next/static/immutable/chunks/3qi00qrpi2qml.js:2:4527
    at c (https://vercel.com/_next/static/immutable/chunks/3oc81hqdy7vft.js:2:5164)
    at aj (https://vercel.com/_next/static/immutable/chunks/1ez_xjl8u_-5_.js:109:66413)
    at ic (https://vercel.com/_next/static/immutable/chunks/1ez_xjl8u_-5_.js:109:87432)
    at iL (https://vercel.com/_next/static/immutable/chunks/1ez_xjl8u_-5_.js:109:99301)
    at sZ (https://vercel.com/_next/static/immutable/chunks/1ez_xjl8u_-5_.js:109:145139)
    at https://vercel.com/_next/static/immutable/chunks/1ez_xjl8u_-5_.js:109:140046
    at sU (https://vercel.com/_next/static/immutable/chunks/1ez_xjl8u_-5_.js:109:140147)
    at ck (https://vercel.com/_next/static/immutable/chunks/1ez_xjl8u_-5_.js:109:174862)
    at MessagePort.C (https://vercel.com/_next/static/immutable/chunks/1ez_xjl8u_-5_.js:109:235590) {attributes: Object} @ https://vercel.com/_next/static/immutable/chunks/2sl1aftc4weqx.js:8
[  814673ms] [ERROR] Error: Missing param(s) [id] in link to route "/[teamSlug]/[project]/[id]"
    at https://vercel.com/_next/static/immutable/chunks/3qi00qrpi2qml.js:2:2570
    at https://vercel.com/_next/static/immutable/chunks/3qi00qrpi2qml.js:2:5203
    at Object.oE [as useMemo] (https://vercel.com/_next/static/immutable/chunks/1ez_xjl8u_-5_.js:109:75491)
    at push.r.useMemo (https://vercel.com/_next/static/immutable/chunks/3yj28cgcsk539.js:2:22543)
    at https://vercel.com/_next/static/immutable/chunks/3qi00qrpi2qml.js:2:4527
    at c (https://vercel.com/_next/static/immutable/chunks/3oc81hqdy7vft.js:2:5164)
    at aj (https://vercel.com/_next/static/immutable/chunks/1ez_xjl8u_-5_.js:109:66413)
    at ic (https://vercel.com/_next/static/immutable/chunks/1ez_xjl8u_-5_.js:109:87432)
    at iL (https://vercel.com/_next/static/immutable/chunks/1ez_xjl8u_-5_.js:109:99301)
    at sZ (https://vercel.com/_next/static/immutable/chunks/1ez_xjl8u_-5_.js:109:145139)
    at https://vercel.com/_next/static/immutable/chunks/1ez_xjl8u_-5_.js:109:140046
    at sU (https://vercel.com/_next/static/immutable/chunks/1ez_xjl8u_-5_.js:109:140147)
    at ck (https://vercel.com/_next/static/immutable/chunks/1ez_xjl8u_-5_.js:109:174862)
    at MessagePort.C (https://vercel.com/_next/static/immutable/chunks/1ez_xjl8u_-5_.js:109:235590) {attributes: Object} @ https://vercel.com/_next/static/immutable/chunks/2sl1aftc4weqx.js:8
[  814675ms] [ERROR] Error: Missing param(s) [id] in link to route "/[teamSlug]/[project]/[id]/logs"
    at https://vercel.com/_next/static/immutable/chunks/3qi00qrpi2qml.js:2:2570
    at https://vercel.com/_next/static/immutable/chunks/3qi00qrpi2qml.js:2:5203
    at Object.oE [as useMemo] (https://vercel.com/_next/static/immutable/chunks/1ez_xjl8u_-5_.js:109:75491)
    at push.r.useMemo (https://vercel.com/_next/static/immutable/chunks/3yj28cgcsk539.js:2:22543)
    at https://vercel.com/_next/static/immutable/chunks/3qi00qrpi2qml.js:2:4527
    at c (https://vercel.com/_next/static/immutable/chunks/3oc81hqdy7vft.js:2:5164)
    at aj (https://vercel.com/_next/static/immutable/chunks/1ez_xjl8u_-5_.js:109:66413)
    at ic (https://vercel.com/_next/static/immutable/chunks/1ez_xjl8u_-5_.js:109:87432)
    at iL (https://vercel.com/_next/static/immutable/chunks/1ez_xjl8u_-5_.js:109:99301)
    at sZ (https://vercel.com/_next/static/immutable/chunks/1ez_xjl8u_-5_.js:109:145139)
    at https://vercel.com/_next/static/immutable/chunks/1ez_xjl8u_-5_.js:109:140046
    at sU (https://vercel.com/_next/static/immutable/chunks/1ez_xjl8u_-5_.js:109:140147)
    at ck (https://vercel.com/_next/static/immutable/chunks/1ez_xjl8u_-5_.js:109:174862)
    at MessagePort.C (https://vercel.com/_next/static/immutable/chunks/1ez_xjl8u_-5_.js:109:235590) {attributes: Object} @ https://vercel.com/_next/static/immutable/chunks/2sl1aftc4weqx.js:8
[  814676ms] [ERROR] Error: Missing param(s) [id] in link to route "/[teamSlug]/[project]/[id]/resources"
    at https://vercel.com/_next/static/immutable/chunks/3qi00qrpi2qml.js:2:2570
    at https://vercel.com/_next/static/immutable/chunks/3qi00qrpi2qml.js:2:5203
    at Object.oE [as useMemo] (https://vercel.com/_next/static/immutable/chunks/1ez_xjl8u_-5_.js:109:75491)
    at push.r.useMemo (https://vercel.com/_next/static/immutable/chunks/3yj28cgcsk539.js:2:22543)
    at https://vercel.com/_next/static/immutable/chunks/3qi00qrpi2qml.js:2:4527
    at c (https://vercel.com/_next/static/immutable/chunks/3oc81hqdy7vft.js:2:5164)
    at aj (https://vercel.com/_next/static/immutable/chunks/1ez_xjl8u_-5_.js:109:66413)
    at ic (https://vercel.com/_next/static/immutable/chunks/1ez_xjl8u_-5_.js:109:87432)
    at iL (https://vercel.com/_next/static/immutable/chunks/1ez_xjl8u_-5_.js:109:99301)
    at sZ (https://vercel.com/_next/static/immutable/chunks/1ez_xjl8u_-5_.js:109:145139)
    at https://vercel.com/_next/static/immutable/chunks/1ez_xjl8u_-5_.js:109:140046
    at sU (https://vercel.com/_next/static/immutable/chunks/1ez_xjl8u_-5_.js:109:140147)
    at ck (https://vercel.com/_next/static/immutable/chunks/1ez_xjl8u_-5_.js:109:174862)
    at MessagePort.C (https://vercel.com/_next/static/immutable/chunks/1ez_xjl8u_-5_.js:109:235590) {attributes: Object} @ https://vercel.com/_next/static/immutable/chunks/2sl1aftc4weqx.js:8
[  814677ms] [ERROR] Error: Missing param(s) [id] in link to route "/[teamSlug]/[project]/[id]/source"
    at https://vercel.com/_next/static/immutable/chunks/3qi00qrpi2qml.js:2:2570
    at https://vercel.com/_next/static/immutable/chunks/3qi00qrpi2qml.js:2:5203
    at Object.oE [as useMemo] (https://vercel.com/_next/static/immutable/chunks/1ez_xjl8u_-5_.js:109:75491)
    at push.r.useMemo (https://vercel.com/_next/static/immutable/chunks/3yj28cgcsk539.js:2:22543)
    at https://vercel.com/_next/static/immutable/chunks/3qi00qrpi2qml.js:2:4527
    at c (https://vercel.com/_next/static/immutable/chunks/3oc81hqdy7vft.js:2:5164)
    at aj (https://vercel.com/_next/static/immutable/chunks/1ez_xjl8u_-5_.js:109:66413)
    at ic (https://vercel.com/_next/static/immutable/chunks/1ez_xjl8u_-5_.js:109:87432)
    at iL (https://vercel.com/_next/static/immutable/chunks/1ez_xjl8u_-5_.js:109:99301)
    at sZ (https://vercel.com/_next/static/immutable/chunks/1ez_xjl8u_-5_.js:109:145139)
    at https://vercel.com/_next/static/immutable/chunks/1ez_xjl8u_-5_.js:109:140046
    at sU (https://vercel.com/_next/static/immutable/chunks/1ez_xjl8u_-5_.js:109:140147)
    at ck (https://vercel.com/_next/static/immutable/chunks/1ez_xjl8u_-5_.js:109:174862)
    at MessagePort.C (https://vercel.com/_next/static/immutable/chunks/1ez_xjl8u_-5_.js:109:235590) {attributes: Object} @ https://vercel.com/_next/static/immutable/chunks/2sl1aftc4weqx.js:8
[  814678ms] [ERROR] Error: Missing param(s) [id] in link to route "/[teamSlug]/[project]/[id]/og"
    at https://vercel.com/_next/static/immutable/chunks/3qi00qrpi2qml.js:2:2570
    at https://vercel.com/_next/static/immutable/chunks/3qi00qrpi2qml.js:2:5203
    at Object.oE [as useMemo] (https://vercel.com/_next/static/immutable/chunks/1ez_xjl8u_-5_.js:109:75491)
    at push.r.useMemo (https://vercel.com/_next/static/immutable/chunks/3yj28cgcsk539.js:2:22543)
    at https://vercel.com/_next/static/immutable/chunks/3qi00qrpi2qml.js:2:4527
    at c (https://vercel.com/_next/static/immutable/chunks/3oc81hqdy7vft.js:2:5164)
    at aj (https://vercel.com/_next/static/immutable/chunks/1ez_xjl8u_-5_.js:109:66413)
    at ic (https://vercel.com/_next/static/immutable/chunks/1ez_xjl8u_-5_.js:109:87432)
    at iL (https://vercel.com/_next/static/immutable/chunks/1ez_xjl8u_-5_.js:109:99301)
    at sZ (https://vercel.com/_next/static/immutable/chunks/1ez_xjl8u_-5_.js:109:145139)
    at https://vercel.com/_next/static/immutable/chunks/1ez_xjl8u_-5_.js:109:140046
    at sU (https://vercel.com/_next/static/immutable/chunks/1ez_xjl8u_-5_.js:109:140147)
    at ck (https://vercel.com/_next/static/immutable/chunks/1ez_xjl8u_-5_.js:109:174862)
    at MessagePort.C (https://vercel.com/_next/static/immutable/chunks/1ez_xjl8u_-5_.js:109:235590) {attributes: Object} @ https://vercel.com/_next/static/immutable/chunks/2sl1aftc4weqx.js:8
[  815206ms] [ERROR] Error: Missing param(s) [id] in link to route "/[teamSlug]/[project]/[id]"
    at https://vercel.com/_next/static/immutable/chunks/3qi00qrpi2qml.js:2:2570
    at https://vercel.com/_next/static/immutable/chunks/3qi00qrpi2qml.js:2:5203
    at Object.oE [as useMemo] (https://vercel.com/_next/static/immutable/chunks/1ez_xjl8u_-5_.js:109:75491)
    at push.r.useMemo (https://vercel.com/_next/static/immutable/chunks/3yj28cgcsk539.js:2:22543)
    at https://vercel.com/_next/static/immutable/chunks/3qi00qrpi2qml.js:2:4527
    at c (https://vercel.com/_next/static/immutable/chunks/3oc81hqdy7vft.js:2:5164)
    at aj (https://vercel.com/_next/static/immutable/chunks/1ez_xjl8u_-5_.js:109:66413)
    at ic (https://vercel.com/_next/static/immutable/chunks/1ez_xjl8u_-5_.js:109:87432)
    at iL (https://vercel.com/_next/static/immutable/chunks/1ez_xjl8u_-5_.js:109:99301)
    at sZ (https://vercel.com/_next/static/immutable/chunks/1ez_xjl8u_-5_.js:109:145139)
    at https://vercel.com/_next/static/immutable/chunks/1ez_xjl8u_-5_.js:109:140046
    at sU (https://vercel.com/_next/static/immutable/chunks/1ez_xjl8u_-5_.js:109:140147)
    at ck (https://vercel.com/_next/static/immutable/chunks/1ez_xjl8u_-5_.js:109:174862)
    at MessagePort.C (https://vercel.com/_next/static/immutable/chunks/1ez_xjl8u_-5_.js:109:235590) {attributes: Object} @ https://vercel.com/_next/static/immutable/chunks/2sl1aftc4weqx.js:8
[  815208ms] [ERROR] Error: Missing param(s) [id] in link to route "/[teamSlug]/[project]/[id]/logs"
    at https://vercel.com/_next/static/immutable/chunks/3qi00qrpi2qml.js:2:2570
    at https://vercel.com/_next/static/immutable/chunks/3qi00qrpi2qml.js:2:5203
    at Object.oE [as useMemo] (https://vercel.com/_next/static/immutable/chunks/1ez_xjl8u_-5_.js:109:75491)
    at push.r.useMemo (https://vercel.com/_next/static/immutable/chunks/3yj28cgcsk539.js:2:22543)
    at https://vercel.com/_next/static/immutable/chunks/3qi00qrpi2qml.js:2:4527
    at c (https://vercel.com/_next/static/immutable/chunks/3oc81hqdy7vft.js:2:5164)
    at aj (https://vercel.com/_next/static/immutable/chunks/1ez_xjl8u_-5_.js:109:66413)
    at ic (https://vercel.com/_next/static/immutable/chunks/1ez_xjl8u_-5_.js:109:87432)
    at iL (https://vercel.com/_next/static/immutable/chunks/1ez_xjl8u_-5_.js:109:99301)
    at sZ (https://vercel.com/_next/static/immutable/chunks/1ez_xjl8u_-5_.js:109:145139)
    at https://vercel.com/_next/static/immutable/chunks/1ez_xjl8u_-5_.js:109:140046
    at sU (https://vercel.com/_next/static/immutable/chunks/1ez_xjl8u_-5_.js:109:140147)
    at ck (https://vercel.com/_next/static/immutable/chunks/1ez_xjl8u_-5_.js:109:174862)
    at MessagePort.C (https://vercel.com/_next/static/immutable/chunks/1ez_xjl8u_-5_.js:109:235590) {attributes: Object} @ https://vercel.com/_next/static/immutable/chunks/2sl1aftc4weqx.js:8
[  815209ms] [ERROR] Error: Missing param(s) [id] in link to route "/[teamSlug]/[project]/[id]/resources"
    at https://vercel.com/_next/static/immutable/chunks/3qi00qrpi2qml.js:2:2570
    at https://vercel.com/_next/static/immutable/chunks/3qi00qrpi2qml.js:2:5203
    at Object.oE [as useMemo] (https://vercel.com/_next/static/immutable/chunks/1ez_xjl8u_-5_.js:109:75491)
    at push.r.useMemo (https://vercel.com/_next/static/immutable/chunks/3yj28cgcsk539.js:2:22543)
    at https://vercel.com/_next/static/immutable/chunks/3qi00qrpi2qml.js:2:4527
    at c (https://vercel.com/_next/static/immutable/chunks/3oc81hqdy7vft.js:2:5164)
    at aj (https://vercel.com/_next/static/immutable/chunks/1ez_xjl8u_-5_.js:109:66413)
    at ic (https://vercel.com/_next/static/immutable/chunks/1ez_xjl8u_-5_.js:109:87432)
    at iL (https://vercel.com/_next/static/immutable/chunks/1ez_xjl8u_-5_.js:109:99301)
    at sZ (https://vercel.com/_next/static/immutable/chunks/1ez_xjl8u_-5_.js:109:145139)
    at https://vercel.com/_next/static/immutable/chunks/1ez_xjl8u_-5_.js:109:140046
    at sU (https://vercel.com/_next/static/immutable/chunks/1ez_xjl8u_-5_.js:109:140147)
    at ck (https://vercel.com/_next/static/immutable/chunks/1ez_xjl8u_-5_.js:109:174862)
    at MessagePort.C (https://vercel.com/_next/static/immutable/chunks/1ez_xjl8u_-5_.js:109:235590) {attributes: Object} @ https://vercel.com/_next/static/immutable/chunks/2sl1aftc4weqx.js:8
[  815210ms] [ERROR] Error: Missing param(s) [id] in link to route "/[teamSlug]/[project]/[id]/source"
    at https://vercel.com/_next/static/immutable/chunks/3qi00qrpi2qml.js:2:2570
    at https://vercel.com/_next/static/immutable/chunks/3qi00qrpi2qml.js:2:5203
    at Object.oE [as useMemo] (https://vercel.com/_next/static/immutable/chunks/1ez_xjl8u_-5_.js:109:75491)
    at push.r.useMemo (https://vercel.com/_next/static/immutable/chunks/3yj28cgcsk539.js:2:22543)
    at https://vercel.com/_next/static/immutable/chunks/3qi00qrpi2qml.js:2:4527
    at c (https://vercel.com/_next/static/immutable/chunks/3oc81hqdy7vft.js:2:5164)
    at aj (https://vercel.com/_next/static/immutable/chunks/1ez_xjl8u_-5_.js:109:66413)
    at ic (https://vercel.com/_next/static/immutable/chunks/1ez_xjl8u_-5_.js:109:87432)
    at iL (https://vercel.com/_next/static/immutable/chunks/1ez_xjl8u_-5_.js:109:99301)
    at sZ (https://vercel.com/_next/static/immutable/chunks/1ez_xjl8u_-5_.js:109:145139)
    at https://vercel.com/_next/static/immutable/chunks/1ez_xjl8u_-5_.js:109:140046
    at sU (https://vercel.com/_next/static/immutable/chunks/1ez_xjl8u_-5_.js:109:140147)
    at ck (https://vercel.com/_next/static/immutable/chunks/1ez_xjl8u_-5_.js:109:174862)
    at MessagePort.C (https://vercel.com/_next/static/immutable/chunks/1ez_xjl8u_-5_.js:109:235590) {attributes: Object} @ https://vercel.com/_next/static/immutable/chunks/2sl1aftc4weqx.js:8
[  815211ms] [ERROR] Error: Missing param(s) [id] in link to route "/[teamSlug]/[project]/[id]/og"
    at https://vercel.com/_next/static/immutable/chunks/3qi00qrpi2qml.js:2:2570
    at https://vercel.com/_next/static/immutable/chunks/3qi00qrpi2qml.js:2:5203
    at Object.oE [as useMemo] (https://vercel.com/_next/static/immutable/chunks/1ez_xjl8u_-5_.js:109:75491)
    at push.r.useMemo (https://vercel.com/_next/static/immutable/chunks/3yj28cgcsk539.js:2:22543)
    at https://vercel.com/_next/static/immutable/chunks/3qi00qrpi2qml.js:2:4527
    at c (https://vercel.com/_next/static/immutable/chunks/3oc81hqdy7vft.js:2:5164)
    at aj (https://vercel.com/_next/static/immutable/chunks/1ez_xjl8u_-5_.js:109:66413)
    at ic (https://vercel.com/_next/static/immutable/chunks/1ez_xjl8u_-5_.js:109:87432)
    at iL (https://vercel.com/_next/static/immutable/chunks/1ez_xjl8u_-5_.js:109:99301)
    at sZ (https://vercel.com/_next/static/immutable/chunks/1ez_xjl8u_-5_.js:109:145139)
    at https://vercel.com/_next/static/immutable/chunks/1ez_xjl8u_-5_.js:109:140046
    at sU (https://vercel.com/_next/static/immutable/chunks/1ez_xjl8u_-5_.js:109:140147)
    at ck (https://vercel.com/_next/static/immutable/chunks/1ez_xjl8u_-5_.js:109:174862)
    at MessagePort.C (https://vercel.com/_next/static/immutable/chunks/1ez_xjl8u_-5_.js:109:235590) {attributes: Object} @ https://vercel.com/_next/static/immutable/chunks/2sl1aftc4weqx.js:8
[  815228ms] [ERROR] Error: Missing param(s) [id] in link to route "/[teamSlug]/[project]/[id]"
    at https://vercel.com/_next/static/immutable/chunks/3qi00qrpi2qml.js:2:2570
    at https://vercel.com/_next/static/immutable/chunks/3qi00qrpi2qml.js:2:5203
    at Object.oE [as useMemo] (https://vercel.com/_next/static/immutable/chunks/1ez_xjl8u_-5_.js:109:75491)
    at push.r.useMemo (https://vercel.com/_next/static/immutable/chunks/3yj28cgcsk539.js:2:22543)
    at https://vercel.com/_next/static/immutable/chunks/3qi00qrpi2qml.js:2:4527
    at c (https://vercel.com/_next/static/immutable/chunks/3oc81hqdy7vft.js:2:5164)
    at aj (https://vercel.com/_next/static/immutable/chunks/1ez_xjl8u_-5_.js:109:66413)
    at ic (https://vercel.com/_next/static/immutable/chunks/1ez_xjl8u_-5_.js:109:87432)
    at iL (https://vercel.com/_next/static/immutable/chunks/1ez_xjl8u_-5_.js:109:99301)
    at sZ (https://vercel.com/_next/static/immutable/chunks/1ez_xjl8u_-5_.js:109:145139)
    at https://vercel.com/_next/static/immutable/chunks/1ez_xjl8u_-5_.js:109:140046
    at sU (https://vercel.com/_next/static/immutable/chunks/1ez_xjl8u_-5_.js:109:140147)
    at ck (https://vercel.com/_next/static/immutable/chunks/1ez_xjl8u_-5_.js:109:174862)
    at MessagePort.C (https://vercel.com/_next/static/immutable/chunks/1ez_xjl8u_-5_.js:109:235590) {attributes: Object} @ https://vercel.com/_next/static/immutable/chunks/2sl1aftc4weqx.js:8
[  815229ms] [ERROR] Error: Missing param(s) [id] in link to route "/[teamSlug]/[project]/[id]/logs"
    at https://vercel.com/_next/static/immutable/chunks/3qi00qrpi2qml.js:2:2570
    at https://vercel.com/_next/static/immutable/chunks/3qi00qrpi2qml.js:2:5203
    at Object.oE [as useMemo] (https://vercel.com/_next/static/immutable/chunks/1ez_xjl8u_-5_.js:109:75491)
    at push.r.useMemo (https://vercel.com/_next/static/immutable/chunks/3yj28cgcsk539.js:2:22543)
    at https://vercel.com/_next/static/immutable/chunks/3qi00qrpi2qml.js:2:4527
    at c (https://vercel.com/_next/static/immutable/chunks/3oc81hqdy7vft.js:2:5164)
    at aj (https://vercel.com/_next/static/immutable/chunks/1ez_xjl8u_-5_.js:109:66413)
    at ic (https://vercel.com/_next/static/immutable/chunks/1ez_xjl8u_-5_.js:109:87432)
    at iL (https://vercel.com/_next/static/immutable/chunks/1ez_xjl8u_-5_.js:109:99301)
    at sZ (https://vercel.com/_next/static/immutable/chunks/1ez_xjl8u_-5_.js:109:145139)
    at https://vercel.com/_next/static/immutable/chunks/1ez_xjl8u_-5_.js:109:140046
    at sU (https://vercel.com/_next/static/immutable/chunks/1ez_xjl8u_-5_.js:109:140147)
    at ck (https://vercel.com/_next/static/immutable/chunks/1ez_xjl8u_-5_.js:109:174862)
    at MessagePort.C (https://vercel.com/_next/static/immutable/chunks/1ez_xjl8u_-5_.js:109:235590) {attributes: Object} @ https://vercel.com/_next/static/immutable/chunks/2sl1aftc4weqx.js:8
[  815230ms] [ERROR] Error: Missing param(s) [id] in link to route "/[teamSlug]/[project]/[id]/resources"
    at https://vercel.com/_next/static/immutable/chunks/3qi00qrpi2qml.js:2:2570
    at https://vercel.com/_next/static/immutable/chunks/3qi00qrpi2qml.js:2:5203
    at Object.oE [as useMemo] (https://vercel.com/_next/static/immutable/chunks/1ez_xjl8u_-5_.js:109:75491)
    at push.r.useMemo (https://vercel.com/_next/static/immutable/chunks/3yj28cgcsk539.js:2:22543)
    at https://vercel.com/_next/static/immutable/chunks/3qi00qrpi2qml.js:2:4527
    at c (https://vercel.com/_next/static/immutable/chunks/3oc81hqdy7vft.js:2:5164)
    at aj (https://vercel.com/_next/static/immutable/chunks/1ez_xjl8u_-5_.js:109:66413)
    at ic (https://vercel.com/_next/static/immutable/chunks/1ez_xjl8u_-5_.js:109:87432)
    at iL (https://vercel.com/_next/static/immutable/chunks/1ez_xjl8u_-5_.js:109:99301)
    at sZ (https://vercel.com/_next/static/immutable/chunks/1ez_xjl8u_-5_.js:109:145139)
    at https://vercel.com/_next/static/immutable/chunks/1ez_xjl8u_-5_.js:109:140046
    at sU (https://vercel.com/_next/static/immutable/chunks/1ez_xjl8u_-5_.js:109:140147)
    at ck (https://vercel.com/_next/static/immutable/chunks/1ez_xjl8u_-5_.js:109:174862)
    at MessagePort.C (https://vercel.com/_next/static/immutable/chunks/1ez_xjl8u_-5_.js:109:235590) {attributes: Object} @ https://vercel.com/_next/static/immutable/chunks/2sl1aftc4weqx.js:8
[  815231ms] [ERROR] Error: Missing param(s) [id] in link to route "/[teamSlug]/[project]/[id]/source"
    at https://vercel.com/_next/static/immutable/chunks/3qi00qrpi2qml.js:2:2570
    at https://vercel.com/_next/static/immutable/chunks/3qi00qrpi2qml.js:2:5203
    at Object.oE [as useMemo] (https://vercel.com/_next/static/immutable/chunks/1ez_xjl8u_-5_.js:109:75491)
    at push.r.useMemo (https://vercel.com/_next/static/immutable/chunks/3yj28cgcsk539.js:2:22543)
    at https://vercel.com/_next/static/immutable/chunks/3qi00qrpi2qml.js:2:4527
    at c (https://vercel.com/_next/static/immutable/chunks/3oc81hqdy7vft.js:2:5164)
    at aj (https://vercel.com/_next/static/immutable/chunks/1ez_xjl8u_-5_.js:109:66413)
    at ic (https://vercel.com/_next/static/immutable/chunks/1ez_xjl8u_-5_.js:109:87432)
    at iL (https://vercel.com/_next/static/immutable/chunks/1ez_xjl8u_-5_.js:109:99301)
    at sZ (https://vercel.com/_next/static/immutable/chunks/1ez_xjl8u_-5_.js:109:145139)
    at https://vercel.com/_next/static/immutable/chunks/1ez_xjl8u_-5_.js:109:140046
    at sU (https://vercel.com/_next/static/immutable/chunks/1ez_xjl8u_-5_.js:109:140147)
    at ck (https://vercel.com/_next/static/immutable/chunks/1ez_xjl8u_-5_.js:109:174862)
    at MessagePort.C (https://vercel.com/_next/static/immutable/chunks/1ez_xjl8u_-5_.js:109:235590) {attributes: Object} @ https://vercel.com/_next/static/immutable/chunks/2sl1aftc4weqx.js:8
[  815232ms] [ERROR] Error: Missing param(s) [id] in link to route "/[teamSlug]/[project]/[id]/og"
    at https://vercel.com/_next/static/immutable/chunks/3qi00qrpi2qml.js:2:2570
    at https://vercel.com/_next/static/immutable/chunks/3qi00qrpi2qml.js:2:5203
    at Object.oE [as useMemo] (https://vercel.com/_next/static/immutable/chunks/1ez_xjl8u_-5_.js:109:75491)
    at push.r.useMemo (https://vercel.com/_next/static/immutable/chunks/3yj28cgcsk539.js:2:22543)
    at https://vercel.com/_next/static/immutable/chunks/3qi00qrpi2qml.js:2:4527
    at c (https://vercel.com/_next/static/immutable/chunks/3oc81hqdy7vft.js:2:5164)
    at aj (https://vercel.com/_next/static/immutable/chunks/1ez_xjl8u_-5_.js:109:66413)
    at ic (https://vercel.com/_next/static/immutable/chunks/1ez_xjl8u_-5_.js:109:87432)
    at iL (https://vercel.com/_next/static/immutable/chunks/1ez_xjl8u_-5_.js:109:99301)
    at sZ (https://vercel.com/_next/static/immutable/chunks/1ez_xjl8u_-5_.js:109:145139)
    at https://vercel.com/_next/static/immutable/chunks/1ez_xjl8u_-5_.js:109:140046
    at sU (https://vercel.com/_next/static/immutable/chunks/1ez_xjl8u_-5_.js:109:140147)
    at ck (https://vercel.com/_next/static/immutable/chunks/1ez_xjl8u_-5_.js:109:174862)
    at MessagePort.C (https://vercel.com/_next/static/immutable/chunks/1ez_xjl8u_-5_.js:109:235590) {attributes: Object} @ https://vercel.com/_next/static/immutable/chunks/2sl1aftc4weqx.js:8
[  815264ms] [ERROR] Error: Missing param(s) [id] in link to route "/[teamSlug]/[project]/[id]"
    at https://vercel.com/_next/static/immutable/chunks/3qi00qrpi2qml.js:2:2570
    at https://vercel.com/_next/static/immutable/chunks/3qi00qrpi2qml.js:2:5203
    at Object.oE [as useMemo] (https://vercel.com/_next/static/immutable/chunks/1ez_xjl8u_-5_.js:109:75491)
    at push.r.useMemo (https://vercel.com/_next/static/immutable/chunks/3yj28cgcsk539.js:2:22543)
    at https://vercel.com/_next/static/immutable/chunks/3qi00qrpi2qml.js:2:4527
    at c (https://vercel.com/_next/static/immutable/chunks/3oc81hqdy7vft.js:2:5164)
    at aj (https://vercel.com/_next/static/immutable/chunks/1ez_xjl8u_-5_.js:109:66413)
    at ic (https://vercel.com/_next/static/immutable/chunks/1ez_xjl8u_-5_.js:109:87432)
    at iL (https://vercel.com/_next/static/immutable/chunks/1ez_xjl8u_-5_.js:109:99301)
    at sZ (https://vercel.com/_next/static/immutable/chunks/1ez_xjl8u_-5_.js:109:145139)
    at https://vercel.com/_next/static/immutable/chunks/1ez_xjl8u_-5_.js:109:140046
    at sU (https://vercel.com/_next/static/immutable/chunks/1ez_xjl8u_-5_.js:109:140147)
    at ck (https://vercel.com/_next/static/immutable/chunks/1ez_xjl8u_-5_.js:109:174862)
    at MessagePort.C (https://vercel.com/_next/static/immutable/chunks/1ez_xjl8u_-5_.js:109:235590) {attributes: Object} @ https://vercel.com/_next/static/immutable/chunks/2sl1aftc4weqx.js:8
[  815265ms] [ERROR] Error: Missing param(s) [id] in link to route "/[teamSlug]/[project]/[id]/logs"
    at https://vercel.com/_next/static/immutable/chunks/3qi00qrpi2qml.js:2:2570
    at https://vercel.com/_next/static/immutable/chunks/3qi00qrpi2qml.js:2:5203
    at Object.oE [as useMemo] (https://vercel.com/_next/static/immutable/chunks/1ez_xjl8u_-5_.js:109:75491)
    at push.r.useMemo (https://vercel.com/_next/static/immutable/chunks/3yj28cgcsk539.js:2:22543)
    at https://vercel.com/_next/static/immutable/chunks/3qi00qrpi2qml.js:2:4527
    at c (https://vercel.com/_next/static/immutable/chunks/3oc81hqdy7vft.js:2:5164)
    at aj (https://vercel.com/_next/static/immutable/chunks/1ez_xjl8u_-5_.js:109:66413)
    at ic (https://vercel.com/_next/static/immutable/chunks/1ez_xjl8u_-5_.js:109:87432)
    at iL (https://vercel.com/_next/static/immutable/chunks/1ez_xjl8u_-5_.js:109:99301)
    at sZ (https://vercel.com/_next/static/immutable/chunks/1ez_xjl8u_-5_.js:109:145139)
    at https://vercel.com/_next/static/immutable/chunks/1ez_xjl8u_-5_.js:109:140046
    at sU (https://vercel.com/_next/static/immutable/chunks/1ez_xjl8u_-5_.js:109:140147)
    at ck (https://vercel.com/_next/static/immutable/chunks/1ez_xjl8u_-5_.js:109:174862)
    at MessagePort.C (https://vercel.com/_next/static/immutable/chunks/1ez_xjl8u_-5_.js:109:235590) {attributes: Object} @ https://vercel.com/_next/static/immutable/chunks/2sl1aftc4weqx.js:8
[  815266ms] [ERROR] Error: Missing param(s) [id] in link to route "/[teamSlug]/[project]/[id]/resources"
    at https://vercel.com/_next/static/immutable/chunks/3qi00qrpi2qml.js:2:2570
    at https://vercel.com/_next/static/immutable/chunks/3qi00qrpi2qml.js:2:5203
    at Object.oE [as useMemo] (https://vercel.com/_next/static/immutable/chunks/1ez_xjl8u_-5_.js:109:75491)
    at push.r.useMemo (https://vercel.com/_next/static/immutable/chunks/3yj28cgcsk539.js:2:22543)
    at https://vercel.com/_next/static/immutable/chunks/3qi00qrpi2qml.js:2:4527
    at c (https://vercel.com/_next/static/immutable/chunks/3oc81hqdy7vft.js:2:5164)
    at aj (https://vercel.com/_next/static/immutable/chunks/1ez_xjl8u_-5_.js:109:66413)
    at ic (https://vercel.com/_next/static/immutable/chunks/1ez_xjl8u_-5_.js:109:87432)
    at iL (https://vercel.com/_next/static/immutable/chunks/1ez_xjl8u_-5_.js:109:99301)
    at sZ (https://vercel.com/_next/static/immutable/chunks/1ez_xjl8u_-5_.js:109:145139)
    at https://vercel.com/_next/static/immutable/chunks/1ez_xjl8u_-5_.js:109:140046
    at sU (https://vercel.com/_next/static/immutable/chunks/1ez_xjl8u_-5_.js:109:140147)
    at ck (https://vercel.com/_next/static/immutable/chunks/1ez_xjl8u_-5_.js:109:174862)
    at MessagePort.C (https://vercel.com/_next/static/immutable/chunks/1ez_xjl8u_-5_.js:109:235590) {attributes: Object} @ https://vercel.com/_next/static/immutable/chunks/2sl1aftc4weqx.js:8
[  815267ms] [ERROR] Error: Missing param(s) [id] in link to route "/[teamSlug]/[project]/[id]/source"
    at https://vercel.com/_next/static/immutable/chunks/3qi00qrpi2qml.js:2:2570
    at https://vercel.com/_next/static/immutable/chunks/3qi00qrpi2qml.js:2:5203
    at Object.oE [as useMemo] (https://vercel.com/_next/static/immutable/chunks/1ez_xjl8u_-5_.js:109:75491)
    at push.r.useMemo (https://vercel.com/_next/static/immutable/chunks/3yj28cgcsk539.js:2:22543)
    at https://vercel.com/_next/static/immutable/chunks/3qi00qrpi2qml.js:2:4527
    at c (https://vercel.com/_next/static/immutable/chunks/3oc81hqdy7vft.js:2:5164)
    at aj (https://vercel.com/_next/static/immutable/chunks/1ez_xjl8u_-5_.js:109:66413)
    at ic (https://vercel.com/_next/static/immutable/chunks/1ez_xjl8u_-5_.js:109:87432)
    at iL (https://vercel.com/_next/static/immutable/chunks/1ez_xjl8u_-5_.js:109:99301)
    at sZ (https://vercel.com/_next/static/immutable/chunks/1ez_xjl8u_-5_.js:109:145139)
    at https://vercel.com/_next/static/immutable/chunks/1ez_xjl8u_-5_.js:109:140046
    at sU (https://vercel.com/_next/static/immutable/chunks/1ez_xjl8u_-5_.js:109:140147)
    at ck (https://vercel.com/_next/static/immutable/chunks/1ez_xjl8u_-5_.js:109:174862)
    at MessagePort.C (https://vercel.com/_next/static/immutable/chunks/1ez_xjl8u_-5_.js:109:235590) {attributes: Object} @ https://vercel.com/_next/static/immutable/chunks/2sl1aftc4weqx.js:8
[  815268ms] [ERROR] Error: Missing param(s) [id] in link to route "/[teamSlug]/[project]/[id]/og"
    at https://vercel.com/_next/static/immutable/chunks/3qi00qrpi2qml.js:2:2570
    at https://vercel.com/_next/static/immutable/chunks/3qi00qrpi2qml.js:2:5203
    at Object.oE [as useMemo] (https://vercel.com/_next/static/immutable/chunks/1ez_xjl8u_-5_.js:109:75491)
    at push.r.useMemo (https://vercel.com/_next/static/immutable/chunks/3yj28cgcsk539.js:2:22543)
    at https://vercel.com/_next/static/immutable/chunks/3qi00qrpi2qml.js:2:4527
    at c (https://vercel.com/_next/static/immutable/chunks/3oc81hqdy7vft.js:2:5164)
    at aj (https://vercel.com/_next/static/immutable/chunks/1ez_xjl8u_-5_.js:109:66413)
    at ic (https://vercel.com/_next/static/immutable/chunks/1ez_xjl8u_-5_.js:109:87432)
    at iL (https://vercel.com/_next/static/immutable/chunks/1ez_xjl8u_-5_.js:109:99301)
    at sZ (https://vercel.com/_next/static/immutable/chunks/1ez_xjl8u_-5_.js:109:145139)
    at https://vercel.com/_next/static/immutable/chunks/1ez_xjl8u_-5_.js:109:140046
    at sU (https://vercel.com/_next/static/immutable/chunks/1ez_xjl8u_-5_.js:109:140147)
    at ck (https://vercel.com/_next/static/immutable/chunks/1ez_xjl8u_-5_.js:109:174862)
    at MessagePort.C (https://vercel.com/_next/static/immutable/chunks/1ez_xjl8u_-5_.js:109:235590) {attributes: Object} @ https://vercel.com/_next/static/immutable/chunks/2sl1aftc4weqx.js:8
[  815373ms] [ERROR] Error: Missing param(s) [id] in link to route "/[teamSlug]/[project]/[id]"
    at https://vercel.com/_next/static/immutable/chunks/3qi00qrpi2qml.js:2:2570
    at https://vercel.com/_next/static/immutable/chunks/3qi00qrpi2qml.js:2:5203
    at Object.oE [as useMemo] (https://vercel.com/_next/static/immutable/chunks/1ez_xjl8u_-5_.js:109:75491)
    at push.r.useMemo (https://vercel.com/_next/static/immutable/chunks/3yj28cgcsk539.js:2:22543)
    at https://vercel.com/_next/static/immutable/chunks/3qi00qrpi2qml.js:2:4527
    at c (https://vercel.com/_next/static/immutable/chunks/3oc81hqdy7vft.js:2:5164)
    at aj (https://vercel.com/_next/static/immutable/chunks/1ez_xjl8u_-5_.js:109:66413)
    at ic (https://vercel.com/_next/static/immutable/chunks/1ez_xjl8u_-5_.js:109:87432)
    at iL (https://vercel.com/_next/static/immutable/chunks/1ez_xjl8u_-5_.js:109:99301)
    at sZ (https://vercel.com/_next/static/immutable/chunks/1ez_xjl8u_-5_.js:109:145139)
    at https://vercel.com/_next/static/immutable/chunks/1ez_xjl8u_-5_.js:109:140046
    at sU (https://vercel.com/_next/static/immutable/chunks/1ez_xjl8u_-5_.js:109:140147)
    at ck (https://vercel.com/_next/static/immutable/chunks/1ez_xjl8u_-5_.js:109:174862)
    at MessagePort.C (https://vercel.com/_next/static/immutable/chunks/1ez_xjl8u_-5_.js:109:235590) {attributes: Object} @ https://vercel.com/_next/static/immutable/chunks/2sl1aftc4weqx.js:8
[  815374ms] [ERROR] Error: Missing param(s) [id] in link to route "/[teamSlug]/[project]/[id]/logs"
    at https://vercel.com/_next/static/immutable/chunks/3qi00qrpi2qml.js:2:2570
    at https://vercel.com/_next/static/immutable/chunks/3qi00qrpi2qml.js:2:5203
    at Object.oE [as useMemo] (https://vercel.com/_next/static/immutable/chunks/1ez_xjl8u_-5_.js:109:75491)
    at push.r.useMemo (https://vercel.com/_next/static/immutable/chunks/3yj28cgcsk539.js:2:22543)
    at https://vercel.com/_next/static/immutable/chunks/3qi00qrpi2qml.js:2:4527
    at c (https://vercel.com/_next/static/immutable/chunks/3oc81hqdy7vft.js:2:5164)
    at aj (https://vercel.com/_next/static/immutable/chunks/1ez_xjl8u_-5_.js:109:66413)
    at ic (https://vercel.com/_next/static/immutable/chunks/1ez_xjl8u_-5_.js:109:87432)
    at iL (https://vercel.com/_next/static/immutable/chunks/1ez_xjl8u_-5_.js:109:99301)
    at sZ (https://vercel.com/_next/static/immutable/chunks/1ez_xjl8u_-5_.js:109:145139)
    at https://vercel.com/_next/static/immutable/chunks/1ez_xjl8u_-5_.js:109:140046
    at sU (https://vercel.com/_next/static/immutable/chunks/1ez_xjl8u_-5_.js:109:140147)
    at ck (https://vercel.com/_next/static/immutable/chunks/1ez_xjl8u_-5_.js:109:174862)
    at MessagePort.C (https://vercel.com/_next/static/immutable/chunks/1ez_xjl8u_-5_.js:109:235590) {attributes: Object} @ https://vercel.com/_next/static/immutable/chunks/2sl1aftc4weqx.js:8
[  815375ms] [ERROR] Error: Missing param(s) [id] in link to route "/[teamSlug]/[project]/[id]/resources"
    at https://vercel.com/_next/static/immutable/chunks/3qi00qrpi2qml.js:2:2570
    at https://vercel.com/_next/static/immutable/chunks/3qi00qrpi2qml.js:2:5203
    at Object.oE [as useMemo] (https://vercel.com/_next/static/immutable/chunks/1ez_xjl8u_-5_.js:109:75491)
    at push.r.useMemo (https://vercel.com/_next/static/immutable/chunks/3yj28cgcsk539.js:2:22543)
    at https://vercel.com/_next/static/immutable/chunks/3qi00qrpi2qml.js:2:4527
    at c (https://vercel.com/_next/static/immutable/chunks/3oc81hqdy7vft.js:2:5164)
    at aj (https://vercel.com/_next/static/immutable/chunks/1ez_xjl8u_-5_.js:109:66413)
    at ic (https://vercel.com/_next/static/immutable/chunks/1ez_xjl8u_-5_.js:109:87432)
    at iL (https://vercel.com/_next/static/immutable/chunks/1ez_xjl8u_-5_.js:109:99301)
    at sZ (https://vercel.com/_next/static/immutable/chunks/1ez_xjl8u_-5_.js:109:145139)
    at https://vercel.com/_next/static/immutable/chunks/1ez_xjl8u_-5_.js:109:140046
    at sU (https://vercel.com/_next/static/immutable/chunks/1ez_xjl8u_-5_.js:109:140147)
    at ck (https://vercel.com/_next/static/immutable/chunks/1ez_xjl8u_-5_.js:109:174862)
    at MessagePort.C (https://vercel.com/_next/static/immutable/chunks/1ez_xjl8u_-5_.js:109:235590) {attributes: Object} @ https://vercel.com/_next/static/immutable/chunks/2sl1aftc4weqx.js:8
[  815376ms] [ERROR] Error: Missing param(s) [id] in link to route "/[teamSlug]/[project]/[id]/source"
    at https://vercel.com/_next/static/immutable/chunks/3qi00qrpi2qml.js:2:2570
    at https://vercel.com/_next/static/immutable/chunks/3qi00qrpi2qml.js:2:5203
    at Object.oE [as useMemo] (https://vercel.com/_next/static/immutable/chunks/1ez_xjl8u_-5_.js:109:75491)
    at push.r.useMemo (https://vercel.com/_next/static/immutable/chunks/3yj28cgcsk539.js:2:22543)
    at https://vercel.com/_next/static/immutable/chunks/3qi00qrpi2qml.js:2:4527
    at c (https://vercel.com/_next/static/immutable/chunks/3oc81hqdy7vft.js:2:5164)
    at aj (https://vercel.com/_next/static/immutable/chunks/1ez_xjl8u_-5_.js:109:66413)
    at ic (https://vercel.com/_next/static/immutable/chunks/1ez_xjl8u_-5_.js:109:87432)
    at iL (https://vercel.com/_next/static/immutable/chunks/1ez_xjl8u_-5_.js:109:99301)
    at sZ (https://vercel.com/_next/static/immutable/chunks/1ez_xjl8u_-5_.js:109:145139)
    at https://vercel.com/_next/static/immutable/chunks/1ez_xjl8u_-5_.js:109:140046
    at sU (https://vercel.com/_next/static/immutable/chunks/1ez_xjl8u_-5_.js:109:140147)
    at ck (https://vercel.com/_next/static/immutable/chunks/1ez_xjl8u_-5_.js:109:174862)
    at MessagePort.C (https://vercel.com/_next/static/immutable/chunks/1ez_xjl8u_-5_.js:109:235590) {attributes: Object} @ https://vercel.com/_next/static/immutable/chunks/2sl1aftc4weqx.js:8
[  815378ms] [ERROR] Error: Missing param(s) [id] in link to route "/[teamSlug]/[project]/[id]/og"
    at https://vercel.com/_next/static/immutable/chunks/3qi00qrpi2qml.js:2:2570
    at https://vercel.com/_next/static/immutable/chunks/3qi00qrpi2qml.js:2:5203
    at Object.oE [as useMemo] (https://vercel.com/_next/static/immutable/chunks/1ez_xjl8u_-5_.js:109:75491)
    at push.r.useMemo (https://vercel.com/_next/static/immutable/chunks/3yj28cgcsk539.js:2:22543)
    at https://vercel.com/_next/static/immutable/chunks/3qi00qrpi2qml.js:2:4527
    at c (https://vercel.com/_next/static/immutable/chunks/3oc81hqdy7vft.js:2:5164)
    at aj (https://vercel.com/_next/static/immutable/chunks/1ez_xjl8u_-5_.js:109:66413)
    at ic (https://vercel.com/_next/static/immutable/chunks/1ez_xjl8u_-5_.js:109:87432)
    at iL (https://vercel.com/_next/static/immutable/chunks/1ez_xjl8u_-5_.js:109:99301)
    at sZ (https://vercel.com/_next/static/immutable/chunks/1ez_xjl8u_-5_.js:109:145139)
    at https://vercel.com/_next/static/immutable/chunks/1ez_xjl8u_-5_.js:109:140046
    at sU (https://vercel.com/_next/static/immutable/chunks/1ez_xjl8u_-5_.js:109:140147)
    at ck (https://vercel.com/_next/static/immutable/chunks/1ez_xjl8u_-5_.js:109:174862)
    at MessagePort.C (https://vercel.com/_next/static/immutable/chunks/1ez_xjl8u_-5_.js:109:235590) {attributes: Object} @ https://vercel.com/_next/static/immutable/chunks/2sl1aftc4weqx.js:8
[  815557ms] [ERROR] Error: Missing param(s) [id] in link to route "/[teamSlug]/[project]/[id]"
    at https://vercel.com/_next/static/immutable/chunks/3qi00qrpi2qml.js:2:2570
    at https://vercel.com/_next/static/immutable/chunks/3qi00qrpi2qml.js:2:5203
    at Object.oE [as useMemo] (https://vercel.com/_next/static/immutable/chunks/1ez_xjl8u_-5_.js:109:75491)
    at push.r.useMemo (https://vercel.com/_next/static/immutable/chunks/3yj28cgcsk539.js:2:22543)
    at https://vercel.com/_next/static/immutable/chunks/3qi00qrpi2qml.js:2:4527
    at c (https://vercel.com/_next/static/immutable/chunks/3oc81hqdy7vft.js:2:5164)
    at aj (https://vercel.com/_next/static/immutable/chunks/1ez_xjl8u_-5_.js:109:66413)
    at ic (https://vercel.com/_next/static/immutable/chunks/1ez_xjl8u_-5_.js:109:87432)
    at iL (https://vercel.com/_next/static/immutable/chunks/1ez_xjl8u_-5_.js:109:99301)
    at sZ (https://vercel.com/_next/static/immutable/chunks/1ez_xjl8u_-5_.js:109:145139)
    at https://vercel.com/_next/static/immutable/chunks/1ez_xjl8u_-5_.js:109:140046
    at sU (https://vercel.com/_next/static/immutable/chunks/1ez_xjl8u_-5_.js:109:140147)
    at ck (https://vercel.com/_next/static/immutable/chunks/1ez_xjl8u_-5_.js:109:174862)
    at MessagePort.C (https://vercel.com/_next/static/immutable/chunks/1ez_xjl8u_-5_.js:109:235590) {attributes: Object} @ https://vercel.com/_next/static/immutable/chunks/2sl1aftc4weqx.js:8
[  815558ms] [ERROR] Error: Missing param(s) [id] in link to route "/[teamSlug]/[project]/[id]/logs"
    at https://vercel.com/_next/static/immutable/chunks/3qi00qrpi2qml.js:2:2570
    at https://vercel.com/_next/static/immutable/chunks/3qi00qrpi2qml.js:2:5203
    at Object.oE [as useMemo] (https://vercel.com/_next/static/immutable/chunks/1ez_xjl8u_-5_.js:109:75491)
    at push.r.useMemo (https://vercel.com/_next/static/immutable/chunks/3yj28cgcsk539.js:2:22543)
    at https://vercel.com/_next/static/immutable/chunks/3qi00qrpi2qml.js:2:4527
    at c (https://vercel.com/_next/static/immutable/chunks/3oc81hqdy7vft.js:2:5164)
    at aj (https://vercel.com/_next/static/immutable/chunks/1ez_xjl8u_-5_.js:109:66413)
    at ic (https://vercel.com/_next/static/immutable/chunks/1ez_xjl8u_-5_.js:109:87432)
    at iL (https://vercel.com/_next/static/immutable/chunks/1ez_xjl8u_-5_.js:109:99301)
    at sZ (https://vercel.com/_next/static/immutable/chunks/1ez_xjl8u_-5_.js:109:145139)
    at https://vercel.com/_next/static/immutable/chunks/1ez_xjl8u_-5_.js:109:140046
    at sU (https://vercel.com/_next/static/immutable/chunks/1ez_xjl8u_-5_.js:109:140147)
    at ck (https://vercel.com/_next/static/immutable/chunks/1ez_xjl8u_-5_.js:109:174862)
    at MessagePort.C (https://vercel.com/_next/static/immutable/chunks/1ez_xjl8u_-5_.js:109:235590) {attributes: Object} @ https://vercel.com/_next/static/immutable/chunks/2sl1aftc4weqx.js:8
[  815559ms] [ERROR] Error: Missing param(s) [id] in link to route "/[teamSlug]/[project]/[id]/resources"
    at https://vercel.com/_next/static/immutable/chunks/3qi00qrpi2qml.js:2:2570
    at https://vercel.com/_next/static/immutable/chunks/3qi00qrpi2qml.js:2:5203
    at Object.oE [as useMemo] (https://vercel.com/_next/static/immutable/chunks/1ez_xjl8u_-5_.js:109:75491)
    at push.r.useMemo (https://vercel.com/_next/static/immutable/chunks/3yj28cgcsk539.js:2:22543)
    at https://vercel.com/_next/static/immutable/chunks/3qi00qrpi2qml.js:2:4527
    at c (https://vercel.com/_next/static/immutable/chunks/3oc81hqdy7vft.js:2:5164)
    at aj (https://vercel.com/_next/static/immutable/chunks/1ez_xjl8u_-5_.js:109:66413)
    at ic (https://vercel.com/_next/static/immutable/chunks/1ez_xjl8u_-5_.js:109:87432)
    at iL (https://vercel.com/_next/static/immutable/chunks/1ez_xjl8u_-5_.js:109:99301)
    at sZ (https://vercel.com/_next/static/immutable/chunks/1ez_xjl8u_-5_.js:109:145139)
    at https://vercel.com/_next/static/immutable/chunks/1ez_xjl8u_-5_.js:109:140046
    at sU (https://vercel.com/_next/static/immutable/chunks/1ez_xjl8u_-5_.js:109:140147)
    at ck (https://vercel.com/_next/static/immutable/chunks/1ez_xjl8u_-5_.js:109:174862)
    at MessagePort.C (https://vercel.com/_next/static/immutable/chunks/1ez_xjl8u_-5_.js:109:235590) {attributes: Object} @ https://vercel.com/_next/static/immutable/chunks/2sl1aftc4weqx.js:8
[  815560ms] [ERROR] Error: Missing param(s) [id] in link to route "/[teamSlug]/[project]/[id]/source"
    at https://vercel.com/_next/static/immutable/chunks/3qi00qrpi2qml.js:2:2570
    at https://vercel.com/_next/static/immutable/chunks/3qi00qrpi2qml.js:2:5203
    at Object.oE [as useMemo] (https://vercel.com/_next/static/immutable/chunks/1ez_xjl8u_-5_.js:109:75491)
    at push.r.useMemo (https://vercel.com/_next/static/immutable/chunks/3yj28cgcsk539.js:2:22543)
    at https://vercel.com/_next/static/immutable/chunks/3qi00qrpi2qml.js:2:4527
    at c (https://vercel.com/_next/static/immutable/chunks/3oc81hqdy7vft.js:2:5164)
    at aj (https://vercel.com/_next/static/immutable/chunks/1ez_xjl8u_-5_.js:109:66413)
    at ic (https://vercel.com/_next/static/immutable/chunks/1ez_xjl8u_-5_.js:109:87432)
    at iL (https://vercel.com/_next/static/immutable/chunks/1ez_xjl8u_-5_.js:109:99301)
    at sZ (https://vercel.com/_next/static/immutable/chunks/1ez_xjl8u_-5_.js:109:145139)
    at https://vercel.com/_next/static/immutable/chunks/1ez_xjl8u_-5_.js:109:140046
    at sU (https://vercel.com/_next/static/immutable/chunks/1ez_xjl8u_-5_.js:109:140147)
    at ck (https://vercel.com/_next/static/immutable/chunks/1ez_xjl8u_-5_.js:109:174862)
    at MessagePort.C (https://vercel.com/_next/static/immutable/chunks/1ez_xjl8u_-5_.js:109:235590) {attributes: Object} @ https://vercel.com/_next/static/immutable/chunks/2sl1aftc4weqx.js:8
[  815561ms] [ERROR] Error: Missing param(s) [id] in link to route "/[teamSlug]/[project]/[id]/og"
    at https://vercel.com/_next/static/immutable/chunks/3qi00qrpi2qml.js:2:2570
    at https://vercel.com/_next/static/immutable/chunks/3qi00qrpi2qml.js:2:5203
    at Object.oE [as useMemo] (https://vercel.com/_next/static/immutable/chunks/1ez_xjl8u_-5_.js:109:75491)
    at push.r.useMemo (https://vercel.com/_next/static/immutable/chunks/3yj28cgcsk539.js:2:22543)
    at https://vercel.com/_next/static/immutable/chunks/3qi00qrpi2qml.js:2:4527
    at c (https://vercel.com/_next/static/immutable/chunks/3oc81hqdy7vft.js:2:5164)
    at aj (https://vercel.com/_next/static/immutable/chunks/1ez_xjl8u_-5_.js:109:66413)
    at ic (https://vercel.com/_next/static/immutable/chunks/1ez_xjl8u_-5_.js:109:87432)
    at iL (https://vercel.com/_next/static/immutable/chunks/1ez_xjl8u_-5_.js:109:99301)
    at sZ (https://vercel.com/_next/static/immutable/chunks/1ez_xjl8u_-5_.js:109:145139)
    at https://vercel.com/_next/static/immutable/chunks/1ez_xjl8u_-5_.js:109:140046
    at sU (https://vercel.com/_next/static/immutable/chunks/1ez_xjl8u_-5_.js:109:140147)
    at ck (https://vercel.com/_next/static/immutable/chunks/1ez_xjl8u_-5_.js:109:174862)
    at MessagePort.C (https://vercel.com/_next/static/immutable/chunks/1ez_xjl8u_-5_.js:109:235590) {attributes: Object} @ https://vercel.com/_next/static/immutable/chunks/2sl1aftc4weqx.js:8
[  815693ms] [ERROR] Error: Missing param(s) [id] in link to route "/[teamSlug]/[project]/[id]"
    at https://vercel.com/_next/static/immutable/chunks/3qi00qrpi2qml.js:2:2570
    at https://vercel.com/_next/static/immutable/chunks/3qi00qrpi2qml.js:2:5203
    at Object.oE [as useMemo] (https://vercel.com/_next/static/immutable/chunks/1ez_xjl8u_-5_.js:109:75491)
    at push.r.useMemo (https://vercel.com/_next/static/immutable/chunks/3yj28cgcsk539.js:2:22543)
    at https://vercel.com/_next/static/immutable/chunks/3qi00qrpi2qml.js:2:4527
    at c (https://vercel.com/_next/static/immutable/chunks/3oc81hqdy7vft.js:2:5164)
    at aj (https://vercel.com/_next/static/immutable/chunks/1ez_xjl8u_-5_.js:109:66413)
    at ic (https://vercel.com/_next/static/immutable/chunks/1ez_xjl8u_-5_.js:109:87432)
    at iL (https://vercel.com/_next/static/immutable/chunks/1ez_xjl8u_-5_.js:109:99301)
    at sZ (https://vercel.com/_next/static/immutable/chunks/1ez_xjl8u_-5_.js:109:145139)
    at https://vercel.com/_next/static/immutable/chunks/1ez_xjl8u_-5_.js:109:140046
    at sU (https://vercel.com/_next/static/immutable/chunks/1ez_xjl8u_-5_.js:109:140147)
    at ck (https://vercel.com/_next/static/immutable/chunks/1ez_xjl8u_-5_.js:109:174862)
    at MessagePort.C (https://vercel.com/_next/static/immutable/chunks/1ez_xjl8u_-5_.js:109:235590) {attributes: Object} @ https://vercel.com/_next/static/immutable/chunks/2sl1aftc4weqx.js:8
[  815694ms] [ERROR] Error: Missing param(s) [id] in link to route "/[teamSlug]/[project]/[id]/logs"
    at https://vercel.com/_next/static/immutable/chunks/3qi00qrpi2qml.js:2:2570
    at https://vercel.com/_next/static/immutable/chunks/3qi00qrpi2qml.js:2:5203
    at Object.oE [as useMemo] (https://vercel.com/_next/static/immutable/chunks/1ez_xjl8u_-5_.js:109:75491)
    at push.r.useMemo (https://vercel.com/_next/static/immutable/chunks/3yj28cgcsk539.js:2:22543)
    at https://vercel.com/_next/static/immutable/chunks/3qi00qrpi2qml.js:2:4527
    at c (https://vercel.com/_next/static/immutable/chunks/3oc81hqdy7vft.js:2:5164)
    at aj (https://vercel.com/_next/static/immutable/chunks/1ez_xjl8u_-5_.js:109:66413)
    at ic (https://vercel.com/_next/static/immutable/chunks/1ez_xjl8u_-5_.js:109:87432)
    at iL (https://vercel.com/_next/static/immutable/chunks/1ez_xjl8u_-5_.js:109:99301)
    at sZ (https://vercel.com/_next/static/immutable/chunks/1ez_xjl8u_-5_.js:109:145139)
    at https://vercel.com/_next/static/immutable/chunks/1ez_xjl8u_-5_.js:109:140046
    at sU (https://vercel.com/_next/static/immutable/chunks/1ez_xjl8u_-5_.js:109:140147)
    at ck (https://vercel.com/_next/static/immutable/chunks/1ez_xjl8u_-5_.js:109:174862)
    at MessagePort.C (https://vercel.com/_next/static/immutable/chunks/1ez_xjl8u_-5_.js:109:235590) {attributes: Object} @ https://vercel.com/_next/static/immutable/chunks/2sl1aftc4weqx.js:8
[  815695ms] [ERROR] Error: Missing param(s) [id] in link to route "/[teamSlug]/[project]/[id]/resources"
    at https://vercel.com/_next/static/immutable/chunks/3qi00qrpi2qml.js:2:2570
    at https://vercel.com/_next/static/immutable/chunks/3qi00qrpi2qml.js:2:5203
    at Object.oE [as useMemo] (https://vercel.com/_next/static/immutable/chunks/1ez_xjl8u_-5_.js:109:75491)
    at push.r.useMemo (https://vercel.com/_next/static/immutable/chunks/3yj28cgcsk539.js:2:22543)
    at https://vercel.com/_next/static/immutable/chunks/3qi00qrpi2qml.js:2:4527
    at c (https://vercel.com/_next/static/immutable/chunks/3oc81hqdy7vft.js:2:5164)
    at aj (https://vercel.com/_next/static/immutable/chunks/1ez_xjl8u_-5_.js:109:66413)
    at ic (https://vercel.com/_next/static/immutable/chunks/1ez_xjl8u_-5_.js:109:87432)
    at iL (https://vercel.com/_next/static/immutable/chunks/1ez_xjl8u_-5_.js:109:99301)
    at sZ (https://vercel.com/_next/static/immutable/chunks/1ez_xjl8u_-5_.js:109:145139)
    at https://vercel.com/_next/static/immutable/chunks/1ez_xjl8u_-5_.js:109:140046
    at sU (https://vercel.com/_next/static/immutable/chunks/1ez_xjl8u_-5_.js:109:140147)
    at ck (https://vercel.com/_next/static/immutable/chunks/1ez_xjl8u_-5_.js:109:174862)
    at MessagePort.C (https://vercel.com/_next/static/immutable/chunks/1ez_xjl8u_-5_.js:109:235590) {attributes: Object} @ https://vercel.com/_next/static/immutable/chunks/2sl1aftc4weqx.js:8
[  815696ms] [ERROR] Error: Missing param(s) [id] in link to route "/[teamSlug]/[project]/[id]/source"
    at https://vercel.com/_next/static/immutable/chunks/3qi00qrpi2qml.js:2:2570
    at https://vercel.com/_next/static/immutable/chunks/3qi00qrpi2qml.js:2:5203
    at Object.oE [as useMemo] (https://vercel.com/_next/static/immutable/chunks/1ez_xjl8u_-5_.js:109:75491)
    at push.r.useMemo (https://vercel.com/_next/static/immutable/chunks/3yj28cgcsk539.js:2:22543)
    at https://vercel.com/_next/static/immutable/chunks/3qi00qrpi2qml.js:2:4527
    at c (https://vercel.com/_next/static/immutable/chunks/3oc81hqdy7vft.js:2:5164)
    at aj (https://vercel.com/_next/static/immutable/chunks/1ez_xjl8u_-5_.js:109:66413)
    at ic (https://vercel.com/_next/static/immutable/chunks/1ez_xjl8u_-5_.js:109:87432)
    at iL (https://vercel.com/_next/static/immutable/chunks/1ez_xjl8u_-5_.js:109:99301)
    at sZ (https://vercel.com/_next/static/immutable/chunks/1ez_xjl8u_-5_.js:109:145139)
    at https://vercel.com/_next/static/immutable/chunks/1ez_xjl8u_-5_.js:109:140046
    at sU (https://vercel.com/_next/static/immutable/chunks/1ez_xjl8u_-5_.js:109:140147)
    at ck (https://vercel.com/_next/static/immutable/chunks/1ez_xjl8u_-5_.js:109:174862)
    at MessagePort.C (https://vercel.com/_next/static/immutable/chunks/1ez_xjl8u_-5_.js:109:235590) {attributes: Object} @ https://vercel.com/_next/static/immutable/chunks/2sl1aftc4weqx.js:8
[  815697ms] [ERROR] Error: Missing param(s) [id] in link to route "/[teamSlug]/[project]/[id]/og"
    at https://vercel.com/_next/static/immutable/chunks/3qi00qrpi2qml.js:2:2570
    at https://vercel.com/_next/static/immutable/chunks/3qi00qrpi2qml.js:2:5203
    at Object.oE [as useMemo] (https://vercel.com/_next/static/immutable/chunks/1ez_xjl8u_-5_.js:109:75491)
    at push.r.useMemo (https://vercel.com/_next/static/immutable/chunks/3yj28cgcsk539.js:2:22543)
    at https://vercel.com/_next/static/immutable/chunks/3qi00qrpi2qml.js:2:4527
    at c (https://vercel.com/_next/static/immutable/chunks/3oc81hqdy7vft.js:2:5164)
    at aj (https://vercel.com/_next/static/immutable/chunks/1ez_xjl8u_-5_.js:109:66413)
    at ic (https://vercel.com/_next/static/immutable/chunks/1ez_xjl8u_-5_.js:109:87432)
    at iL (https://vercel.com/_next/static/immutable/chunks/1ez_xjl8u_-5_.js:109:99301)
    at sZ (https://vercel.com/_next/static/immutable/chunks/1ez_xjl8u_-5_.js:109:145139)
    at https://vercel.com/_next/static/immutable/chunks/1ez_xjl8u_-5_.js:109:140046
    at sU (https://vercel.com/_next/static/immutable/chunks/1ez_xjl8u_-5_.js:109:140147)
    at ck (https://vercel.com/_next/static/immutable/chunks/1ez_xjl8u_-5_.js:109:174862)
    at MessagePort.C (https://vercel.com/_next/static/immutable/chunks/1ez_xjl8u_-5_.js:109:235590) {attributes: Object} @ https://vercel.com/_next/static/immutable/chunks/2sl1aftc4weqx.js:8
[  815844ms] [ERROR] Error: Missing param(s) [id] in link to route "/[teamSlug]/[project]/[id]"
    at https://vercel.com/_next/static/immutable/chunks/3qi00qrpi2qml.js:2:2570
    at https://vercel.com/_next/static/immutable/chunks/3qi00qrpi2qml.js:2:5203
    at Object.oE [as useMemo] (https://vercel.com/_next/static/immutable/chunks/1ez_xjl8u_-5_.js:109:75491)
    at push.r.useMemo (https://vercel.com/_next/static/immutable/chunks/3yj28cgcsk539.js:2:22543)
    at https://vercel.com/_next/static/immutable/chunks/3qi00qrpi2qml.js:2:4527
    at c (https://vercel.com/_next/static/immutable/chunks/3oc81hqdy7vft.js:2:5164)
    at aj (https://vercel.com/_next/static/immutable/chunks/1ez_xjl8u_-5_.js:109:66413)
    at ic (https://vercel.com/_next/static/immutable/chunks/1ez_xjl8u_-5_.js:109:87432)
    at iL (https://vercel.com/_next/static/immutable/chunks/1ez_xjl8u_-5_.js:109:99301)
    at sZ (https://vercel.com/_next/static/immutable/chunks/1ez_xjl8u_-5_.js:109:145139)
    at https://vercel.com/_next/static/immutable/chunks/1ez_xjl8u_-5_.js:109:140046
    at sU (https://vercel.com/_next/static/immutable/chunks/1ez_xjl8u_-5_.js:109:140147)
    at ck (https://vercel.com/_next/static/immutable/chunks/1ez_xjl8u_-5_.js:109:174862)
    at MessagePort.C (https://vercel.com/_next/static/immutable/chunks/1ez_xjl8u_-5_.js:109:235590) {attributes: Object} @ https://vercel.com/_next/static/immutable/chunks/2sl1aftc4weqx.js:8
[  815845ms] [ERROR] Error: Missing param(s) [id] in link to route "/[teamSlug]/[project]/[id]/logs"
    at https://vercel.com/_next/static/immutable/chunks/3qi00qrpi2qml.js:2:2570
    at https://vercel.com/_next/static/immutable/chunks/3qi00qrpi2qml.js:2:5203
    at Object.oE [as useMemo] (https://vercel.com/_next/static/immutable/chunks/1ez_xjl8u_-5_.js:109:75491)
    at push.r.useMemo (https://vercel.com/_next/static/immutable/chunks/3yj28cgcsk539.js:2:22543)
    at https://vercel.com/_next/static/immutable/chunks/3qi00qrpi2qml.js:2:4527
    at c (https://vercel.com/_next/static/immutable/chunks/3oc81hqdy7vft.js:2:5164)
    at aj (https://vercel.com/_next/static/immutable/chunks/1ez_xjl8u_-5_.js:109:66413)
    at ic (https://vercel.com/_next/static/immutable/chunks/1ez_xjl8u_-5_.js:109:87432)
    at iL (https://vercel.com/_next/static/immutable/chunks/1ez_xjl8u_-5_.js:109:99301)
    at sZ (https://vercel.com/_next/static/immutable/chunks/1ez_xjl8u_-5_.js:109:145139)
    at https://vercel.com/_next/static/immutable/chunks/1ez_xjl8u_-5_.js:109:140046
    at sU (https://vercel.com/_next/static/immutable/chunks/1ez_xjl8u_-5_.js:109:140147)
    at ck (https://vercel.com/_next/static/immutable/chunks/1ez_xjl8u_-5_.js:109:174862)
    at MessagePort.C (https://vercel.com/_next/static/immutable/chunks/1ez_xjl8u_-5_.js:109:235590) {attributes: Object} @ https://vercel.com/_next/static/immutable/chunks/2sl1aftc4weqx.js:8
[  815846ms] [ERROR] Error: Missing param(s) [id] in link to route "/[teamSlug]/[project]/[id]/resources"
    at https://vercel.com/_next/static/immutable/chunks/3qi00qrpi2qml.js:2:2570
    at https://vercel.com/_next/static/immutable/chunks/3qi00qrpi2qml.js:2:5203
    at Object.oE [as useMemo] (https://vercel.com/_next/static/immutable/chunks/1ez_xjl8u_-5_.js:109:75491)
    at push.r.useMemo (https://vercel.com/_next/static/immutable/chunks/3yj28cgcsk539.js:2:22543)
    at https://vercel.com/_next/static/immutable/chunks/3qi00qrpi2qml.js:2:4527
    at c (https://vercel.com/_next/static/immutable/chunks/3oc81hqdy7vft.js:2:5164)
    at aj (https://vercel.com/_next/static/immutable/chunks/1ez_xjl8u_-5_.js:109:66413)
    at ic (https://vercel.com/_next/static/immutable/chunks/1ez_xjl8u_-5_.js:109:87432)
    at iL (https://vercel.com/_next/static/immutable/chunks/1ez_xjl8u_-5_.js:109:99301)
    at sZ (https://vercel.com/_next/static/immutable/chunks/1ez_xjl8u_-5_.js:109:145139)
    at https://vercel.com/_next/static/immutable/chunks/1ez_xjl8u_-5_.js:109:140046
    at sU (https://vercel.com/_next/static/immutable/chunks/1ez_xjl8u_-5_.js:109:140147)
    at ck (https://vercel.com/_next/static/immutable/chunks/1ez_xjl8u_-5_.js:109:174862)
    at MessagePort.C (https://vercel.com/_next/static/immutable/chunks/1ez_xjl8u_-5_.js:109:235590) {attributes: Object} @ https://vercel.com/_next/static/immutable/chunks/2sl1aftc4weqx.js:8
[  815847ms] [ERROR] Error: Missing param(s) [id] in link to route "/[teamSlug]/[project]/[id]/source"
    at https://vercel.com/_next/static/immutable/chunks/3qi00qrpi2qml.js:2:2570
    at https://vercel.com/_next/static/immutable/chunks/3qi00qrpi2qml.js:2:5203
    at Object.oE [as useMemo] (https://vercel.com/_next/static/immutable/chunks/1ez_xjl8u_-5_.js:109:75491)
    at push.r.useMemo (https://vercel.com/_next/static/immutable/chunks/3yj28cgcsk539.js:2:22543)
    at https://vercel.com/_next/static/immutable/chunks/3qi00qrpi2qml.js:2:4527
    at c (https://vercel.com/_next/static/immutable/chunks/3oc81hqdy7vft.js:2:5164)
    at aj (https://vercel.com/_next/static/immutable/chunks/1ez_xjl8u_-5_.js:109:66413)
    at ic (https://vercel.com/_next/static/immutable/chunks/1ez_xjl8u_-5_.js:109:87432)
    at iL (https://vercel.com/_next/static/immutable/chunks/1ez_xjl8u_-5_.js:109:99301)
    at sZ (https://vercel.com/_next/static/immutable/chunks/1ez_xjl8u_-5_.js:109:145139)
    at https://vercel.com/_next/static/immutable/chunks/1ez_xjl8u_-5_.js:109:140046
    at sU (https://vercel.com/_next/static/immutable/chunks/1ez_xjl8u_-5_.js:109:140147)
    at ck (https://vercel.com/_next/static/immutable/chunks/1ez_xjl8u_-5_.js:109:174862)
    at MessagePort.C (https://vercel.com/_next/static/immutable/chunks/1ez_xjl8u_-5_.js:109:235590) {attributes: Object} @ https://vercel.com/_next/static/immutable/chunks/2sl1aftc4weqx.js:8
[  815849ms] [ERROR] Error: Missing param(s) [id] in link to route "/[teamSlug]/[project]/[id]/og"
    at https://vercel.com/_next/static/immutable/chunks/3qi00qrpi2qml.js:2:2570
    at https://vercel.com/_next/static/immutable/chunks/3qi00qrpi2qml.js:2:5203
    at Object.oE [as useMemo] (https://vercel.com/_next/static/immutable/chunks/1ez_xjl8u_-5_.js:109:75491)
    at push.r.useMemo (https://vercel.com/_next/static/immutable/chunks/3yj28cgcsk539.js:2:22543)
    at https://vercel.com/_next/static/immutable/chunks/3qi00qrpi2qml.js:2:4527
    at c (https://vercel.com/_next/static/immutable/chunks/3oc81hqdy7vft.js:2:5164)
    at aj (https://vercel.com/_next/static/immutable/chunks/1ez_xjl8u_-5_.js:109:66413)
    at ic (https://vercel.com/_next/static/immutable/chunks/1ez_xjl8u_-5_.js:109:87432)
    at iL (https://vercel.com/_next/static/immutable/chunks/1ez_xjl8u_-5_.js:109:99301)
    at sZ (https://vercel.com/_next/static/immutable/chunks/1ez_xjl8u_-5_.js:109:145139)
    at https://vercel.com/_next/static/immutable/chunks/1ez_xjl8u_-5_.js:109:140046
    at sU (https://vercel.com/_next/static/immutable/chunks/1ez_xjl8u_-5_.js:109:140147)
    at ck (https://vercel.com/_next/static/immutable/chunks/1ez_xjl8u_-5_.js:109:174862)
    at MessagePort.C (https://vercel.com/_next/static/immutable/chunks/1ez_xjl8u_-5_.js:109:235590) {attributes: Object} @ https://vercel.com/_next/static/immutable/chunks/2sl1aftc4weqx.js:8
[  816539ms] [ERROR] Error: Missing param(s) [id] in link to route "/[teamSlug]/[project]/[id]"
    at https://vercel.com/_next/static/immutable/chunks/3qi00qrpi2qml.js:2:2570
    at https://vercel.com/_next/static/immutable/chunks/3qi00qrpi2qml.js:2:5203
    at Object.oE [as useMemo] (https://vercel.com/_next/static/immutable/chunks/1ez_xjl8u_-5_.js:109:75491)
    at push.r.useMemo (https://vercel.com/_next/static/immutable/chunks/3yj28cgcsk539.js:2:22543)
    at https://vercel.com/_next/static/immutable/chunks/3qi00qrpi2qml.js:2:4527
    at c (https://vercel.com/_next/static/immutable/chunks/3oc81hqdy7vft.js:2:5164)
    at aj (https://vercel.com/_next/static/immutable/chunks/1ez_xjl8u_-5_.js:109:66413)
    at ic (https://vercel.com/_next/static/immutable/chunks/1ez_xjl8u_-5_.js:109:87432)
    at iL (https://vercel.com/_next/static/immutable/chunks/1ez_xjl8u_-5_.js:109:99301)
    at sZ (https://vercel.com/_next/static/immutable/chunks/1ez_xjl8u_-5_.js:109:145139)
    at https://vercel.com/_next/static/immutable/chunks/1ez_xjl8u_-5_.js:109:140046
    at sU (https://vercel.com/_next/static/immutable/chunks/1ez_xjl8u_-5_.js:109:140147)
    at ck (https://vercel.com/_next/static/immutable/chunks/1ez_xjl8u_-5_.js:109:174862)
    at MessagePort.C (https://vercel.com/_next/static/immutable/chunks/1ez_xjl8u_-5_.js:109:235590) {attributes: Object} @ https://vercel.com/_next/static/immutable/chunks/2sl1aftc4weqx.js:8
[  816541ms] [ERROR] Error: Missing param(s) [id] in link to route "/[teamSlug]/[project]/[id]/logs"
    at https://vercel.com/_next/static/immutable/chunks/3qi00qrpi2qml.js:2:2570
    at https://vercel.com/_next/static/immutable/chunks/3qi00qrpi2qml.js:2:5203
    at Object.oE [as useMemo] (https://vercel.com/_next/static/immutable/chunks/1ez_xjl8u_-5_.js:109:75491)
    at push.r.useMemo (https://vercel.com/_next/static/immutable/chunks/3yj28cgcsk539.js:2:22543)
    at https://vercel.com/_next/static/immutable/chunks/3qi00qrpi2qml.js:2:4527
    at c (https://vercel.com/_next/static/immutable/chunks/3oc81hqdy7vft.js:2:5164)
    at aj (https://vercel.com/_next/static/immutable/chunks/1ez_xjl8u_-5_.js:109:66413)
    at ic (https://vercel.com/_next/static/immutable/chunks/1ez_xjl8u_-5_.js:109:87432)
    at iL (https://vercel.com/_next/static/immutable/chunks/1ez_xjl8u_-5_.js:109:99301)
    at sZ (https://vercel.com/_next/static/immutable/chunks/1ez_xjl8u_-5_.js:109:145139)
    at https://vercel.com/_next/static/immutable/chunks/1ez_xjl8u_-5_.js:109:140046
    at sU (https://vercel.com/_next/static/immutable/chunks/1ez_xjl8u_-5_.js:109:140147)
    at ck (https://vercel.com/_next/static/immutable/chunks/1ez_xjl8u_-5_.js:109:174862)
    at MessagePort.C (https://vercel.com/_next/static/immutable/chunks/1ez_xjl8u_-5_.js:109:235590) {attributes: Object} @ https://vercel.com/_next/static/immutable/chunks/2sl1aftc4weqx.js:8
[  816542ms] [ERROR] Error: Missing param(s) [id] in link to route "/[teamSlug]/[project]/[id]/resources"
    at https://vercel.com/_next/static/immutable/chunks/3qi00qrpi2qml.js:2:2570
    at https://vercel.com/_next/static/immutable/chunks/3qi00qrpi2qml.js:2:5203
    at Object.oE [as useMemo] (https://vercel.com/_next/static/immutable/chunks/1ez_xjl8u_-5_.js:109:75491)
    at push.r.useMemo (https://vercel.com/_next/static/immutable/chunks/3yj28cgcsk539.js:2:22543)
    at https://vercel.com/_next/static/immutable/chunks/3qi00qrpi2qml.js:2:4527
    at c (https://vercel.com/_next/static/immutable/chunks/3oc81hqdy7vft.js:2:5164)
    at aj (https://vercel.com/_next/static/immutable/chunks/1ez_xjl8u_-5_.js:109:66413)
    at ic (https://vercel.com/_next/static/immutable/chunks/1ez_xjl8u_-5_.js:109:87432)
    at iL (https://vercel.com/_next/static/immutable/chunks/1ez_xjl8u_-5_.js:109:99301)
    at sZ (https://vercel.com/_next/static/immutable/chunks/1ez_xjl8u_-5_.js:109:145139)
    at https://vercel.com/_next/static/immutable/chunks/1ez_xjl8u_-5_.js:109:140046
    at sU (https://vercel.com/_next/static/immutable/chunks/1ez_xjl8u_-5_.js:109:140147)
    at ck (https://vercel.com/_next/static/immutable/chunks/1ez_xjl8u_-5_.js:109:174862)
    at MessagePort.C (https://vercel.com/_next/static/immutable/chunks/1ez_xjl8u_-5_.js:109:235590) {attributes: Object} @ https://vercel.com/_next/static/immutable/chunks/2sl1aftc4weqx.js:8
[  816544ms] [ERROR] Error: Missing param(s) [id] in link to route "/[teamSlug]/[project]/[id]/source"
    at https://vercel.com/_next/static/immutable/chunks/3qi00qrpi2qml.js:2:2570
    at https://vercel.com/_next/static/immutable/chunks/3qi00qrpi2qml.js:2:5203
    at Object.oE [as useMemo] (https://vercel.com/_next/static/immutable/chunks/1ez_xjl8u_-5_.js:109:75491)
    at push.r.useMemo (https://vercel.com/_next/static/immutable/chunks/3yj28cgcsk539.js:2:22543)
    at https://vercel.com/_next/static/immutable/chunks/3qi00qrpi2qml.js:2:4527
    at c (https://vercel.com/_next/static/immutable/chunks/3oc81hqdy7vft.js:2:5164)
    at aj (https://vercel.com/_next/static/immutable/chunks/1ez_xjl8u_-5_.js:109:66413)
    at ic (https://vercel.com/_next/static/immutable/chunks/1ez_xjl8u_-5_.js:109:87432)
    at iL (https://vercel.com/_next/static/immutable/chunks/1ez_xjl8u_-5_.js:109:99301)
    at sZ (https://vercel.com/_next/static/immutable/chunks/1ez_xjl8u_-5_.js:109:145139)
    at https://vercel.com/_next/static/immutable/chunks/1ez_xjl8u_-5_.js:109:140046
    at sU (https://vercel.com/_next/static/immutable/chunks/1ez_xjl8u_-5_.js:109:140147)
    at ck (https://vercel.com/_next/static/immutable/chunks/1ez_xjl8u_-5_.js:109:174862)
    at MessagePort.C (https://vercel.com/_next/static/immutable/chunks/1ez_xjl8u_-5_.js:109:235590) {attributes: Object} @ https://vercel.com/_next/static/immutable/chunks/2sl1aftc4weqx.js:8
[  816545ms] [ERROR] Error: Missing param(s) [id] in link to route "/[teamSlug]/[project]/[id]/og"
    at https://vercel.com/_next/static/immutable/chunks/3qi00qrpi2qml.js:2:2570
    at https://vercel.com/_next/static/immutable/chunks/3qi00qrpi2qml.js:2:5203
    at Object.oE [as useMemo] (https://vercel.com/_next/static/immutable/chunks/1ez_xjl8u_-5_.js:109:75491)
    at push.r.useMemo (https://vercel.com/_next/static/immutable/chunks/3yj28cgcsk539.js:2:22543)
    at https://vercel.com/_next/static/immutable/chunks/3qi00qrpi2qml.js:2:4527
    at c (https://vercel.com/_next/static/immutable/chunks/3oc81hqdy7vft.js:2:5164)
    at aj (https://vercel.com/_next/static/immutable/chunks/1ez_xjl8u_-5_.js:109:66413)
    at ic (https://vercel.com/_next/static/immutable/chunks/1ez_xjl8u_-5_.js:109:87432)
    at iL (https://vercel.com/_next/static/immutable/chunks/1ez_xjl8u_-5_.js:109:99301)
    at sZ (https://vercel.com/_next/static/immutable/chunks/1ez_xjl8u_-5_.js:109:145139)
    at https://vercel.com/_next/static/immutable/chunks/1ez_xjl8u_-5_.js:109:140046
    at sU (https://vercel.com/_next/static/immutable/chunks/1ez_xjl8u_-5_.js:109:140147)
    at ck (https://vercel.com/_next/static/immutable/chunks/1ez_xjl8u_-5_.js:109:174862)
    at MessagePort.C (https://vercel.com/_next/static/immutable/chunks/1ez_xjl8u_-5_.js:109:235590) {attributes: Object} @ https://vercel.com/_next/static/immutable/chunks/2sl1aftc4weqx.js:8
[  817230ms] [ERROR] Error: Missing param(s) [id] in link to route "/[teamSlug]/[project]/[id]"
    at https://vercel.com/_next/static/immutable/chunks/3qi00qrpi2qml.js:2:2570
    at https://vercel.com/_next/static/immutable/chunks/3qi00qrpi2qml.js:2:5203
    at Object.oE [as useMemo] (https://vercel.com/_next/static/immutable/chunks/1ez_xjl8u_-5_.js:109:75491)
    at push.r.useMemo (https://vercel.com/_next/static/immutable/chunks/3yj28cgcsk539.js:2:22543)
    at https://vercel.com/_next/static/immutable/chunks/3qi00qrpi2qml.js:2:4527
    at c (https://vercel.com/_next/static/immutable/chunks/3oc81hqdy7vft.js:2:5164)
    at aj (https://vercel.com/_next/static/immutable/chunks/1ez_xjl8u_-5_.js:109:66413)
    at ic (https://vercel.com/_next/static/immutable/chunks/1ez_xjl8u_-5_.js:109:87432)
    at iL (https://vercel.com/_next/static/immutable/chunks/1ez_xjl8u_-5_.js:109:99301)
    at sZ (https://vercel.com/_next/static/immutable/chunks/1ez_xjl8u_-5_.js:109:145139)
    at https://vercel.com/_next/static/immutable/chunks/1ez_xjl8u_-5_.js:109:140046
    at sU (https://vercel.com/_next/static/immutable/chunks/1ez_xjl8u_-5_.js:109:140147)
    at ck (https://vercel.com/_next/static/immutable/chunks/1ez_xjl8u_-5_.js:109:174862)
    at MessagePort.C (https://vercel.com/_next/static/immutable/chunks/1ez_xjl8u_-5_.js:109:235590) {attributes: Object} @ https://vercel.com/_next/static/immutable/chunks/2sl1aftc4weqx.js:8
[  817231ms] [ERROR] Error: Missing param(s) [id] in link to route "/[teamSlug]/[project]/[id]/logs"
    at https://vercel.com/_next/static/immutable/chunks/3qi00qrpi2qml.js:2:2570
    at https://vercel.com/_next/static/immutable/chunks/3qi00qrpi2qml.js:2:5203
    at Object.oE [as useMemo] (https://vercel.com/_next/static/immutable/chunks/1ez_xjl8u_-5_.js:109:75491)
    at push.r.useMemo (https://vercel.com/_next/static/immutable/chunks/3yj28cgcsk539.js:2:22543)
    at https://vercel.com/_next/static/immutable/chunks/3qi00qrpi2qml.js:2:4527
    at c (https://vercel.com/_next/static/immutable/chunks/3oc81hqdy7vft.js:2:5164)
    at aj (https://vercel.com/_next/static/immutable/chunks/1ez_xjl8u_-5_.js:109:66413)
    at ic (https://vercel.com/_next/static/immutable/chunks/1ez_xjl8u_-5_.js:109:87432)
    at iL (https://vercel.com/_next/static/immutable/chunks/1ez_xjl8u_-5_.js:109:99301)
    at sZ (https://vercel.com/_next/static/immutable/chunks/1ez_xjl8u_-5_.js:109:145139)
    at https://vercel.com/_next/static/immutable/chunks/1ez_xjl8u_-5_.js:109:140046
    at sU (https://vercel.com/_next/static/immutable/chunks/1ez_xjl8u_-5_.js:109:140147)
    at ck (https://vercel.com/_next/static/immutable/chunks/1ez_xjl8u_-5_.js:109:174862)
    at MessagePort.C (https://vercel.com/_next/static/immutable/chunks/1ez_xjl8u_-5_.js:109:235590) {attributes: Object} @ https://vercel.com/_next/static/immutable/chunks/2sl1aftc4weqx.js:8
[  817232ms] [ERROR] Error: Missing param(s) [id] in link to route "/[teamSlug]/[project]/[id]/resources"
    at https://vercel.com/_next/static/immutable/chunks/3qi00qrpi2qml.js:2:2570
    at https://vercel.com/_next/static/immutable/chunks/3qi00qrpi2qml.js:2:5203
    at Object.oE [as useMemo] (https://vercel.com/_next/static/immutable/chunks/1ez_xjl8u_-5_.js:109:75491)
    at push.r.useMemo (https://vercel.com/_next/static/immutable/chunks/3yj28cgcsk539.js:2:22543)
    at https://vercel.com/_next/static/immutable/chunks/3qi00qrpi2qml.js:2:4527
    at c (https://vercel.com/_next/static/immutable/chunks/3oc81hqdy7vft.js:2:5164)
    at aj (https://vercel.com/_next/static/immutable/chunks/1ez_xjl8u_-5_.js:109:66413)
    at ic (https://vercel.com/_next/static/immutable/chunks/1ez_xjl8u_-5_.js:109:87432)
    at iL (https://vercel.com/_next/static/immutable/chunks/1ez_xjl8u_-5_.js:109:99301)
    at sZ (https://vercel.com/_next/static/immutable/chunks/1ez_xjl8u_-5_.js:109:145139)
    at https://vercel.com/_next/static/immutable/chunks/1ez_xjl8u_-5_.js:109:140046
    at sU (https://vercel.com/_next/static/immutable/chunks/1ez_xjl8u_-5_.js:109:140147)
    at ck (https://vercel.com/_next/static/immutable/chunks/1ez_xjl8u_-5_.js:109:174862)
    at MessagePort.C (https://vercel.com/_next/static/immutable/chunks/1ez_xjl8u_-5_.js:109:235590) {attributes: Object} @ https://vercel.com/_next/static/immutable/chunks/2sl1aftc4weqx.js:8
[  817233ms] [ERROR] Error: Missing param(s) [id] in link to route "/[teamSlug]/[project]/[id]/source"
    at https://vercel.com/_next/static/immutable/chunks/3qi00qrpi2qml.js:2:2570
    at https://vercel.com/_next/static/immutable/chunks/3qi00qrpi2qml.js:2:5203
    at Object.oE [as useMemo] (https://vercel.com/_next/static/immutable/chunks/1ez_xjl8u_-5_.js:109:75491)
    at push.r.useMemo (https://vercel.com/_next/static/immutable/chunks/3yj28cgcsk539.js:2:22543)
    at https://vercel.com/_next/static/immutable/chunks/3qi00qrpi2qml.js:2:4527
    at c (https://vercel.com/_next/static/immutable/chunks/3oc81hqdy7vft.js:2:5164)
    at aj (https://vercel.com/_next/static/immutable/chunks/1ez_xjl8u_-5_.js:109:66413)
    at ic (https://vercel.com/_next/static/immutable/chunks/1ez_xjl8u_-5_.js:109:87432)
    at iL (https://vercel.com/_next/static/immutable/chunks/1ez_xjl8u_-5_.js:109:99301)
    at sZ (https://vercel.com/_next/static/immutable/chunks/1ez_xjl8u_-5_.js:109:145139)
    at https://vercel.com/_next/static/immutable/chunks/1ez_xjl8u_-5_.js:109:140046
    at sU (https://vercel.com/_next/static/immutable/chunks/1ez_xjl8u_-5_.js:109:140147)
    at ck (https://vercel.com/_next/static/immutable/chunks/1ez_xjl8u_-5_.js:109:174862)
    at MessagePort.C (https://vercel.com/_next/static/immutable/chunks/1ez_xjl8u_-5_.js:109:235590) {attributes: Object} @ https://vercel.com/_next/static/immutable/chunks/2sl1aftc4weqx.js:8
[  817234ms] [ERROR] Error: Missing param(s) [id] in link to route "/[teamSlug]/[project]/[id]/og"
    at https://vercel.com/_next/static/immutable/chunks/3qi00qrpi2qml.js:2:2570
    at https://vercel.com/_next/static/immutable/chunks/3qi00qrpi2qml.js:2:5203
    at Object.oE [as useMemo] (https://vercel.com/_next/static/immutable/chunks/1ez_xjl8u_-5_.js:109:75491)
    at push.r.useMemo (https://vercel.com/_next/static/immutable/chunks/3yj28cgcsk539.js:2:22543)
    at https://vercel.com/_next/static/immutable/chunks/3qi00qrpi2qml.js:2:4527
    at c (https://vercel.com/_next/static/immutable/chunks/3oc81hqdy7vft.js:2:5164)
    at aj (https://vercel.com/_next/static/immutable/chunks/1ez_xjl8u_-5_.js:109:66413)
    at ic (https://vercel.com/_next/static/immutable/chunks/1ez_xjl8u_-5_.js:109:87432)
    at iL (https://vercel.com/_next/static/immutable/chunks/1ez_xjl8u_-5_.js:109:99301)
    at sZ (https://vercel.com/_next/static/immutable/chunks/1ez_xjl8u_-5_.js:109:145139)
    at https://vercel.com/_next/static/immutable/chunks/1ez_xjl8u_-5_.js:109:140046
    at sU (https://vercel.com/_next/static/immutable/chunks/1ez_xjl8u_-5_.js:109:140147)
    at ck (https://vercel.com/_next/static/immutable/chunks/1ez_xjl8u_-5_.js:109:174862)
    at MessagePort.C (https://vercel.com/_next/static/immutable/chunks/1ez_xjl8u_-5_.js:109:235590) {attributes: Object} @ https://vercel.com/_next/static/immutable/chunks/2sl1aftc4weqx.js:8
[  817466ms] [ERROR] Error: Missing param(s) [id] in link to route "/[teamSlug]/[project]/[id]"
    at https://vercel.com/_next/static/immutable/chunks/3qi00qrpi2qml.js:2:2570
    at https://vercel.com/_next/static/immutable/chunks/3qi00qrpi2qml.js:2:5203
    at Object.oE [as useMemo] (https://vercel.com/_next/static/immutable/chunks/1ez_xjl8u_-5_.js:109:75491)
    at push.r.useMemo (https://vercel.com/_next/static/immutable/chunks/3yj28cgcsk539.js:2:22543)
    at https://vercel.com/_next/static/immutable/chunks/3qi00qrpi2qml.js:2:4527
    at c (https://vercel.com/_next/static/immutable/chunks/3oc81hqdy7vft.js:2:5164)
    at aj (https://vercel.com/_next/static/immutable/chunks/1ez_xjl8u_-5_.js:109:66413)
    at ic (https://vercel.com/_next/static/immutable/chunks/1ez_xjl8u_-5_.js:109:87432)
    at iL (https://vercel.com/_next/static/immutable/chunks/1ez_xjl8u_-5_.js:109:99301)
    at sZ (https://vercel.com/_next/static/immutable/chunks/1ez_xjl8u_-5_.js:109:145139)
    at https://vercel.com/_next/static/immutable/chunks/1ez_xjl8u_-5_.js:109:140046
    at sU (https://vercel.com/_next/static/immutable/chunks/1ez_xjl8u_-5_.js:109:140147)
    at ck (https://vercel.com/_next/static/immutable/chunks/1ez_xjl8u_-5_.js:109:174862)
    at MessagePort.C (https://vercel.com/_next/static/immutable/chunks/1ez_xjl8u_-5_.js:109:235590) {attributes: Object} @ https://vercel.com/_next/static/immutable/chunks/2sl1aftc4weqx.js:8
[  817468ms] [ERROR] Error: Missing param(s) [id] in link to route "/[teamSlug]/[project]/[id]/logs"
    at https://vercel.com/_next/static/immutable/chunks/3qi00qrpi2qml.js:2:2570
    at https://vercel.com/_next/static/immutable/chunks/3qi00qrpi2qml.js:2:5203
    at Object.oE [as useMemo] (https://vercel.com/_next/static/immutable/chunks/1ez_xjl8u_-5_.js:109:75491)
    at push.r.useMemo (https://vercel.com/_next/static/immutable/chunks/3yj28cgcsk539.js:2:22543)
    at https://vercel.com/_next/static/immutable/chunks/3qi00qrpi2qml.js:2:4527
    at c (https://vercel.com/_next/static/immutable/chunks/3oc81hqdy7vft.js:2:5164)
    at aj (https://vercel.com/_next/static/immutable/chunks/1ez_xjl8u_-5_.js:109:66413)
    at ic (https://vercel.com/_next/static/immutable/chunks/1ez_xjl8u_-5_.js:109:87432)
    at iL (https://vercel.com/_next/static/immutable/chunks/1ez_xjl8u_-5_.js:109:99301)
    at sZ (https://vercel.com/_next/static/immutable/chunks/1ez_xjl8u_-5_.js:109:145139)
    at https://vercel.com/_next/static/immutable/chunks/1ez_xjl8u_-5_.js:109:140046
    at sU (https://vercel.com/_next/static/immutable/chunks/1ez_xjl8u_-5_.js:109:140147)
    at ck (https://vercel.com/_next/static/immutable/chunks/1ez_xjl8u_-5_.js:109:174862)
    at MessagePort.C (https://vercel.com/_next/static/immutable/chunks/1ez_xjl8u_-5_.js:109:235590) {attributes: Object} @ https://vercel.com/_next/static/immutable/chunks/2sl1aftc4weqx.js:8
[  817469ms] [ERROR] Error: Missing param(s) [id] in link to route "/[teamSlug]/[project]/[id]/resources"
    at https://vercel.com/_next/static/immutable/chunks/3qi00qrpi2qml.js:2:2570
    at https://vercel.com/_next/static/immutable/chunks/3qi00qrpi2qml.js:2:5203
    at Object.oE [as useMemo] (https://vercel.com/_next/static/immutable/chunks/1ez_xjl8u_-5_.js:109:75491)
    at push.r.useMemo (https://vercel.com/_next/static/immutable/chunks/3yj28cgcsk539.js:2:22543)
    at https://vercel.com/_next/static/immutable/chunks/3qi00qrpi2qml.js:2:4527
    at c (https://vercel.com/_next/static/immutable/chunks/3oc81hqdy7vft.js:2:5164)
    at aj (https://vercel.com/_next/static/immutable/chunks/1ez_xjl8u_-5_.js:109:66413)
    at ic (https://vercel.com/_next/static/immutable/chunks/1ez_xjl8u_-5_.js:109:87432)
    at iL (https://vercel.com/_next/static/immutable/chunks/1ez_xjl8u_-5_.js:109:99301)
    at sZ (https://vercel.com/_next/static/immutable/chunks/1ez_xjl8u_-5_.js:109:145139)
    at https://vercel.com/_next/static/immutable/chunks/1ez_xjl8u_-5_.js:109:140046
    at sU (https://vercel.com/_next/static/immutable/chunks/1ez_xjl8u_-5_.js:109:140147)
    at ck (https://vercel.com/_next/static/immutable/chunks/1ez_xjl8u_-5_.js:109:174862)
    at MessagePort.C (https://vercel.com/_next/static/immutable/chunks/1ez_xjl8u_-5_.js:109:235590) {attributes: Object} @ https://vercel.com/_next/static/immutable/chunks/2sl1aftc4weqx.js:8
[  817471ms] [ERROR] Error: Missing param(s) [id] in link to route "/[teamSlug]/[project]/[id]/source"
    at https://vercel.com/_next/static/immutable/chunks/3qi00qrpi2qml.js:2:2570
    at https://vercel.com/_next/static/immutable/chunks/3qi00qrpi2qml.js:2:5203
    at Object.oE [as useMemo] (https://vercel.com/_next/static/immutable/chunks/1ez_xjl8u_-5_.js:109:75491)
    at push.r.useMemo (https://vercel.com/_next/static/immutable/chunks/3yj28cgcsk539.js:2:22543)
    at https://vercel.com/_next/static/immutable/chunks/3qi00qrpi2qml.js:2:4527
    at c (https://vercel.com/_next/static/immutable/chunks/3oc81hqdy7vft.js:2:5164)
    at aj (https://vercel.com/_next/static/immutable/chunks/1ez_xjl8u_-5_.js:109:66413)
    at ic (https://vercel.com/_next/static/immutable/chunks/1ez_xjl8u_-5_.js:109:87432)
    at iL (https://vercel.com/_next/static/immutable/chunks/1ez_xjl8u_-5_.js:109:99301)
    at sZ (https://vercel.com/_next/static/immutable/chunks/1ez_xjl8u_-5_.js:109:145139)
    at https://vercel.com/_next/static/immutable/chunks/1ez_xjl8u_-5_.js:109:140046
    at sU (https://vercel.com/_next/static/immutable/chunks/1ez_xjl8u_-5_.js:109:140147)
    at ck (https://vercel.com/_next/static/immutable/chunks/1ez_xjl8u_-5_.js:109:174862)
    at MessagePort.C (https://vercel.com/_next/static/immutable/chunks/1ez_xjl8u_-5_.js:109:235590) {attributes: Object} @ https://vercel.com/_next/static/immutable/chunks/2sl1aftc4weqx.js:8
[  817472ms] [ERROR] Error: Missing param(s) [id] in link to route "/[teamSlug]/[project]/[id]/og"
    at https://vercel.com/_next/static/immutable/chunks/3qi00qrpi2qml.js:2:2570
    at https://vercel.com/_next/static/immutable/chunks/3qi00qrpi2qml.js:2:5203
    at Object.oE [as useMemo] (https://vercel.com/_next/static/immutable/chunks/1ez_xjl8u_-5_.js:109:75491)
    at push.r.useMemo (https://vercel.com/_next/static/immutable/chunks/3yj28cgcsk539.js:2:22543)
    at https://vercel.com/_next/static/immutable/chunks/3qi00qrpi2qml.js:2:4527
    at c (https://vercel.com/_next/static/immutable/chunks/3oc81hqdy7vft.js:2:5164)
    at aj (https://vercel.com/_next/static/immutable/chunks/1ez_xjl8u_-5_.js:109:66413)
    at ic (https://vercel.com/_next/static/immutable/chunks/1ez_xjl8u_-5_.js:109:87432)
    at iL (https://vercel.com/_next/static/immutable/chunks/1ez_xjl8u_-5_.js:109:99301)
    at sZ (https://vercel.com/_next/static/immutable/chunks/1ez_xjl8u_-5_.js:109:145139)
    at https://vercel.com/_next/static/immutable/chunks/1ez_xjl8u_-5_.js:109:140046
    at sU (https://vercel.com/_next/static/immutable/chunks/1ez_xjl8u_-5_.js:109:140147)
    at ck (https://vercel.com/_next/static/immutable/chunks/1ez_xjl8u_-5_.js:109:174862)
    at MessagePort.C (https://vercel.com/_next/static/immutable/chunks/1ez_xjl8u_-5_.js:109:235590) {attributes: Object} @ https://vercel.com/_next/static/immutable/chunks/2sl1aftc4weqx.js:8
[  818531ms] [ERROR] Error: Missing param(s) [id] in link to route "/[teamSlug]/[project]/[id]"
    at https://vercel.com/_next/static/immutable/chunks/3qi00qrpi2qml.js:2:2570
    at https://vercel.com/_next/static/immutable/chunks/3qi00qrpi2qml.js:2:5203
    at Object.oE [as useMemo] (https://vercel.com/_next/static/immutable/chunks/1ez_xjl8u_-5_.js:109:75491)
    at push.r.useMemo (https://vercel.com/_next/static/immutable/chunks/3yj28cgcsk539.js:2:22543)
    at https://vercel.com/_next/static/immutable/chunks/3qi00qrpi2qml.js:2:4527
    at c (https://vercel.com/_next/static/immutable/chunks/3oc81hqdy7vft.js:2:5164)
    at aj (https://vercel.com/_next/static/immutable/chunks/1ez_xjl8u_-5_.js:109:66413)
    at ic (https://vercel.com/_next/static/immutable/chunks/1ez_xjl8u_-5_.js:109:87432)
    at iL (https://vercel.com/_next/static/immutable/chunks/1ez_xjl8u_-5_.js:109:99301)
    at sZ (https://vercel.com/_next/static/immutable/chunks/1ez_xjl8u_-5_.js:109:145139)
    at https://vercel.com/_next/static/immutable/chunks/1ez_xjl8u_-5_.js:109:140046
    at sU (https://vercel.com/_next/static/immutable/chunks/1ez_xjl8u_-5_.js:109:140147)
    at ck (https://vercel.com/_next/static/immutable/chunks/1ez_xjl8u_-5_.js:109:174862)
    at MessagePort.C (https://vercel.com/_next/static/immutable/chunks/1ez_xjl8u_-5_.js:109:235590) {attributes: Object} @ https://vercel.com/_next/static/immutable/chunks/2sl1aftc4weqx.js:8
[  818532ms] [ERROR] Error: Missing param(s) [id] in link to route "/[teamSlug]/[project]/[id]/logs"
    at https://vercel.com/_next/static/immutable/chunks/3qi00qrpi2qml.js:2:2570
    at https://vercel.com/_next/static/immutable/chunks/3qi00qrpi2qml.js:2:5203
    at Object.oE [as useMemo] (https://vercel.com/_next/static/immutable/chunks/1ez_xjl8u_-5_.js:109:75491)
    at push.r.useMemo (https://vercel.com/_next/static/immutable/chunks/3yj28cgcsk539.js:2:22543)
    at https://vercel.com/_next/static/immutable/chunks/3qi00qrpi2qml.js:2:4527
    at c (https://vercel.com/_next/static/immutable/chunks/3oc81hqdy7vft.js:2:5164)
    at aj (https://vercel.com/_next/static/immutable/chunks/1ez_xjl8u_-5_.js:109:66413)
    at ic (https://vercel.com/_next/static/immutable/chunks/1ez_xjl8u_-5_.js:109:87432)
    at iL (https://vercel.com/_next/static/immutable/chunks/1ez_xjl8u_-5_.js:109:99301)
    at sZ (https://vercel.com/_next/static/immutable/chunks/1ez_xjl8u_-5_.js:109:145139)
    at https://vercel.com/_next/static/immutable/chunks/1ez_xjl8u_-5_.js:109:140046
    at sU (https://vercel.com/_next/static/immutable/chunks/1ez_xjl8u_-5_.js:109:140147)
    at ck (https://vercel.com/_next/static/immutable/chunks/1ez_xjl8u_-5_.js:109:174862)
    at MessagePort.C (https://vercel.com/_next/static/immutable/chunks/1ez_xjl8u_-5_.js:109:235590) {attributes: Object} @ https://vercel.com/_next/static/immutable/chunks/2sl1aftc4weqx.js:8
[  818533ms] [ERROR] Error: Missing param(s) [id] in link to route "/[teamSlug]/[project]/[id]/resources"
    at https://vercel.com/_next/static/immutable/chunks/3qi00qrpi2qml.js:2:2570
    at https://vercel.com/_next/static/immutable/chunks/3qi00qrpi2qml.js:2:5203
    at Object.oE [as useMemo] (https://vercel.com/_next/static/immutable/chunks/1ez_xjl8u_-5_.js:109:75491)
    at push.r.useMemo (https://vercel.com/_next/static/immutable/chunks/3yj28cgcsk539.js:2:22543)
    at https://vercel.com/_next/static/immutable/chunks/3qi00qrpi2qml.js:2:4527
    at c (https://vercel.com/_next/static/immutable/chunks/3oc81hqdy7vft.js:2:5164)
    at aj (https://vercel.com/_next/static/immutable/chunks/1ez_xjl8u_-5_.js:109:66413)
    at ic (https://vercel.com/_next/static/immutable/chunks/1ez_xjl8u_-5_.js:109:87432)
    at iL (https://vercel.com/_next/static/immutable/chunks/1ez_xjl8u_-5_.js:109:99301)
    at sZ (https://vercel.com/_next/static/immutable/chunks/1ez_xjl8u_-5_.js:109:145139)
    at https://vercel.com/_next/static/immutable/chunks/1ez_xjl8u_-5_.js:109:140046
    at sU (https://vercel.com/_next/static/immutable/chunks/1ez_xjl8u_-5_.js:109:140147)
    at ck (https://vercel.com/_next/static/immutable/chunks/1ez_xjl8u_-5_.js:109:174862)
    at MessagePort.C (https://vercel.com/_next/static/immutable/chunks/1ez_xjl8u_-5_.js:109:235590) {attributes: Object} @ https://vercel.com/_next/static/immutable/chunks/2sl1aftc4weqx.js:8
[  818534ms] [ERROR] Error: Missing param(s) [id] in link to route "/[teamSlug]/[project]/[id]/source"
    at https://vercel.com/_next/static/immutable/chunks/3qi00qrpi2qml.js:2:2570
    at https://vercel.com/_next/static/immutable/chunks/3qi00qrpi2qml.js:2:5203
    at Object.oE [as useMemo] (https://vercel.com/_next/static/immutable/chunks/1ez_xjl8u_-5_.js:109:75491)
    at push.r.useMemo (https://vercel.com/_next/static/immutable/chunks/3yj28cgcsk539.js:2:22543)
    at https://vercel.com/_next/static/immutable/chunks/3qi00qrpi2qml.js:2:4527
    at c (https://vercel.com/_next/static/immutable/chunks/3oc81hqdy7vft.js:2:5164)
    at aj (https://vercel.com/_next/static/immutable/chunks/1ez_xjl8u_-5_.js:109:66413)
    at ic (https://vercel.com/_next/static/immutable/chunks/1ez_xjl8u_-5_.js:109:87432)
    at iL (https://vercel.com/_next/static/immutable/chunks/1ez_xjl8u_-5_.js:109:99301)
    at sZ (https://vercel.com/_next/static/immutable/chunks/1ez_xjl8u_-5_.js:109:145139)
    at https://vercel.com/_next/static/immutable/chunks/1ez_xjl8u_-5_.js:109:140046
    at sU (https://vercel.com/_next/static/immutable/chunks/1ez_xjl8u_-5_.js:109:140147)
    at ck (https://vercel.com/_next/static/immutable/chunks/1ez_xjl8u_-5_.js:109:174862)
    at MessagePort.C (https://vercel.com/_next/static/immutable/chunks/1ez_xjl8u_-5_.js:109:235590) {attributes: Object} @ https://vercel.com/_next/static/immutable/chunks/2sl1aftc4weqx.js:8
[  818535ms] [ERROR] Error: Missing param(s) [id] in link to route "/[teamSlug]/[project]/[id]/og"
    at https://vercel.com/_next/static/immutable/chunks/3qi00qrpi2qml.js:2:2570
    at https://vercel.com/_next/static/immutable/chunks/3qi00qrpi2qml.js:2:5203
    at Object.oE [as useMemo] (https://vercel.com/_next/static/immutable/chunks/1ez_xjl8u_-5_.js:109:75491)
    at push.r.useMemo (https://vercel.com/_next/static/immutable/chunks/3yj28cgcsk539.js:2:22543)
    at https://vercel.com/_next/static/immutable/chunks/3qi00qrpi2qml.js:2:4527
    at c (https://vercel.com/_next/static/immutable/chunks/3oc81hqdy7vft.js:2:5164)
    at aj (https://vercel.com/_next/static/immutable/chunks/1ez_xjl8u_-5_.js:109:66413)
    at ic (https://vercel.com/_next/static/immutable/chunks/1ez_xjl8u_-5_.js:109:87432)
    at iL (https://vercel.com/_next/static/immutable/chunks/1ez_xjl8u_-5_.js:109:99301)
    at sZ (https://vercel.com/_next/static/immutable/chunks/1ez_xjl8u_-5_.js:109:145139)
    at https://vercel.com/_next/static/immutable/chunks/1ez_xjl8u_-5_.js:109:140046
    at sU (https://vercel.com/_next/static/immutable/chunks/1ez_xjl8u_-5_.js:109:140147)
    at ck (https://vercel.com/_next/static/immutable/chunks/1ez_xjl8u_-5_.js:109:174862)
    at MessagePort.C (https://vercel.com/_next/static/immutable/chunks/1ez_xjl8u_-5_.js:109:235590) {attributes: Object} @ https://vercel.com/_next/static/immutable/chunks/2sl1aftc4weqx.js:8
[  818796ms] [ERROR] Error: Missing param(s) [id] in link to route "/[teamSlug]/[project]/[id]"
    at https://vercel.com/_next/static/immutable/chunks/3qi00qrpi2qml.js:2:2570
    at https://vercel.com/_next/static/immutable/chunks/3qi00qrpi2qml.js:2:5203
    at Object.oE [as useMemo] (https://vercel.com/_next/static/immutable/chunks/1ez_xjl8u_-5_.js:109:75491)
    at push.r.useMemo (https://vercel.com/_next/static/immutable/chunks/3yj28cgcsk539.js:2:22543)
    at https://vercel.com/_next/static/immutable/chunks/3qi00qrpi2qml.js:2:4527
    at c (https://vercel.com/_next/static/immutable/chunks/3oc81hqdy7vft.js:2:5164)
    at aj (https://vercel.com/_next/static/immutable/chunks/1ez_xjl8u_-5_.js:109:66413)
    at ic (https://vercel.com/_next/static/immutable/chunks/1ez_xjl8u_-5_.js:109:87432)
    at iL (https://vercel.com/_next/static/immutable/chunks/1ez_xjl8u_-5_.js:109:99301)
    at sZ (https://vercel.com/_next/static/immutable/chunks/1ez_xjl8u_-5_.js:109:145139)
    at https://vercel.com/_next/static/immutable/chunks/1ez_xjl8u_-5_.js:109:140046
    at sU (https://vercel.com/_next/static/immutable/chunks/1ez_xjl8u_-5_.js:109:140147)
    at ck (https://vercel.com/_next/static/immutable/chunks/1ez_xjl8u_-5_.js:109:174862)
    at MessagePort.C (https://vercel.com/_next/static/immutable/chunks/1ez_xjl8u_-5_.js:109:235590) {attributes: Object} @ https://vercel.com/_next/static/immutable/chunks/2sl1aftc4weqx.js:8
[  818797ms] [ERROR] Error: Missing param(s) [id] in link to route "/[teamSlug]/[project]/[id]/logs"
    at https://vercel.com/_next/static/immutable/chunks/3qi00qrpi2qml.js:2:2570
    at https://vercel.com/_next/static/immutable/chunks/3qi00qrpi2qml.js:2:5203
    at Object.oE [as useMemo] (https://vercel.com/_next/static/immutable/chunks/1ez_xjl8u_-5_.js:109:75491)
    at push.r.useMemo (https://vercel.com/_next/static/immutable/chunks/3yj28cgcsk539.js:2:22543)
    at https://vercel.com/_next/static/immutable/chunks/3qi00qrpi2qml.js:2:4527
    at c (https://vercel.com/_next/static/immutable/chunks/3oc81hqdy7vft.js:2:5164)
    at aj (https://vercel.com/_next/static/immutable/chunks/1ez_xjl8u_-5_.js:109:66413)
    at ic (https://vercel.com/_next/static/immutable/chunks/1ez_xjl8u_-5_.js:109:87432)
    at iL (https://vercel.com/_next/static/immutable/chunks/1ez_xjl8u_-5_.js:109:99301)
    at sZ (https://vercel.com/_next/static/immutable/chunks/1ez_xjl8u_-5_.js:109:145139)
    at https://vercel.com/_next/static/immutable/chunks/1ez_xjl8u_-5_.js:109:140046
    at sU (https://vercel.com/_next/static/immutable/chunks/1ez_xjl8u_-5_.js:109:140147)
    at ck (https://vercel.com/_next/static/immutable/chunks/1ez_xjl8u_-5_.js:109:174862)
    at MessagePort.C (https://vercel.com/_next/static/immutable/chunks/1ez_xjl8u_-5_.js:109:235590) {attributes: Object} @ https://vercel.com/_next/static/immutable/chunks/2sl1aftc4weqx.js:8
[  818798ms] [ERROR] Error: Missing param(s) [id] in link to route "/[teamSlug]/[project]/[id]/resources"
    at https://vercel.com/_next/static/immutable/chunks/3qi00qrpi2qml.js:2:2570
    at https://vercel.com/_next/static/immutable/chunks/3qi00qrpi2qml.js:2:5203
    at Object.oE [as useMemo] (https://vercel.com/_next/static/immutable/chunks/1ez_xjl8u_-5_.js:109:75491)
    at push.r.useMemo (https://vercel.com/_next/static/immutable/chunks/3yj28cgcsk539.js:2:22543)
    at https://vercel.com/_next/static/immutable/chunks/3qi00qrpi2qml.js:2:4527
    at c (https://vercel.com/_next/static/immutable/chunks/3oc81hqdy7vft.js:2:5164)
    at aj (https://vercel.com/_next/static/immutable/chunks/1ez_xjl8u_-5_.js:109:66413)
    at ic (https://vercel.com/_next/static/immutable/chunks/1ez_xjl8u_-5_.js:109:87432)
    at iL (https://vercel.com/_next/static/immutable/chunks/1ez_xjl8u_-5_.js:109:99301)
    at sZ (https://vercel.com/_next/static/immutable/chunks/1ez_xjl8u_-5_.js:109:145139)
    at https://vercel.com/_next/static/immutable/chunks/1ez_xjl8u_-5_.js:109:140046
    at sU (https://vercel.com/_next/static/immutable/chunks/1ez_xjl8u_-5_.js:109:140147)
    at ck (https://vercel.com/_next/static/immutable/chunks/1ez_xjl8u_-5_.js:109:174862)
    at MessagePort.C (https://vercel.com/_next/static/immutable/chunks/1ez_xjl8u_-5_.js:109:235590) {attributes: Object} @ https://vercel.com/_next/static/immutable/chunks/2sl1aftc4weqx.js:8
[  818799ms] [ERROR] Error: Missing param(s) [id] in link to route "/[teamSlug]/[project]/[id]/source"
    at https://vercel.com/_next/static/immutable/chunks/3qi00qrpi2qml.js:2:2570
    at https://vercel.com/_next/static/immutable/chunks/3qi00qrpi2qml.js:2:5203
    at Object.oE [as useMemo] (https://vercel.com/_next/static/immutable/chunks/1ez_xjl8u_-5_.js:109:75491)
    at push.r.useMemo (https://vercel.com/_next/static/immutable/chunks/3yj28cgcsk539.js:2:22543)
    at https://vercel.com/_next/static/immutable/chunks/3qi00qrpi2qml.js:2:4527
    at c (https://vercel.com/_next/static/immutable/chunks/3oc81hqdy7vft.js:2:5164)
    at aj (https://vercel.com/_next/static/immutable/chunks/1ez_xjl8u_-5_.js:109:66413)
    at ic (https://vercel.com/_next/static/immutable/chunks/1ez_xjl8u_-5_.js:109:87432)
    at iL (https://vercel.com/_next/static/immutable/chunks/1ez_xjl8u_-5_.js:109:99301)
    at sZ (https://vercel.com/_next/static/immutable/chunks/1ez_xjl8u_-5_.js:109:145139)
    at https://vercel.com/_next/static/immutable/chunks/1ez_xjl8u_-5_.js:109:140046
    at sU (https://vercel.com/_next/static/immutable/chunks/1ez_xjl8u_-5_.js:109:140147)
    at ck (https://vercel.com/_next/static/immutable/chunks/1ez_xjl8u_-5_.js:109:174862)
    at MessagePort.C (https://vercel.com/_next/static/immutable/chunks/1ez_xjl8u_-5_.js:109:235590) {attributes: Object} @ https://vercel.com/_next/static/immutable/chunks/2sl1aftc4weqx.js:8
[  818800ms] [ERROR] Error: Missing param(s) [id] in link to route "/[teamSlug]/[project]/[id]/og"
    at https://vercel.com/_next/static/immutable/chunks/3qi00qrpi2qml.js:2:2570
    at https://vercel.com/_next/static/immutable/chunks/3qi00qrpi2qml.js:2:5203
    at Object.oE [as useMemo] (https://vercel.com/_next/static/immutable/chunks/1ez_xjl8u_-5_.js:109:75491)
    at push.r.useMemo (https://vercel.com/_next/static/immutable/chunks/3yj28cgcsk539.js:2:22543)
    at https://vercel.com/_next/static/immutable/chunks/3qi00qrpi2qml.js:2:4527
    at c (https://vercel.com/_next/static/immutable/chunks/3oc81hqdy7vft.js:2:5164)
    at aj (https://vercel.com/_next/static/immutable/chunks/1ez_xjl8u_-5_.js:109:66413)
    at ic (https://vercel.com/_next/static/immutable/chunks/1ez_xjl8u_-5_.js:109:87432)
    at iL (https://vercel.com/_next/static/immutable/chunks/1ez_xjl8u_-5_.js:109:99301)
    at sZ (https://vercel.com/_next/static/immutable/chunks/1ez_xjl8u_-5_.js:109:145139)
    at https://vercel.com/_next/static/immutable/chunks/1ez_xjl8u_-5_.js:109:140046
    at sU (https://vercel.com/_next/static/immutable/chunks/1ez_xjl8u_-5_.js:109:140147)
    at ck (https://vercel.com/_next/static/immutable/chunks/1ez_xjl8u_-5_.js:109:174862)
    at MessagePort.C (https://vercel.com/_next/static/immutable/chunks/1ez_xjl8u_-5_.js:109:235590) {attributes: Object} @ https://vercel.com/_next/static/immutable/chunks/2sl1aftc4weqx.js:8
[  819055ms] [ERROR] Error: Missing param(s) [id] in link to route "/[teamSlug]/[project]/[id]"
    at https://vercel.com/_next/static/immutable/chunks/3qi00qrpi2qml.js:2:2570
    at https://vercel.com/_next/static/immutable/chunks/3qi00qrpi2qml.js:2:5203
    at Object.oE [as useMemo] (https://vercel.com/_next/static/immutable/chunks/1ez_xjl8u_-5_.js:109:75491)
    at push.r.useMemo (https://vercel.com/_next/static/immutable/chunks/3yj28cgcsk539.js:2:22543)
    at https://vercel.com/_next/static/immutable/chunks/3qi00qrpi2qml.js:2:4527
    at c (https://vercel.com/_next/static/immutable/chunks/3oc81hqdy7vft.js:2:5164)
    at aj (https://vercel.com/_next/static/immutable/chunks/1ez_xjl8u_-5_.js:109:66413)
    at ic (https://vercel.com/_next/static/immutable/chunks/1ez_xjl8u_-5_.js:109:87432)
    at iL (https://vercel.com/_next/static/immutable/chunks/1ez_xjl8u_-5_.js:109:99301)
    at sZ (https://vercel.com/_next/static/immutable/chunks/1ez_xjl8u_-5_.js:109:145139)
    at https://vercel.com/_next/static/immutable/chunks/1ez_xjl8u_-5_.js:109:140046
    at sU (https://vercel.com/_next/static/immutable/chunks/1ez_xjl8u_-5_.js:109:140147)
    at ck (https://vercel.com/_next/static/immutable/chunks/1ez_xjl8u_-5_.js:109:174862)
    at MessagePort.C (https://vercel.com/_next/static/immutable/chunks/1ez_xjl8u_-5_.js:109:235590) {attributes: Object} @ https://vercel.com/_next/static/immutable/chunks/2sl1aftc4weqx.js:8
[  819055ms] [ERROR] Error: Missing param(s) [id] in link to route "/[teamSlug]/[project]/[id]/logs"
    at https://vercel.com/_next/static/immutable/chunks/3qi00qrpi2qml.js:2:2570
    at https://vercel.com/_next/static/immutable/chunks/3qi00qrpi2qml.js:2:5203
    at Object.oE [as useMemo] (https://vercel.com/_next/static/immutable/chunks/1ez_xjl8u_-5_.js:109:75491)
    at push.r.useMemo (https://vercel.com/_next/static/immutable/chunks/3yj28cgcsk539.js:2:22543)
    at https://vercel.com/_next/static/immutable/chunks/3qi00qrpi2qml.js:2:4527
    at c (https://vercel.com/_next/static/immutable/chunks/3oc81hqdy7vft.js:2:5164)
    at aj (https://vercel.com/_next/static/immutable/chunks/1ez_xjl8u_-5_.js:109:66413)
    at ic (https://vercel.com/_next/static/immutable/chunks/1ez_xjl8u_-5_.js:109:87432)
    at iL (https://vercel.com/_next/static/immutable/chunks/1ez_xjl8u_-5_.js:109:99301)
    at sZ (https://vercel.com/_next/static/immutable/chunks/1ez_xjl8u_-5_.js:109:145139)
    at https://vercel.com/_next/static/immutable/chunks/1ez_xjl8u_-5_.js:109:140046
    at sU (https://vercel.com/_next/static/immutable/chunks/1ez_xjl8u_-5_.js:109:140147)
    at ck (https://vercel.com/_next/static/immutable/chunks/1ez_xjl8u_-5_.js:109:174862)
    at MessagePort.C (https://vercel.com/_next/static/immutable/chunks/1ez_xjl8u_-5_.js:109:235590) {attributes: Object} @ https://vercel.com/_next/static/immutable/chunks/2sl1aftc4weqx.js:8
[  819056ms] [ERROR] Error: Missing param(s) [id] in link to route "/[teamSlug]/[project]/[id]/resources"
    at https://vercel.com/_next/static/immutable/chunks/3qi00qrpi2qml.js:2:2570
    at https://vercel.com/_next/static/immutable/chunks/3qi00qrpi2qml.js:2:5203
    at Object.oE [as useMemo] (https://vercel.com/_next/static/immutable/chunks/1ez_xjl8u_-5_.js:109:75491)
    at push.r.useMemo (https://vercel.com/_next/static/immutable/chunks/3yj28cgcsk539.js:2:22543)
    at https://vercel.com/_next/static/immutable/chunks/3qi00qrpi2qml.js:2:4527
    at c (https://vercel.com/_next/static/immutable/chunks/3oc81hqdy7vft.js:2:5164)
    at aj (https://vercel.com/_next/static/immutable/chunks/1ez_xjl8u_-5_.js:109:66413)
    at ic (https://vercel.com/_next/static/immutable/chunks/1ez_xjl8u_-5_.js:109:87432)
    at iL (https://vercel.com/_next/static/immutable/chunks/1ez_xjl8u_-5_.js:109:99301)
    at sZ (https://vercel.com/_next/static/immutable/chunks/1ez_xjl8u_-5_.js:109:145139)
    at https://vercel.com/_next/static/immutable/chunks/1ez_xjl8u_-5_.js:109:140046
    at sU (https://vercel.com/_next/static/immutable/chunks/1ez_xjl8u_-5_.js:109:140147)
    at ck (https://vercel.com/_next/static/immutable/chunks/1ez_xjl8u_-5_.js:109:174862)
    at MessagePort.C (https://vercel.com/_next/static/immutable/chunks/1ez_xjl8u_-5_.js:109:235590) {attributes: Object} @ https://vercel.com/_next/static/immutable/chunks/2sl1aftc4weqx.js:8
[  819057ms] [ERROR] Error: Missing param(s) [id] in link to route "/[teamSlug]/[project]/[id]/source"
    at https://vercel.com/_next/static/immutable/chunks/3qi00qrpi2qml.js:2:2570
    at https://vercel.com/_next/static/immutable/chunks/3qi00qrpi2qml.js:2:5203
    at Object.oE [as useMemo] (https://vercel.com/_next/static/immutable/chunks/1ez_xjl8u_-5_.js:109:75491)
    at push.r.useMemo (https://vercel.com/_next/static/immutable/chunks/3yj28cgcsk539.js:2:22543)
    at https://vercel.com/_next/static/immutable/chunks/3qi00qrpi2qml.js:2:4527
    at c (https://vercel.com/_next/static/immutable/chunks/3oc81hqdy7vft.js:2:5164)
    at aj (https://vercel.com/_next/static/immutable/chunks/1ez_xjl8u_-5_.js:109:66413)
    at ic (https://vercel.com/_next/static/immutable/chunks/1ez_xjl8u_-5_.js:109:87432)
    at iL (https://vercel.com/_next/static/immutable/chunks/1ez_xjl8u_-5_.js:109:99301)
    at sZ (https://vercel.com/_next/static/immutable/chunks/1ez_xjl8u_-5_.js:109:145139)
    at https://vercel.com/_next/static/immutable/chunks/1ez_xjl8u_-5_.js:109:140046
    at sU (https://vercel.com/_next/static/immutable/chunks/1ez_xjl8u_-5_.js:109:140147)
    at ck (https://vercel.com/_next/static/immutable/chunks/1ez_xjl8u_-5_.js:109:174862)
    at MessagePort.C (https://vercel.com/_next/static/immutable/chunks/1ez_xjl8u_-5_.js:109:235590) {attributes: Object} @ https://vercel.com/_next/static/immutable/chunks/2sl1aftc4weqx.js:8
[  819059ms] [ERROR] Error: Missing param(s) [id] in link to route "/[teamSlug]/[project]/[id]/og"
    at https://vercel.com/_next/static/immutable/chunks/3qi00qrpi2qml.js:2:2570
    at https://vercel.com/_next/static/immutable/chunks/3qi00qrpi2qml.js:2:5203
    at Object.oE [as useMemo] (https://vercel.com/_next/static/immutable/chunks/1ez_xjl8u_-5_.js:109:75491)
    at push.r.useMemo (https://vercel.com/_next/static/immutable/chunks/3yj28cgcsk539.js:2:22543)
    at https://vercel.com/_next/static/immutable/chunks/3qi00qrpi2qml.js:2:4527
    at c (https://vercel.com/_next/static/immutable/chunks/3oc81hqdy7vft.js:2:5164)
    at aj (https://vercel.com/_next/static/immutable/chunks/1ez_xjl8u_-5_.js:109:66413)
    at ic (https://vercel.com/_next/static/immutable/chunks/1ez_xjl8u_-5_.js:109:87432)
    at iL (https://vercel.com/_next/static/immutable/chunks/1ez_xjl8u_-5_.js:109:99301)
    at sZ (https://vercel.com/_next/static/immutable/chunks/1ez_xjl8u_-5_.js:109:145139)
    at https://vercel.com/_next/static/immutable/chunks/1ez_xjl8u_-5_.js:109:140046
    at sU (https://vercel.com/_next/static/immutable/chunks/1ez_xjl8u_-5_.js:109:140147)
    at ck (https://vercel.com/_next/static/immutable/chunks/1ez_xjl8u_-5_.js:109:174862)
    at MessagePort.C (https://vercel.com/_next/static/immutable/chunks/1ez_xjl8u_-5_.js:109:235590) {attributes: Object} @ https://vercel.com/_next/static/immutable/chunks/2sl1aftc4weqx.js:8
[  820749ms] [ERROR] Error: Missing param(s) [id] in link to route "/[teamSlug]/[project]/[id]"
    at https://vercel.com/_next/static/immutable/chunks/3qi00qrpi2qml.js:2:2570
    at https://vercel.com/_next/static/immutable/chunks/3qi00qrpi2qml.js:2:5203
    at Object.oE [as useMemo] (https://vercel.com/_next/static/immutable/chunks/1ez_xjl8u_-5_.js:109:75491)
    at push.r.useMemo (https://vercel.com/_next/static/immutable/chunks/3yj28cgcsk539.js:2:22543)
    at https://vercel.com/_next/static/immutable/chunks/3qi00qrpi2qml.js:2:4527
    at c (https://vercel.com/_next/static/immutable/chunks/3oc81hqdy7vft.js:2:5164)
    at aj (https://vercel.com/_next/static/immutable/chunks/1ez_xjl8u_-5_.js:109:66413)
    at ic (https://vercel.com/_next/static/immutable/chunks/1ez_xjl8u_-5_.js:109:87432)
    at iL (https://vercel.com/_next/static/immutable/chunks/1ez_xjl8u_-5_.js:109:99301)
    at sZ (https://vercel.com/_next/static/immutable/chunks/1ez_xjl8u_-5_.js:109:145139)
    at https://vercel.com/_next/static/immutable/chunks/1ez_xjl8u_-5_.js:109:140046
    at sU (https://vercel.com/_next/static/immutable/chunks/1ez_xjl8u_-5_.js:109:140147)
    at ck (https://vercel.com/_next/static/immutable/chunks/1ez_xjl8u_-5_.js:109:174862)
    at MessagePort.C (https://vercel.com/_next/static/immutable/chunks/1ez_xjl8u_-5_.js:109:235590) {attributes: Object} @ https://vercel.com/_next/static/immutable/chunks/2sl1aftc4weqx.js:8
[  820749ms] [ERROR] Error: Missing param(s) [id] in link to route "/[teamSlug]/[project]/[id]/logs"
    at https://vercel.com/_next/static/immutable/chunks/3qi00qrpi2qml.js:2:2570
    at https://vercel.com/_next/static/immutable/chunks/3qi00qrpi2qml.js:2:5203
    at Object.oE [as useMemo] (https://vercel.com/_next/static/immutable/chunks/1ez_xjl8u_-5_.js:109:75491)
    at push.r.useMemo (https://vercel.com/_next/static/immutable/chunks/3yj28cgcsk539.js:2:22543)
    at https://vercel.com/_next/static/immutable/chunks/3qi00qrpi2qml.js:2:4527
    at c (https://vercel.com/_next/static/immutable/chunks/3oc81hqdy7vft.js:2:5164)
    at aj (https://vercel.com/_next/static/immutable/chunks/1ez_xjl8u_-5_.js:109:66413)
    at ic (https://vercel.com/_next/static/immutable/chunks/1ez_xjl8u_-5_.js:109:87432)
    at iL (https://vercel.com/_next/static/immutable/chunks/1ez_xjl8u_-5_.js:109:99301)
    at sZ (https://vercel.com/_next/static/immutable/chunks/1ez_xjl8u_-5_.js:109:145139)
    at https://vercel.com/_next/static/immutable/chunks/1ez_xjl8u_-5_.js:109:140046
    at sU (https://vercel.com/_next/static/immutable/chunks/1ez_xjl8u_-5_.js:109:140147)
    at ck (https://vercel.com/_next/static/immutable/chunks/1ez_xjl8u_-5_.js:109:174862)
    at MessagePort.C (https://vercel.com/_next/static/immutable/chunks/1ez_xjl8u_-5_.js:109:235590) {attributes: Object} @ https://vercel.com/_next/static/immutable/chunks/2sl1aftc4weqx.js:8
[  820750ms] [ERROR] Error: Missing param(s) [id] in link to route "/[teamSlug]/[project]/[id]/resources"
    at https://vercel.com/_next/static/immutable/chunks/3qi00qrpi2qml.js:2:2570
    at https://vercel.com/_next/static/immutable/chunks/3qi00qrpi2qml.js:2:5203
    at Object.oE [as useMemo] (https://vercel.com/_next/static/immutable/chunks/1ez_xjl8u_-5_.js:109:75491)
    at push.r.useMemo (https://vercel.com/_next/static/immutable/chunks/3yj28cgcsk539.js:2:22543)
    at https://vercel.com/_next/static/immutable/chunks/3qi00qrpi2qml.js:2:4527
    at c (https://vercel.com/_next/static/immutable/chunks/3oc81hqdy7vft.js:2:5164)
    at aj (https://vercel.com/_next/static/immutable/chunks/1ez_xjl8u_-5_.js:109:66413)
    at ic (https://vercel.com/_next/static/immutable/chunks/1ez_xjl8u_-5_.js:109:87432)
    at iL (https://vercel.com/_next/static/immutable/chunks/1ez_xjl8u_-5_.js:109:99301)
    at sZ (https://vercel.com/_next/static/immutable/chunks/1ez_xjl8u_-5_.js:109:145139)
    at https://vercel.com/_next/static/immutable/chunks/1ez_xjl8u_-5_.js:109:140046
    at sU (https://vercel.com/_next/static/immutable/chunks/1ez_xjl8u_-5_.js:109:140147)
    at ck (https://vercel.com/_next/static/immutable/chunks/1ez_xjl8u_-5_.js:109:174862)
    at MessagePort.C (https://vercel.com/_next/static/immutable/chunks/1ez_xjl8u_-5_.js:109:235590) {attributes: Object} @ https://vercel.com/_next/static/immutable/chunks/2sl1aftc4weqx.js:8
[  820751ms] [ERROR] Error: Missing param(s) [id] in link to route "/[teamSlug]/[project]/[id]/source"
    at https://vercel.com/_next/static/immutable/chunks/3qi00qrpi2qml.js:2:2570
    at https://vercel.com/_next/static/immutable/chunks/3qi00qrpi2qml.js:2:5203
    at Object.oE [as useMemo] (https://vercel.com/_next/static/immutable/chunks/1ez_xjl8u_-5_.js:109:75491)
    at push.r.useMemo (https://vercel.com/_next/static/immutable/chunks/3yj28cgcsk539.js:2:22543)
    at https://vercel.com/_next/static/immutable/chunks/3qi00qrpi2qml.js:2:4527
    at c (https://vercel.com/_next/static/immutable/chunks/3oc81hqdy7vft.js:2:5164)
    at aj (https://vercel.com/_next/static/immutable/chunks/1ez_xjl8u_-5_.js:109:66413)
    at ic (https://vercel.com/_next/static/immutable/chunks/1ez_xjl8u_-5_.js:109:87432)
    at iL (https://vercel.com/_next/static/immutable/chunks/1ez_xjl8u_-5_.js:109:99301)
    at sZ (https://vercel.com/_next/static/immutable/chunks/1ez_xjl8u_-5_.js:109:145139)
    at https://vercel.com/_next/static/immutable/chunks/1ez_xjl8u_-5_.js:109:140046
    at sU (https://vercel.com/_next/static/immutable/chunks/1ez_xjl8u_-5_.js:109:140147)
    at ck (https://vercel.com/_next/static/immutable/chunks/1ez_xjl8u_-5_.js:109:174862)
    at MessagePort.C (https://vercel.com/_next/static/immutable/chunks/1ez_xjl8u_-5_.js:109:235590) {attributes: Object} @ https://vercel.com/_next/static/immutable/chunks/2sl1aftc4weqx.js:8
[  820752ms] [ERROR] Error: Missing param(s) [id] in link to route "/[teamSlug]/[project]/[id]/og"
    at https://vercel.com/_next/static/immutable/chunks/3qi00qrpi2qml.js:2:2570
    at https://vercel.com/_next/static/immutable/chunks/3qi00qrpi2qml.js:2:5203
    at Object.oE [as useMemo] (https://vercel.com/_next/static/immutable/chunks/1ez_xjl8u_-5_.js:109:75491)
    at push.r.useMemo (https://vercel.com/_next/static/immutable/chunks/3yj28cgcsk539.js:2:22543)
    at https://vercel.com/_next/static/immutable/chunks/3qi00qrpi2qml.js:2:4527
    at c (https://vercel.com/_next/static/immutable/chunks/3oc81hqdy7vft.js:2:5164)
    at aj (https://vercel.com/_next/static/immutable/chunks/1ez_xjl8u_-5_.js:109:66413)
    at ic (https://vercel.com/_next/static/immutable/chunks/1ez_xjl8u_-5_.js:109:87432)
    at iL (https://vercel.com/_next/static/immutable/chunks/1ez_xjl8u_-5_.js:109:99301)
    at sZ (https://vercel.com/_next/static/immutable/chunks/1ez_xjl8u_-5_.js:109:145139)
    at https://vercel.com/_next/static/immutable/chunks/1ez_xjl8u_-5_.js:109:140046
    at sU (https://vercel.com/_next/static/immutable/chunks/1ez_xjl8u_-5_.js:109:140147)
    at ck (https://vercel.com/_next/static/immutable/chunks/1ez_xjl8u_-5_.js:109:174862)
    at MessagePort.C (https://vercel.com/_next/static/immutable/chunks/1ez_xjl8u_-5_.js:109:235590) {attributes: Object} @ https://vercel.com/_next/static/immutable/chunks/2sl1aftc4weqx.js:8
[  820988ms] [ERROR] Error: Missing param(s) [id] in link to route "/[teamSlug]/[project]/[id]"
    at https://vercel.com/_next/static/immutable/chunks/3qi00qrpi2qml.js:2:2570
    at https://vercel.com/_next/static/immutable/chunks/3qi00qrpi2qml.js:2:5203
    at Object.oE [as useMemo] (https://vercel.com/_next/static/immutable/chunks/1ez_xjl8u_-5_.js:109:75491)
    at push.r.useMemo (https://vercel.com/_next/static/immutable/chunks/3yj28cgcsk539.js:2:22543)
    at https://vercel.com/_next/static/immutable/chunks/3qi00qrpi2qml.js:2:4527
    at c (https://vercel.com/_next/static/immutable/chunks/3oc81hqdy7vft.js:2:5164)
    at aj (https://vercel.com/_next/static/immutable/chunks/1ez_xjl8u_-5_.js:109:66413)
    at ic (https://vercel.com/_next/static/immutable/chunks/1ez_xjl8u_-5_.js:109:87432)
    at iL (https://vercel.com/_next/static/immutable/chunks/1ez_xjl8u_-5_.js:109:99301)
    at sZ (https://vercel.com/_next/static/immutable/chunks/1ez_xjl8u_-5_.js:109:145139)
    at https://vercel.com/_next/static/immutable/chunks/1ez_xjl8u_-5_.js:109:140046
    at sU (https://vercel.com/_next/static/immutable/chunks/1ez_xjl8u_-5_.js:109:140147)
    at ck (https://vercel.com/_next/static/immutable/chunks/1ez_xjl8u_-5_.js:109:174862)
    at MessagePort.C (https://vercel.com/_next/static/immutable/chunks/1ez_xjl8u_-5_.js:109:235590) {attributes: Object} @ https://vercel.com/_next/static/immutable/chunks/2sl1aftc4weqx.js:8
[  820990ms] [ERROR] Error: Missing param(s) [id] in link to route "/[teamSlug]/[project]/[id]/logs"
    at https://vercel.com/_next/static/immutable/chunks/3qi00qrpi2qml.js:2:2570
    at https://vercel.com/_next/static/immutable/chunks/3qi00qrpi2qml.js:2:5203
    at Object.oE [as useMemo] (https://vercel.com/_next/static/immutable/chunks/1ez_xjl8u_-5_.js:109:75491)
    at push.r.useMemo (https://vercel.com/_next/static/immutable/chunks/3yj28cgcsk539.js:2:22543)
    at https://vercel.com/_next/static/immutable/chunks/3qi00qrpi2qml.js:2:4527
    at c (https://vercel.com/_next/static/immutable/chunks/3oc81hqdy7vft.js:2:5164)
    at aj (https://vercel.com/_next/static/immutable/chunks/1ez_xjl8u_-5_.js:109:66413)
    at ic (https://vercel.com/_next/static/immutable/chunks/1ez_xjl8u_-5_.js:109:87432)
    at iL (https://vercel.com/_next/static/immutable/chunks/1ez_xjl8u_-5_.js:109:99301)
    at sZ (https://vercel.com/_next/static/immutable/chunks/1ez_xjl8u_-5_.js:109:145139)
    at https://vercel.com/_next/static/immutable/chunks/1ez_xjl8u_-5_.js:109:140046
    at sU (https://vercel.com/_next/static/immutable/chunks/1ez_xjl8u_-5_.js:109:140147)
    at ck (https://vercel.com/_next/static/immutable/chunks/1ez_xjl8u_-5_.js:109:174862)
    at MessagePort.C (https://vercel.com/_next/static/immutable/chunks/1ez_xjl8u_-5_.js:109:235590) {attributes: Object} @ https://vercel.com/_next/static/immutable/chunks/2sl1aftc4weqx.js:8
[  820992ms] [ERROR] Error: Missing param(s) [id] in link to route "/[teamSlug]/[project]/[id]/resources"
    at https://vercel.com/_next/static/immutable/chunks/3qi00qrpi2qml.js:2:2570
    at https://vercel.com/_next/static/immutable/chunks/3qi00qrpi2qml.js:2:5203
    at Object.oE [as useMemo] (https://vercel.com/_next/static/immutable/chunks/1ez_xjl8u_-5_.js:109:75491)
    at push.r.useMemo (https://vercel.com/_next/static/immutable/chunks/3yj28cgcsk539.js:2:22543)
    at https://vercel.com/_next/static/immutable/chunks/3qi00qrpi2qml.js:2:4527
    at c (https://vercel.com/_next/static/immutable/chunks/3oc81hqdy7vft.js:2:5164)
    at aj (https://vercel.com/_next/static/immutable/chunks/1ez_xjl8u_-5_.js:109:66413)
    at ic (https://vercel.com/_next/static/immutable/chunks/1ez_xjl8u_-5_.js:109:87432)
    at iL (https://vercel.com/_next/static/immutable/chunks/1ez_xjl8u_-5_.js:109:99301)
    at sZ (https://vercel.com/_next/static/immutable/chunks/1ez_xjl8u_-5_.js:109:145139)
    at https://vercel.com/_next/static/immutable/chunks/1ez_xjl8u_-5_.js:109:140046
    at sU (https://vercel.com/_next/static/immutable/chunks/1ez_xjl8u_-5_.js:109:140147)
    at ck (https://vercel.com/_next/static/immutable/chunks/1ez_xjl8u_-5_.js:109:174862)
    at MessagePort.C (https://vercel.com/_next/static/immutable/chunks/1ez_xjl8u_-5_.js:109:235590) {attributes: Object} @ https://vercel.com/_next/static/immutable/chunks/2sl1aftc4weqx.js:8
[  820993ms] [ERROR] Error: Missing param(s) [id] in link to route "/[teamSlug]/[project]/[id]/source"
    at https://vercel.com/_next/static/immutable/chunks/3qi00qrpi2qml.js:2:2570
    at https://vercel.com/_next/static/immutable/chunks/3qi00qrpi2qml.js:2:5203
    at Object.oE [as useMemo] (https://vercel.com/_next/static/immutable/chunks/1ez_xjl8u_-5_.js:109:75491)
    at push.r.useMemo (https://vercel.com/_next/static/immutable/chunks/3yj28cgcsk539.js:2:22543)
    at https://vercel.com/_next/static/immutable/chunks/3qi00qrpi2qml.js:2:4527
    at c (https://vercel.com/_next/static/immutable/chunks/3oc81hqdy7vft.js:2:5164)
    at aj (https://vercel.com/_next/static/immutable/chunks/1ez_xjl8u_-5_.js:109:66413)
    at ic (https://vercel.com/_next/static/immutable/chunks/1ez_xjl8u_-5_.js:109:87432)
    at iL (https://vercel.com/_next/static/immutable/chunks/1ez_xjl8u_-5_.js:109:99301)
    at sZ (https://vercel.com/_next/static/immutable/chunks/1ez_xjl8u_-5_.js:109:145139)
    at https://vercel.com/_next/static/immutable/chunks/1ez_xjl8u_-5_.js:109:140046
    at sU (https://vercel.com/_next/static/immutable/chunks/1ez_xjl8u_-5_.js:109:140147)
    at ck (https://vercel.com/_next/static/immutable/chunks/1ez_xjl8u_-5_.js:109:174862)
    at MessagePort.C (https://vercel.com/_next/static/immutable/chunks/1ez_xjl8u_-5_.js:109:235590) {attributes: Object} @ https://vercel.com/_next/static/immutable/chunks/2sl1aftc4weqx.js:8
[  820994ms] [ERROR] Error: Missing param(s) [id] in link to route "/[teamSlug]/[project]/[id]/og"
    at https://vercel.com/_next/static/immutable/chunks/3qi00qrpi2qml.js:2:2570
    at https://vercel.com/_next/static/immutable/chunks/3qi00qrpi2qml.js:2:5203
    at Object.oE [as useMemo] (https://vercel.com/_next/static/immutable/chunks/1ez_xjl8u_-5_.js:109:75491)
    at push.r.useMemo (https://vercel.com/_next/static/immutable/chunks/3yj28cgcsk539.js:2:22543)
    at https://vercel.com/_next/static/immutable/chunks/3qi00qrpi2qml.js:2:4527
    at c (https://vercel.com/_next/static/immutable/chunks/3oc81hqdy7vft.js:2:5164)
    at aj (https://vercel.com/_next/static/immutable/chunks/1ez_xjl8u_-5_.js:109:66413)
    at ic (https://vercel.com/_next/static/immutable/chunks/1ez_xjl8u_-5_.js:109:87432)
    at iL (https://vercel.com/_next/static/immutable/chunks/1ez_xjl8u_-5_.js:109:99301)
    at sZ (https://vercel.com/_next/static/immutable/chunks/1ez_xjl8u_-5_.js:109:145139)
    at https://vercel.com/_next/static/immutable/chunks/1ez_xjl8u_-5_.js:109:140046
    at sU (https://vercel.com/_next/static/immutable/chunks/1ez_xjl8u_-5_.js:109:140147)
    at ck (https://vercel.com/_next/static/immutable/chunks/1ez_xjl8u_-5_.js:109:174862)
    at MessagePort.C (https://vercel.com/_next/static/immutable/chunks/1ez_xjl8u_-5_.js:109:235590) {attributes: Object} @ https://vercel.com/_next/static/immutable/chunks/2sl1aftc4weqx.js:8
[  823145ms] [ERROR] Error: Missing param(s) [id] in link to route "/[teamSlug]/[project]/[id]"
    at https://vercel.com/_next/static/immutable/chunks/3qi00qrpi2qml.js:2:2570
    at https://vercel.com/_next/static/immutable/chunks/3qi00qrpi2qml.js:2:5203
    at Object.oE [as useMemo] (https://vercel.com/_next/static/immutable/chunks/1ez_xjl8u_-5_.js:109:75491)
    at push.r.useMemo (https://vercel.com/_next/static/immutable/chunks/3yj28cgcsk539.js:2:22543)
    at https://vercel.com/_next/static/immutable/chunks/3qi00qrpi2qml.js:2:4527
    at c (https://vercel.com/_next/static/immutable/chunks/3oc81hqdy7vft.js:2:5164)
    at aj (https://vercel.com/_next/static/immutable/chunks/1ez_xjl8u_-5_.js:109:66413)
    at ic (https://vercel.com/_next/static/immutable/chunks/1ez_xjl8u_-5_.js:109:87432)
    at iL (https://vercel.com/_next/static/immutable/chunks/1ez_xjl8u_-5_.js:109:99301)
    at sZ (https://vercel.com/_next/static/immutable/chunks/1ez_xjl8u_-5_.js:109:145139)
    at https://vercel.com/_next/static/immutable/chunks/1ez_xjl8u_-5_.js:109:140046
    at sU (https://vercel.com/_next/static/immutable/chunks/1ez_xjl8u_-5_.js:109:140147)
    at ck (https://vercel.com/_next/static/immutable/chunks/1ez_xjl8u_-5_.js:109:174862)
    at MessagePort.C (https://vercel.com/_next/static/immutable/chunks/1ez_xjl8u_-5_.js:109:235590) {attributes: Object} @ https://vercel.com/_next/static/immutable/chunks/2sl1aftc4weqx.js:8
[  823146ms] [ERROR] Error: Missing param(s) [id] in link to route "/[teamSlug]/[project]/[id]/logs"
    at https://vercel.com/_next/static/immutable/chunks/3qi00qrpi2qml.js:2:2570
    at https://vercel.com/_next/static/immutable/chunks/3qi00qrpi2qml.js:2:5203
    at Object.oE [as useMemo] (https://vercel.com/_next/static/immutable/chunks/1ez_xjl8u_-5_.js:109:75491)
    at push.r.useMemo (https://vercel.com/_next/static/immutable/chunks/3yj28cgcsk539.js:2:22543)
    at https://vercel.com/_next/static/immutable/chunks/3qi00qrpi2qml.js:2:4527
    at c (https://vercel.com/_next/static/immutable/chunks/3oc81hqdy7vft.js:2:5164)
    at aj (https://vercel.com/_next/static/immutable/chunks/1ez_xjl8u_-5_.js:109:66413)
    at ic (https://vercel.com/_next/static/immutable/chunks/1ez_xjl8u_-5_.js:109:87432)
    at iL (https://vercel.com/_next/static/immutable/chunks/1ez_xjl8u_-5_.js:109:99301)
    at sZ (https://vercel.com/_next/static/immutable/chunks/1ez_xjl8u_-5_.js:109:145139)
    at https://vercel.com/_next/static/immutable/chunks/1ez_xjl8u_-5_.js:109:140046
    at sU (https://vercel.com/_next/static/immutable/chunks/1ez_xjl8u_-5_.js:109:140147)
    at ck (https://vercel.com/_next/static/immutable/chunks/1ez_xjl8u_-5_.js:109:174862)
    at MessagePort.C (https://vercel.com/_next/static/immutable/chunks/1ez_xjl8u_-5_.js:109:235590) {attributes: Object} @ https://vercel.com/_next/static/immutable/chunks/2sl1aftc4weqx.js:8
[  823147ms] [ERROR] Error: Missing param(s) [id] in link to route "/[teamSlug]/[project]/[id]/resources"
    at https://vercel.com/_next/static/immutable/chunks/3qi00qrpi2qml.js:2:2570
    at https://vercel.com/_next/static/immutable/chunks/3qi00qrpi2qml.js:2:5203
    at Object.oE [as useMemo] (https://vercel.com/_next/static/immutable/chunks/1ez_xjl8u_-5_.js:109:75491)
    at push.r.useMemo (https://vercel.com/_next/static/immutable/chunks/3yj28cgcsk539.js:2:22543)
    at https://vercel.com/_next/static/immutable/chunks/3qi00qrpi2qml.js:2:4527
    at c (https://vercel.com/_next/static/immutable/chunks/3oc81hqdy7vft.js:2:5164)
    at aj (https://vercel.com/_next/static/immutable/chunks/1ez_xjl8u_-5_.js:109:66413)
    at ic (https://vercel.com/_next/static/immutable/chunks/1ez_xjl8u_-5_.js:109:87432)
    at iL (https://vercel.com/_next/static/immutable/chunks/1ez_xjl8u_-5_.js:109:99301)
    at sZ (https://vercel.com/_next/static/immutable/chunks/1ez_xjl8u_-5_.js:109:145139)
    at https://vercel.com/_next/static/immutable/chunks/1ez_xjl8u_-5_.js:109:140046
    at sU (https://vercel.com/_next/static/immutable/chunks/1ez_xjl8u_-5_.js:109:140147)
    at ck (https://vercel.com/_next/static/immutable/chunks/1ez_xjl8u_-5_.js:109:174862)
    at MessagePort.C (https://vercel.com/_next/static/immutable/chunks/1ez_xjl8u_-5_.js:109:235590) {attributes: Object} @ https://vercel.com/_next/static/immutable/chunks/2sl1aftc4weqx.js:8
[  823148ms] [ERROR] Error: Missing param(s) [id] in link to route "/[teamSlug]/[project]/[id]/source"
    at https://vercel.com/_next/static/immutable/chunks/3qi00qrpi2qml.js:2:2570
    at https://vercel.com/_next/static/immutable/chunks/3qi00qrpi2qml.js:2:5203
    at Object.oE [as useMemo] (https://vercel.com/_next/static/immutable/chunks/1ez_xjl8u_-5_.js:109:75491)
    at push.r.useMemo (https://vercel.com/_next/static/immutable/chunks/3yj28cgcsk539.js:2:22543)
    at https://vercel.com/_next/static/immutable/chunks/3qi00qrpi2qml.js:2:4527
    at c (https://vercel.com/_next/static/immutable/chunks/3oc81hqdy7vft.js:2:5164)
    at aj (https://vercel.com/_next/static/immutable/chunks/1ez_xjl8u_-5_.js:109:66413)
    at ic (https://vercel.com/_next/static/immutable/chunks/1ez_xjl8u_-5_.js:109:87432)
    at iL (https://vercel.com/_next/static/immutable/chunks/1ez_xjl8u_-5_.js:109:99301)
    at sZ (https://vercel.com/_next/static/immutable/chunks/1ez_xjl8u_-5_.js:109:145139)
    at https://vercel.com/_next/static/immutable/chunks/1ez_xjl8u_-5_.js:109:140046
    at sU (https://vercel.com/_next/static/immutable/chunks/1ez_xjl8u_-5_.js:109:140147)
    at ck (https://vercel.com/_next/static/immutable/chunks/1ez_xjl8u_-5_.js:109:174862)
    at MessagePort.C (https://vercel.com/_next/static/immutable/chunks/1ez_xjl8u_-5_.js:109:235590) {attributes: Object} @ https://vercel.com/_next/static/immutable/chunks/2sl1aftc4weqx.js:8
[  823149ms] [ERROR] Error: Missing param(s) [id] in link to route "/[teamSlug]/[project]/[id]/og"
    at https://vercel.com/_next/static/immutable/chunks/3qi00qrpi2qml.js:2:2570
    at https://vercel.com/_next/static/immutable/chunks/3qi00qrpi2qml.js:2:5203
    at Object.oE [as useMemo] (https://vercel.com/_next/static/immutable/chunks/1ez_xjl8u_-5_.js:109:75491)
    at push.r.useMemo (https://vercel.com/_next/static/immutable/chunks/3yj28cgcsk539.js:2:22543)
    at https://vercel.com/_next/static/immutable/chunks/3qi00qrpi2qml.js:2:4527
    at c (https://vercel.com/_next/static/immutable/chunks/3oc81hqdy7vft.js:2:5164)
    at aj (https://vercel.com/_next/static/immutable/chunks/1ez_xjl8u_-5_.js:109:66413)
    at ic (https://vercel.com/_next/static/immutable/chunks/1ez_xjl8u_-5_.js:109:87432)
    at iL (https://vercel.com/_next/static/immutable/chunks/1ez_xjl8u_-5_.js:109:99301)
    at sZ (https://vercel.com/_next/static/immutable/chunks/1ez_xjl8u_-5_.js:109:145139)
    at https://vercel.com/_next/static/immutable/chunks/1ez_xjl8u_-5_.js:109:140046
    at sU (https://vercel.com/_next/static/immutable/chunks/1ez_xjl8u_-5_.js:109:140147)
    at ck (https://vercel.com/_next/static/immutable/chunks/1ez_xjl8u_-5_.js:109:174862)
    at MessagePort.C (https://vercel.com/_next/static/immutable/chunks/1ez_xjl8u_-5_.js:109:235590) {attributes: Object} @ https://vercel.com/_next/static/immutable/chunks/2sl1aftc4weqx.js:8
[  826153ms] [WARNING] The resource https://vercel.com/_next/static/immutable/chunks/0kp85xj29hpdx.css was preloaded using link preload but not used within a few seconds from the window's load event. Please make sure it has an appropriate `as` value and it is preloaded intentionally. @ https://vercel.com/syaakiirrmfs-projects/traceo/logs?page=3:0
[  826154ms] [WARNING] The resource https://vercel.com/_next/static/immutable/chunks/3-8o8rgv2oz7a.css was preloaded using link preload but not used within a few seconds from the window's load event. Please make sure it has an appropriate `as` value and it is preloaded intentionally. @ https://vercel.com/syaakiirrmfs-projects/traceo/logs?page=3:0
[  826154ms] [WARNING] The resource https://vercel.com/_next/static/immutable/chunks/3x-498ddzryk9.css was preloaded using link preload but not used within a few seconds from the window's load event. Please make sure it has an appropriate `as` value and it is preloaded intentionally. @ https://vercel.com/syaakiirrmfs-projects/traceo/logs?page=3:0
[  826154ms] [WARNING] The resource https://vercel.com/_next/static/immutable/chunks/3flhcz7cw314y.css was preloaded using link preload but not used within a few seconds from the window's load event. Please make sure it has an appropriate `as` value and it is preloaded intentionally. @ https://vercel.com/syaakiirrmfs-projects/traceo/logs?page=3:0
[ 1342967ms] [WARNING] The resource https://vercel.com/_next/static/immutable/chunks/0kp85xj29hpdx.css was preloaded using link preload but not used within a few seconds from the window's load event. Please make sure it has an appropriate `as` value and it is preloaded intentionally. @ https://vercel.com/syaakiirrmfs-projects/traceo/logs?page=3:0
[ 1342968ms] [WARNING] The resource https://vercel.com/_next/static/immutable/chunks/3-8o8rgv2oz7a.css was preloaded using link preload but not used within a few seconds from the window's load event. Please make sure it has an appropriate `as` value and it is preloaded intentionally. @ https://vercel.com/syaakiirrmfs-projects/traceo/logs?page=3:0
[ 1342968ms] [WARNING] The resource https://vercel.com/_next/static/immutable/chunks/3x-498ddzryk9.css was preloaded using link preload but not used within a few seconds from the window's load event. Please make sure it has an appropriate `as` value and it is preloaded intentionally. @ https://vercel.com/syaakiirrmfs-projects/traceo/logs?page=3:0
[ 1342968ms] [WARNING] The resource https://vercel.com/_next/static/immutable/chunks/3flhcz7cw314y.css was preloaded using link preload but not used within a few seconds from the window's load event. Please make sure it has an appropriate `as` value and it is preloaded intentionally. @ https://vercel.com/syaakiirrmfs-projects/traceo/logs?page=3:0
[65065190ms] [WARNING] The resource https://vercel.com/_next/static/immutable/chunks/0kp85xj29hpdx.css was preloaded using link preload but not used within a few seconds from the window's load event. Please make sure it has an appropriate `as` value and it is preloaded intentionally. @ https://vercel.com/syaakiirrmfs-projects/traceo/logs?page=3:0
[65065197ms] [WARNING] The resource https://vercel.com/_next/static/immutable/chunks/3-8o8rgv2oz7a.css was preloaded using link preload but not used within a few seconds from the window's load event. Please make sure it has an appropriate `as` value and it is preloaded intentionally. @ https://vercel.com/syaakiirrmfs-projects/traceo/logs?page=3:0
[65065200ms] [WARNING] The resource https://vercel.com/_next/static/immutable/chunks/3x-498ddzryk9.css was preloaded using link preload but not used within a few seconds from the window's load event. Please make sure it has an appropriate `as` value and it is preloaded intentionally. @ https://vercel.com/syaakiirrmfs-projects/traceo/logs?page=3:0
[65065201ms] [WARNING] The resource https://vercel.com/_next/static/immutable/chunks/3flhcz7cw314y.css was preloaded using link preload but not used within a few seconds from the window's load event. Please make sure it has an appropriate `as` value and it is preloaded intentionally. @ https://vercel.com/syaakiirrmfs-projects/traceo/logs?page=3:0
